page,url,error,timestamp
6,https://www.fotocasa.es/es/comprar/viviendas/espana/todas-las-zonas/l/6,Failed to perform, curl: (56) Recv failure: Connection was reset. See https://curl.se/libcurl/c/libcurl-errors.html first for more details.,2026-01-21T04:18:43.852277
8,https://www.fotocasa.es/es/comprar/viviendas/espana/todas-las-zonas/l/8,Failed to perform, curl: (56) Recv failure: Connection was reset. See https://curl.se/libcurl/c/libcurl-errors.html first for more details.,2026-01-21T04:18:43.852277
3,https://www.fotocasa.es/es/comprar/viviendas/espana/todas-las-zonas/l/3,Failed to perform, curl: (56) Recv failure: Connection was reset. See https://curl.se/libcurl/c/libcurl-errors.html first for more details.,2026-01-21T04:18:43.853273
7,https://www.fotocasa.es/es/comprar/viviendas/espana/todas-las-zonas/l/7,Failed to perform, curl: (56) Recv failure: Connection was reset. See https://curl.se/libcurl/c/libcurl-errors.html first for more details.,2026-01-21T04:18:43.853273
1,https://www.fotocasa.es/es/comprar/viviendas/espana/todas-las-zonas/l,Failed to perform, curl: (56) Recv failure: Connection was reset. See https://curl.se/libcurl/c/libcurl-errors.html first for more details.,2026-01-21T04:18:43.864848
13,https://www.fotocasa.es/es/comprar/viviendas/espana/todas-las-zonas/l/13,Failed to perform, curl: (56) Recv failure: Connection was reset. See https://curl.se/libcurl/c/libcurl-errors.html first for more details.,2026-01-21T04:18:43.883930
14,https://www.fotocasa.es/es/comprar/viviendas/espana/todas-las-zonas/l/14,Failed to perform, curl: (56) Recv failure: Connection was reset. See https://curl.se/libcurl/c/libcurl-errors.html first for more details.,2026-01-21T04:18:43.884926
11,https://www.fotocasa.es/es/comprar/viviendas/espana/todas-las-zonas/l/11,Failed to perform, curl: (56) Recv failure: Connection was reset. See https://curl.se/libcurl/c/libcurl-errors.html first for more details.,2026-01-21T04:18:43.885436
17,https://www.fotocasa.es/es/comprar/viviendas/espana/todas-las-zonas/l/17,Failed to perform, curl: (56) Recv failure: Connection was reset. See https://curl.se/libcurl/c/libcurl-errors.html first for more details.,2026-01-21T04:18:43.912450
20,https://www.fotocasa.es/es/comprar/viviendas/espana/todas-las-zonas/l/20,Failed to perform, curl: (56) Recv failure: Connection was reset. See https://curl.se/libcurl/c/libcurl-errors.html first for more details.,2026-01-21T04:18:43.913456
18,https://www.fotocasa.es/es/comprar/viviendas/espana/todas-las-zonas/l/18,Failed to perform, curl: (56) Recv failure: Connection was reset. See https://curl.se/libcurl/c/libcurl-errors.html first for more details.,2026-01-21T04:18:43.913456
21,https://www.fotocasa.es/es/comprar/viviendas/espana/todas-las-zonas/l/21,Failed to perform, curl: (56) Recv failure: Connection was reset. See https://curl.se/libcurl/c/libcurl-errors.html first for more details.,2026-01-21T04:19:06.669694
23,https://www.fotocasa.es/es/comprar/viviendas/espana/todas-las-zonas/l/23,Failed to perform, curl: (56) Recv failure: Connection was reset. See https://curl.se/libcurl/c/libcurl-errors.html first for more details.,2026-01-21T04:19:06.784799
27,https://www.fotocasa.es/es/comprar/viviendas/espana/todas-las-zonas/l/27,Failed to perform, curl: (56) Recv failure: Connection was reset. See https://curl.se/libcurl/c/libcurl-errors.html first for more details.,2026-01-21T04:19:06.807874
32,https://www.fotocasa.es/es/comprar/viviendas/espana/todas-las-zonas/l/32,Failed to perform, curl: (56) Recv failure: Connection was reset. See https://curl.se/libcurl/c/libcurl-errors.html first for more details.,2026-01-21T04:19:06.827927
38,https://www.fotocasa.es/es/comprar/viviendas/espana/todas-las-zonas/l/38,Failed to perform, curl: (56) Recv failure: Connection was reset. See https://curl.se/libcurl/c/libcurl-errors.html first for more details.,2026-01-21T04:19:06.845437
34,https://www.fotocasa.es/es/comprar/viviendas/espana/todas-las-zonas/l/34,Failed to perform, curl: (56) Recv failure: Connection was reset. See https://curl.se/libcurl/c/libcurl-errors.html first for more details.,2026-01-21T04:19:06.846438
40,https://www.fotocasa.es/es/comprar/viviendas/espana/todas-las-zonas/l/40,Failed to perform, curl: (56) Recv failure: Connection was reset. See https://curl.se/libcurl/c/libcurl-errors.html first for more details.,2026-01-21T04:19:06.846438
37,https://www.fotocasa.es/es/comprar/viviendas/espana/todas-las-zonas/l/37,Failed to perform, curl: (56) Recv failure: Connection was reset. See https://curl.se/libcurl/c/libcurl-errors.html first for more details.,2026-01-21T04:19:06.864460
41,https://www.fotocasa.es/es/comprar/viviendas/espana/todas-las-zonas/l/41,Failed to perform, curl: (56) Recv failure: Connection was reset. See https://curl.se/libcurl/c/libcurl-errors.html first for more details.,2026-01-21T04:19:30.738297
45,https://www.fotocasa.es/es/comprar/viviendas/espana/todas-las-zonas/l/45,Failed to perform, curl: (56) Recv failure: Connection was reset. See https://curl.se/libcurl/c/libcurl-errors.html first for more details.,2026-01-21T04:19:31.064690
53,https://www.fotocasa.es/es/comprar/viviendas/espana/todas-las-zonas/l/53,Failed to perform, curl: (56) Recv failure: Connection was reset. See https://curl.se/libcurl/c/libcurl-errors.html first for more details.,2026-01-21T04:19:31.126087
55,https://www.fotocasa.es/es/comprar/viviendas/espana/todas-las-zonas/l/55,Failed to perform, curl: (56) Recv failure: Connection was reset. See https://curl.se/libcurl/c/libcurl-errors.html first for more details.,2026-01-21T04:19:31.247074
43,https://www.fotocasa.es/es/comprar/viviendas/espana/todas-las-zonas/l/43,Failed to perform, curl: (56) Recv failure: Connection was reset. See https://curl.se/libcurl/c/libcurl-errors.html first for more details.,2026-01-21T04:19:31.278336
46,https://www.fotocasa.es/es/comprar/viviendas/espana/todas-las-zonas/l/46,Failed to perform, curl: (56) Recv failure: Connection was reset. See https://curl.se/libcurl/c/libcurl-errors.html first for more details.,2026-01-21T04:19:31.386172
50,https://www.fotocasa.es/es/comprar/viviendas/espana/todas-las-zonas/l/50,Failed to perform, curl: (56) Recv failure: Connection was reset. See https://curl.se/libcurl/c/libcurl-errors.html first for more details.,2026-01-21T04:19:31.400707
54,https://www.fotocasa.es/es/comprar/viviendas/espana/todas-las-zonas/l/54,Failed to perform, curl: (56) Recv failure: Connection was reset. See https://curl.se/libcurl/c/libcurl-errors.html first for more details.,2026-01-21T04:19:31.404720
47,https://www.fotocasa.es/es/comprar/viviendas/espana/todas-las-zonas/l/47,Failed to perform, curl: (56) Recv failure: Connection was reset. See https://curl.se/libcurl/c/libcurl-errors.html first for more details.,2026-01-21T04:19:31.404720
57,https://www.fotocasa.es/es/comprar/viviendas/espana/todas-las-zonas/l/57,Failed to perform, curl: (56) Recv failure: Connection was reset. See https://curl.se/libcurl/c/libcurl-errors.html first for more details.,2026-01-21T04:19:31.595548
59,https://www.fotocasa.es/es/comprar/viviendas/espana/todas-las-zonas/l/59,Failed to perform, curl: (56) Recv failure: Connection was reset. See https://curl.se/libcurl/c/libcurl-errors.html first for more details.,2026-01-21T04:19:31.595548
60,https://www.fotocasa.es/es/comprar/viviendas/espana/todas-las-zonas/l/60,Failed to perform, curl: (56) Recv failure: Connection was reset. See https://curl.se/libcurl/c/libcurl-errors.html first for more details.,2026-01-21T04:19:31.812935
58,https://www.fotocasa.es/es/comprar/viviendas/espana/todas-las-zonas/l/58,Failed to perform, curl: (56) Recv failure: Connection was reset. See https://curl.se/libcurl/c/libcurl-errors.html first for more details.,2026-01-21T04:19:31.813940
69,https://www.fotocasa.es/es/comprar/viviendas/espana/todas-las-zonas/l/69,Failed to perform, curl: (56) Recv failure: Connection was reset. See https://curl.se/libcurl/c/libcurl-errors.html first for more details.,2026-01-21T04:19:55.558219
78,https://www.fotocasa.es/es/comprar/viviendas/espana/todas-las-zonas/l/78,Failed to perform, curl: (56) Recv failure: Connection was reset. See https://curl.se/libcurl/c/libcurl-errors.html first for more details.,2026-01-21T04:19:55.564728
73,https://www.fotocasa.es/es/comprar/viviendas/espana/todas-las-zonas/l/73,Failed to perform, curl: (56) Recv failure: Connection was reset. See https://curl.se/libcurl/c/libcurl-errors.html first for more details.,2026-01-21T04:19:55.564728
74,https://www.fotocasa.es/es/comprar/viviendas/espana/todas-las-zonas/l/74,Failed to perform, curl: (56) Recv failure: Connection was reset. See https://curl.se/libcurl/c/libcurl-errors.html first for more details.,2026-01-21T04:19:55.564728
80,https://www.fotocasa.es/es/comprar/viviendas/espana/todas-las-zonas/l/80,Failed to perform, curl: (56) Recv failure: Connection was reset. See https://curl.se/libcurl/c/libcurl-errors.html first for more details.,2026-01-21T04:19:55.564728
75,https://www.fotocasa.es/es/comprar/viviendas/espana/todas-las-zonas/l/75,Failed to perform, curl: (56) Recv failure: Connection was reset. See https://curl.se/libcurl/c/libcurl-errors.html first for more details.,2026-01-21T04:19:55.564728
72,https://www.fotocasa.es/es/comprar/viviendas/espana/todas-las-zonas/l/72,Failed to perform, curl: (56) Recv failure: Connection was reset. See https://curl.se/libcurl/c/libcurl-errors.html first for more details.,2026-01-21T04:19:55.564728
62,https://www.fotocasa.es/es/comprar/viviendas/espana/todas-las-zonas/l/62,Failed to perform, curl: (56) Recv failure: Connection was reset. See https://curl.se/libcurl/c/libcurl-errors.html first for more details.,2026-01-21T04:19:55.574266
65,https://www.fotocasa.es/es/comprar/viviendas/espana/todas-las-zonas/l/65,Failed to perform, curl: (56) Recv failure: Connection was reset. See https://curl.se/libcurl/c/libcurl-errors.html first for more details.,2026-01-21T04:19:55.586682
63,https://www.fotocasa.es/es/comprar/viviendas/espana/todas-las-zonas/l/63,Failed to perform, curl: (56) Recv failure: Connection was reset. See https://curl.se/libcurl/c/libcurl-errors.html first for more details.,2026-01-21T04:19:55.586760
81,https://www.fotocasa.es/es/comprar/viviendas/espana/todas-las-zonas/l/81,Failed to perform, curl: (56) Recv failure: Connection was reset. See https://curl.se/libcurl/c/libcurl-errors.html first for more details.,2026-01-21T04:20:21.665995
91,https://www.fotocasa.es/es/comprar/viviendas/espana/todas-las-zonas/l/91,Failed to perform, curl: (56) Recv failure: Connection was reset. See https://curl.se/libcurl/c/libcurl-errors.html first for more details.,2026-01-21T04:20:21.665995
99,https://www.fotocasa.es/es/comprar/viviendas/espana/todas-las-zonas/l/99,Failed to perform, curl: (56) Recv failure: Connection was reset. See https://curl.se/libcurl/c/libcurl-errors.html first for more details.,2026-01-21T04:20:21.665995
98,https://www.fotocasa.es/es/comprar/viviendas/espana/todas-las-zonas/l/98,Failed to perform, curl: (56) Recv failure: Connection was reset. See https://curl.se/libcurl/c/libcurl-errors.html first for more details.,2026-01-21T04:20:21.674502
93,https://www.fotocasa.es/es/comprar/viviendas/espana/todas-las-zonas/l/93,Failed to perform, curl: (56) Recv failure: Connection was reset. See https://curl.se/libcurl/c/libcurl-errors.html first for more details.,2026-01-21T04:20:21.674502
97,https://www.fotocasa.es/es/comprar/viviendas/espana/todas-las-zonas/l/97,Failed to perform, curl: (56) Recv failure: Connection was reset. See https://curl.se/libcurl/c/libcurl-errors.html first for more details.,2026-01-21T04:20:21.674502
96,https://www.fotocasa.es/es/comprar/viviendas/espana/todas-las-zonas/l/96,Failed to perform, curl: (56) Recv failure: Connection was reset. See https://curl.se/libcurl/c/libcurl-errors.html first for more details.,2026-01-21T04:20:21.674502
95,https://www.fotocasa.es/es/comprar/viviendas/espana/todas-las-zonas/l/95,Failed to perform, curl: (56) Recv failure: Connection was reset. See https://curl.se/libcurl/c/libcurl-errors.html first for more details.,2026-01-21T04:20:21.674502
86,https://www.fotocasa.es/es/comprar/viviendas/espana/todas-las-zonas/l/86,Failed to perform, curl: (56) Recv failure: Connection was reset. See https://curl.se/libcurl/c/libcurl-errors.html first for more details.,2026-01-21T04:20:21.674502
114,https://www.fotocasa.es/es/comprar/viviendas/espana/todas-las-zonas/l/114,Failed to perform, curl: (56) Recv failure: Connection was reset. See https://curl.se/libcurl/c/libcurl-errors.html first for more details.,2026-01-21T04:20:44.154669
107,https://www.fotocasa.es/es/comprar/viviendas/espana/todas-las-zonas/l/107,Failed to perform, curl: (56) Recv failure: Connection was reset. See https://curl.se/libcurl/c/libcurl-errors.html first for more details.,2026-01-21T04:20:44.154669
106,https://www.fotocasa.es/es/comprar/viviendas/espana/todas-las-zonas/l/106,Failed to perform, curl: (56) Recv failure: Connection was reset. See https://curl.se/libcurl/c/libcurl-errors.html first for more details.,2026-01-21T04:20:44.155689
116,https://www.fotocasa.es/es/comprar/viviendas/espana/todas-las-zonas/l/116,Failed to perform, curl: (56) Recv failure: Connection was reset. See https://curl.se/libcurl/c/libcurl-errors.html first for more details.,2026-01-21T04:20:44.169392
115,https://www.fotocasa.es/es/comprar/viviendas/espana/todas-las-zonas/l/115,Failed to perform, curl: (56) Recv failure: Connection was reset. See https://curl.se/libcurl/c/libcurl-errors.html first for more details.,2026-01-21T04:20:44.169392
120,https://www.fotocasa.es/es/comprar/viviendas/espana/todas-las-zonas/l/120,Failed to perform, curl: (56) Recv failure: Connection was reset. See https://curl.se/libcurl/c/libcurl-errors.html first for more details.,2026-01-21T04:20:44.200018
110,https://www.fotocasa.es/es/comprar/viviendas/espana/todas-las-zonas/l/110,Failed to perform, curl: (56) Recv failure: Connection was reset. See https://curl.se/libcurl/c/libcurl-errors.html first for more details.,2026-01-21T04:20:44.215541
111,https://www.fotocasa.es/es/comprar/viviendas/espana/todas-las-zonas/l/111,Failed to perform, curl: (56) Recv failure: Connection was reset. See https://curl.se/libcurl/c/libcurl-errors.html first for more details.,2026-01-21T04:20:44.216547
112,https://www.fotocasa.es/es/comprar/viviendas/espana/todas-las-zonas/l/112,Failed to perform, curl: (56) Recv failure: Connection was reset. See https://curl.se/libcurl/c/libcurl-errors.html first for more details.,2026-01-21T04:20:44.230754
123,https://www.fotocasa.es/es/comprar/viviendas/espana/todas-las-zonas/l/123,Failed to perform, curl: (56) Recv failure: Connection was reset. See https://curl.se/libcurl/c/libcurl-errors.html first for more details.,2026-01-21T04:21:06.626667
128,https://www.fotocasa.es/es/comprar/viviendas/espana/todas-las-zonas/l/128,Failed to perform, curl: (56) Recv failure: Connection was reset. See https://curl.se/libcurl/c/libcurl-errors.html first for more details.,2026-01-21T04:21:06.641804
125,https://www.fotocasa.es/es/comprar/viviendas/espana/todas-las-zonas/l/125,Failed to perform, curl: (56) Recv failure: Connection was reset. See https://curl.se/libcurl/c/libcurl-errors.html first for more details.,2026-01-21T04:21:06.644794
129,https://www.fotocasa.es/es/comprar/viviendas/espana/todas-las-zonas/l/129,Failed to perform, curl: (56) Recv failure: Connection was reset. See https://curl.se/libcurl/c/libcurl-errors.html first for more details.,2026-01-21T04:21:06.644794
137,https://www.fotocasa.es/es/comprar/viviendas/espana/todas-las-zonas/l/137,Failed to perform, curl: (56) Recv failure: Connection was reset. See https://curl.se/libcurl/c/libcurl-errors.html first for more details.,2026-01-21T04:21:06.656850
126,https://www.fotocasa.es/es/comprar/viviendas/espana/todas-las-zonas/l/126,Failed to perform, curl: (56) Recv failure: Connection was reset. See https://curl.se/libcurl/c/libcurl-errors.html first for more details.,2026-01-21T04:21:06.656850
136,https://www.fotocasa.es/es/comprar/viviendas/espana/todas-las-zonas/l/136,Failed to perform, curl: (56) Recv failure: Connection was reset. See https://curl.se/libcurl/c/libcurl-errors.html first for more details.,2026-01-21T04:21:06.672428
135,https://www.fotocasa.es/es/comprar/viviendas/espana/todas-las-zonas/l/135,Failed to perform, curl: (56) Recv failure: Connection was reset. See https://curl.se/libcurl/c/libcurl-errors.html first for more details.,2026-01-21T04:21:06.672428
140,https://www.fotocasa.es/es/comprar/viviendas/espana/todas-las-zonas/l/140,Failed to perform, curl: (56) Recv failure: Connection was reset. See https://curl.se/libcurl/c/libcurl-errors.html first for more details.,2026-01-21T04:21:06.673426
130,https://www.fotocasa.es/es/comprar/viviendas/espana/todas-las-zonas/l/130,Failed to perform, curl: (56) Recv failure: Connection was reset. See https://curl.se/libcurl/c/libcurl-errors.html first for more details.,2026-01-21T04:21:06.686624
138,https://www.fotocasa.es/es/comprar/viviendas/espana/todas-las-zonas/l/138,Failed to perform, curl: (56) Recv failure: Connection was reset. See https://curl.se/libcurl/c/libcurl-errors.html first for more details.,2026-01-21T04:21:06.700533
147,https://www.fotocasa.es/es/comprar/viviendas/espana/todas-las-zonas/l/147,Failed to perform, curl: (56) Recv failure: Connection was reset. See https://curl.se/libcurl/c/libcurl-errors.html first for more details.,2026-01-21T04:21:29.097625
151,https://www.fotocasa.es/es/comprar/viviendas/espana/todas-las-zonas/l/151,Failed to perform, curl: (56) Recv failure: Connection was reset. See https://curl.se/libcurl/c/libcurl-errors.html first for more details.,2026-01-21T04:21:29.112648
152,https://www.fotocasa.es/es/comprar/viviendas/espana/todas-las-zonas/l/152,Failed to perform, curl: (56) Recv failure: Connection was reset. See https://curl.se/libcurl/c/libcurl-errors.html first for more details.,2026-01-21T04:21:29.138928
154,https://www.fotocasa.es/es/comprar/viviendas/espana/todas-las-zonas/l/154,Failed to perform, curl: (56) Recv failure: Connection was reset. See https://curl.se/libcurl/c/libcurl-errors.html first for more details.,2026-01-21T04:21:29.155953
149,https://www.fotocasa.es/es/comprar/viviendas/espana/todas-las-zonas/l/149,Failed to perform, curl: (56) Recv failure: Connection was reset. See https://curl.se/libcurl/c/libcurl-errors.html first for more details.,2026-01-21T04:21:29.156958
156,https://www.fotocasa.es/es/comprar/viviendas/espana/todas-las-zonas/l/156,Failed to perform, curl: (56) Recv failure: Connection was reset. See https://curl.se/libcurl/c/libcurl-errors.html first for more details.,2026-01-21T04:21:29.156958
160,https://www.fotocasa.es/es/comprar/viviendas/espana/todas-las-zonas/l/160,Failed to perform, curl: (56) Recv failure: Connection was reset. See https://curl.se/libcurl/c/libcurl-errors.html first for more details.,2026-01-21T04:21:29.157955
159,https://www.fotocasa.es/es/comprar/viviendas/espana/todas-las-zonas/l/159,Failed to perform, curl: (56) Recv failure: Connection was reset. See https://curl.se/libcurl/c/libcurl-errors.html first for more details.,2026-01-21T04:21:29.157955
141,https://www.fotocasa.es/es/comprar/viviendas/espana/todas-las-zonas/l/141,Failed to perform, curl: (56) Recv failure: Connection was reset. See https://curl.se/libcurl/c/libcurl-errors.html first for more details.,2026-01-21T04:21:29.215013
157,https://www.fotocasa.es/es/comprar/viviendas/espana/todas-las-zonas/l/157,Failed to perform, curl: (56) Recv failure: Connection was reset. See https://curl.se/libcurl/c/libcurl-errors.html first for more details.,2026-01-21T04:21:29.215013
143,https://www.fotocasa.es/es/comprar/viviendas/espana/todas-las-zonas/l/143,Failed to perform, curl: (56) Recv failure: Connection was reset. See https://curl.se/libcurl/c/libcurl-errors.html first for more details.,2026-01-21T04:21:29.216017
144,https://www.fotocasa.es/es/comprar/viviendas/espana/todas-las-zonas/l/144,Failed to perform, curl: (56) Recv failure: Connection was reset. See https://curl.se/libcurl/c/libcurl-errors.html first for more details.,2026-01-21T04:21:29.216017
169,https://www.fotocasa.es/es/comprar/viviendas/espana/todas-las-zonas/l/169,Failed to perform, curl: (56) Recv failure: Connection was reset. See https://curl.se/libcurl/c/libcurl-errors.html first for more details.,2026-01-21T04:21:51.617139
164,https://www.fotocasa.es/es/comprar/viviendas/espana/todas-las-zonas/l/164,Failed to perform, curl: (56) Recv failure: Connection was reset. See https://curl.se/libcurl/c/libcurl-errors.html first for more details.,2026-01-21T04:21:51.649073
167,https://www.fotocasa.es/es/comprar/viviendas/espana/todas-las-zonas/l/167,Failed to perform, curl: (56) Recv failure: Connection was reset. See https://curl.se/libcurl/c/libcurl-errors.html first for more details.,2026-01-21T04:21:51.663096
170,https://www.fotocasa.es/es/comprar/viviendas/espana/todas-las-zonas/l/170,Failed to perform, curl: (56) Recv failure: Connection was reset. See https://curl.se/libcurl/c/libcurl-errors.html first for more details.,2026-01-21T04:21:51.698824
162,https://www.fotocasa.es/es/comprar/viviendas/espana/todas-las-zonas/l/162,Failed to perform, curl: (56) Recv failure: Connection was reset. See https://curl.se/libcurl/c/libcurl-errors.html first for more details.,2026-01-21T04:21:51.698824
171,https://www.fotocasa.es/es/comprar/viviendas/espana/todas-las-zonas/l/171,Failed to perform, curl: (56) Recv failure: Connection was reset. See https://curl.se/libcurl/c/libcurl-errors.html first for more details.,2026-01-21T04:21:51.711907
176,https://www.fotocasa.es/es/comprar/viviendas/espana/todas-las-zonas/l/176,Failed to perform, curl: (56) Recv failure: Connection was reset. See https://curl.se/libcurl/c/libcurl-errors.html first for more details.,2026-01-21T04:21:51.729290
175,https://www.fotocasa.es/es/comprar/viviendas/espana/todas-las-zonas/l/175,Failed to perform, curl: (56) Recv failure: Connection was reset. See https://curl.se/libcurl/c/libcurl-errors.html first for more details.,2026-01-21T04:21:51.729290
177,https://www.fotocasa.es/es/comprar/viviendas/espana/todas-las-zonas/l/177,Failed to perform, curl: (56) Recv failure: Connection was reset. See https://curl.se/libcurl/c/libcurl-errors.html first for more details.,2026-01-21T04:21:51.742368
165,https://www.fotocasa.es/es/comprar/viviendas/espana/todas-las-zonas/l/165,Failed to perform, curl: (56) Recv failure: Connection was reset. See https://curl.se/libcurl/c/libcurl-errors.html first for more details.,2026-01-21T04:21:51.742368
178,https://www.fotocasa.es/es/comprar/viviendas/espana/todas-las-zonas/l/178,Failed to perform, curl: (56) Recv failure: Connection was reset. See https://curl.se/libcurl/c/libcurl-errors.html first for more details.,2026-01-21T04:21:51.757538
182,https://www.fotocasa.es/es/comprar/viviendas/espana/todas-las-zonas/l/182,Failed to perform, curl: (56) Recv failure: Connection was reset. See https://curl.se/libcurl/c/libcurl-errors.html first for more details.,2026-01-21T04:22:14.162505
188,https://www.fotocasa.es/es/comprar/viviendas/espana/todas-las-zonas/l/188,Failed to perform, curl: (56) Recv failure: Connection was reset. See https://curl.se/libcurl/c/libcurl-errors.html first for more details.,2026-01-21T04:22:14.163501
185,https://www.fotocasa.es/es/comprar/viviendas/espana/todas-las-zonas/l/185,Failed to perform, curl: (56) Recv failure: Connection was reset. See https://curl.se/libcurl/c/libcurl-errors.html first for more details.,2026-01-21T04:22:14.176981
191,https://www.fotocasa.es/es/comprar/viviendas/espana/todas-las-zonas/l/191,Failed to perform, curl: (56) Recv failure: Connection was reset. See https://curl.se/libcurl/c/libcurl-errors.html first for more details.,2026-01-21T04:22:14.210055
199,https://www.fotocasa.es/es/comprar/viviendas/espana/todas-las-zonas/l/199,Failed to perform, curl: (56) Recv failure: Connection was reset. See https://curl.se/libcurl/c/libcurl-errors.html first for more details.,2026-01-21T04:22:14.211366
195,https://www.fotocasa.es/es/comprar/viviendas/espana/todas-las-zonas/l/195,Failed to perform, curl: (56) Recv failure: Connection was reset. See https://curl.se/libcurl/c/libcurl-errors.html first for more details.,2026-01-21T04:22:14.211366
193,https://www.fotocasa.es/es/comprar/viviendas/espana/todas-las-zonas/l/193,Failed to perform, curl: (56) Recv failure: Connection was reset. See https://curl.se/libcurl/c/libcurl-errors.html first for more details.,2026-01-21T04:22:14.212367
194,https://www.fotocasa.es/es/comprar/viviendas/espana/todas-las-zonas/l/194,Failed to perform, curl: (56) Recv failure: Connection was reset. See https://curl.se/libcurl/c/libcurl-errors.html first for more details.,2026-01-21T04:22:14.213364
198,https://www.fotocasa.es/es/comprar/viviendas/espana/todas-las-zonas/l/198,Failed to perform, curl: (56) Recv failure: Connection was reset. See https://curl.se/libcurl/c/libcurl-errors.html first for more details.,2026-01-21T04:22:14.224698
196,https://www.fotocasa.es/es/comprar/viviendas/espana/todas-las-zonas/l/196,Failed to perform, curl: (56) Recv failure: Connection was reset. See https://curl.se/libcurl/c/libcurl-errors.html first for more details.,2026-01-21T04:22:14.224698
192,https://www.fotocasa.es/es/comprar/viviendas/espana/todas-las-zonas/l/192,Failed to perform, curl: (56) Recv failure: Connection was reset. See https://curl.se/libcurl/c/libcurl-errors.html first for more details.,2026-01-21T04:22:14.224698
206,https://www.fotocasa.es/es/comprar/viviendas/espana/todas-las-zonas/l/206,Failed to perform, curl: (56) Recv failure: Connection was reset. See https://curl.se/libcurl/c/libcurl-errors.html first for more details.,2026-01-21T04:22:36.647632
201,https://www.fotocasa.es/es/comprar/viviendas/espana/todas-las-zonas/l/201,Failed to perform, curl: (56) Recv failure: Connection was reset. See https://curl.se/libcurl/c/libcurl-errors.html first for more details.,2026-01-21T04:22:36.648631
204,https://www.fotocasa.es/es/comprar/viviendas/espana/todas-las-zonas/l/204,Failed to perform, curl: (56) Recv failure: Connection was reset. See https://curl.se/libcurl/c/libcurl-errors.html first for more details.,2026-01-21T04:22:36.649581
202,https://www.fotocasa.es/es/comprar/viviendas/espana/todas-las-zonas/l/202,Failed to perform, curl: (56) Recv failure: Connection was reset. See https://curl.se/libcurl/c/libcurl-errors.html first for more details.,2026-01-21T04:22:36.649581
203,https://www.fotocasa.es/es/comprar/viviendas/espana/todas-las-zonas/l/203,Failed to perform, curl: (56) Recv failure: Connection was reset. See https://curl.se/libcurl/c/libcurl-errors.html first for more details.,2026-01-21T04:22:36.649581
210,https://www.fotocasa.es/es/comprar/viviendas/espana/todas-las-zonas/l/210,Failed to perform, curl: (56) Recv failure: Connection was reset. See https://curl.se/libcurl/c/libcurl-errors.html first for more details.,2026-01-21T04:22:36.708968
225,https://www.fotocasa.es/es/comprar/viviendas/espana/todas-las-zonas/l/225,Failed to perform, curl: (56) Recv failure: Connection was reset. See https://curl.se/libcurl/c/libcurl-errors.html first for more details.,2026-01-21T04:22:59.102240
224,https://www.fotocasa.es/es/comprar/viviendas/espana/todas-las-zonas/l/224,Failed to perform, curl: (56) Recv failure: Connection was reset. See https://curl.se/libcurl/c/libcurl-errors.html first for more details.,2026-01-21T04:22:59.103242
226,https://www.fotocasa.es/es/comprar/viviendas/espana/todas-las-zonas/l/226,Failed to perform, curl: (56) Recv failure: Connection was reset. See https://curl.se/libcurl/c/libcurl-errors.html first for more details.,2026-01-21T04:22:59.103242
223,https://www.fotocasa.es/es/comprar/viviendas/espana/todas-las-zonas/l/223,Failed to perform, curl: (56) Recv failure: Connection was reset. See https://curl.se/libcurl/c/libcurl-errors.html first for more details.,2026-01-21T04:22:59.118509
221,https://www.fotocasa.es/es/comprar/viviendas/espana/todas-las-zonas/l/221,Failed to perform, curl: (56) Recv failure: Connection was reset. See https://curl.se/libcurl/c/libcurl-errors.html first for more details.,2026-01-21T04:22:59.118509
229,https://www.fotocasa.es/es/comprar/viviendas/espana/todas-las-zonas/l/229,Failed to perform, curl: (56) Recv failure: Connection was reset. See https://curl.se/libcurl/c/libcurl-errors.html first for more details.,2026-01-21T04:22:59.146458
238,https://www.fotocasa.es/es/comprar/viviendas/espana/todas-las-zonas/l/238,Failed to perform, curl: (56) Recv failure: Connection was reset. See https://curl.se/libcurl/c/libcurl-errors.html first for more details.,2026-01-21T04:22:59.162891
235,https://www.fotocasa.es/es/comprar/viviendas/espana/todas-las-zonas/l/235,Failed to perform, curl: (56) Recv failure: Connection was reset. See https://curl.se/libcurl/c/libcurl-errors.html first for more details.,2026-01-21T04:22:59.164402
228,https://www.fotocasa.es/es/comprar/viviendas/espana/todas-las-zonas/l/228,Failed to perform, curl: (56) Recv failure: Connection was reset. See https://curl.se/libcurl/c/libcurl-errors.html first for more details.,2026-01-21T04:22:59.164402
231,https://www.fotocasa.es/es/comprar/viviendas/espana/todas-las-zonas/l/231,Failed to perform, curl: (56) Recv failure: Connection was reset. See https://curl.se/libcurl/c/libcurl-errors.html first for more details.,2026-01-21T04:22:59.164402
240,https://www.fotocasa.es/es/comprar/viviendas/espana/todas-las-zonas/l/240,Failed to perform, curl: (56) Recv failure: Connection was reset. See https://curl.se/libcurl/c/libcurl-errors.html first for more details.,2026-01-21T04:22:59.178550
237,https://www.fotocasa.es/es/comprar/viviendas/espana/todas-las-zonas/l/237,Failed to perform, curl: (56) Recv failure: Connection was reset. See https://curl.se/libcurl/c/libcurl-errors.html first for more details.,2026-01-21T04:22:59.178550
236,https://www.fotocasa.es/es/comprar/viviendas/espana/todas-las-zonas/l/236,Failed to perform, curl: (56) Recv failure: Connection was reset. See https://curl.se/libcurl/c/libcurl-errors.html first for more details.,2026-01-21T04:22:59.191314
241,https://www.fotocasa.es/es/comprar/viviendas/espana/todas-las-zonas/l/241,Failed to perform, curl: (56) Recv failure: Connection was reset. See https://curl.se/libcurl/c/libcurl-errors.html first for more details.,2026-01-21T04:23:26.005448
248,https://www.fotocasa.es/es/comprar/viviendas/espana/todas-las-zonas/l/248,Failed to perform, curl: (56) Recv failure: Connection was reset. See https://curl.se/libcurl/c/libcurl-errors.html first for more details.,2026-01-21T04:23:26.333018
243,https://www.fotocasa.es/es/comprar/viviendas/espana/todas-las-zonas/l/243,Failed to perform, curl: (56) Recv failure: Connection was reset. See https://curl.se/libcurl/c/libcurl-errors.html first for more details.,2026-01-21T04:23:26.333018
245,https://www.fotocasa.es/es/comprar/viviendas/espana/todas-las-zonas/l/245,Failed to perform, curl: (56) Recv failure: Connection was reset. See https://curl.se/libcurl/c/libcurl-errors.html first for more details.,2026-01-21T04:23:26.410125
256,https://www.fotocasa.es/es/comprar/viviendas/espana/todas-las-zonas/l/256,Failed to perform, curl: (56) Recv failure: Connection was reset. See https://curl.se/libcurl/c/libcurl-errors.html first for more details.,2026-01-21T04:23:26.473005
251,https://www.fotocasa.es/es/comprar/viviendas/espana/todas-las-zonas/l/251,Failed to perform, curl: (56) Recv failure: Connection was reset. See https://curl.se/libcurl/c/libcurl-errors.html first for more details.,2026-01-21T04:23:26.610324
247,https://www.fotocasa.es/es/comprar/viviendas/espana/todas-las-zonas/l/247,Failed to perform, curl: (56) Recv failure: Connection was reset. See https://curl.se/libcurl/c/libcurl-errors.html first for more details.,2026-01-21T04:23:26.610324
258,https://www.fotocasa.es/es/comprar/viviendas/espana/todas-las-zonas/l/258,Failed to perform, curl: (56) Recv failure: Connection was reset. See https://curl.se/libcurl/c/libcurl-errors.html first for more details.,2026-01-21T04:23:26.925271
254,https://www.fotocasa.es/es/comprar/viviendas/espana/todas-las-zonas/l/254,Failed to perform, curl: (56) Recv failure: Connection was reset. See https://curl.se/libcurl/c/libcurl-errors.html first for more details.,2026-01-21T04:23:27.304210
252,https://www.fotocasa.es/es/comprar/viviendas/espana/todas-las-zonas/l/252,Failed to perform, curl: (56) Recv failure: Connection was reset. See https://curl.se/libcurl/c/libcurl-errors.html first for more details.,2026-01-21T04:23:27.559321
262,https://www.fotocasa.es/es/comprar/viviendas/espana/todas-las-zonas/l/262,Failed to perform, curl: (56) Recv failure: Connection was reset. See https://curl.se/libcurl/c/libcurl-errors.html first for more details.,2026-01-21T04:23:49.955674
275,https://www.fotocasa.es/es/comprar/viviendas/espana/todas-las-zonas/l/275,Failed to perform, curl: (56) Recv failure: Connection was reset. See https://curl.se/libcurl/c/libcurl-errors.html first for more details.,2026-01-21T04:23:50.003130
272,https://www.fotocasa.es/es/comprar/viviendas/espana/todas-las-zonas/l/272,Failed to perform, curl: (56) Recv failure: Connection was reset. See https://curl.se/libcurl/c/libcurl-errors.html first for more details.,2026-01-21T04:23:50.003130
270,https://www.fotocasa.es/es/comprar/viviendas/espana/todas-las-zonas/l/270,Failed to perform, curl: (56) Recv failure: Connection was reset. See https://curl.se/libcurl/c/libcurl-errors.html first for more details.,2026-01-21T04:23:50.032814
271,https://www.fotocasa.es/es/comprar/viviendas/espana/todas-las-zonas/l/271,Failed to perform, curl: (56) Recv failure: Connection was reset. See https://curl.se/libcurl/c/libcurl-errors.html first for more details.,2026-01-21T04:23:50.048192
267,https://www.fotocasa.es/es/comprar/viviendas/espana/todas-las-zonas/l/267,Failed to perform, curl: (56) Recv failure: Connection was reset. See https://curl.se/libcurl/c/libcurl-errors.html first for more details.,2026-01-21T04:23:50.064749
273,https://www.fotocasa.es/es/comprar/viviendas/espana/todas-las-zonas/l/273,Failed to perform, curl: (56) Recv failure: Connection was reset. See https://curl.se/libcurl/c/libcurl-errors.html first for more details.,2026-01-21T04:23:50.140842
280,https://www.fotocasa.es/es/comprar/viviendas/espana/todas-las-zonas/l/280,Failed to perform, curl: (56) Recv failure: Connection was reset. See https://curl.se/libcurl/c/libcurl-errors.html first for more details.,2026-01-21T04:23:51.010235
268,https://www.fotocasa.es/es/comprar/viviendas/espana/todas-las-zonas/l/268,Failed to perform, curl: (56) Recv failure: Connection was reset. See https://curl.se/libcurl/c/libcurl-errors.html first for more details.,2026-01-21T04:23:58.646482
276,https://www.fotocasa.es/es/comprar/viviendas/espana/todas-las-zonas/l/276,Failed to perform, curl: (28) Connection timed out after 30002 milliseconds. See https://curl.se/libcurl/c/libcurl-errors.html first for more details.,2026-01-21T04:24:00.627148
282,https://www.fotocasa.es/es/comprar/viviendas/espana/todas-las-zonas/l/282,Failed to perform, curl: (56) Recv failure: Connection was reset. See https://curl.se/libcurl/c/libcurl-errors.html first for more details.,2026-01-21T04:24:22.996318
283,https://www.fotocasa.es/es/comprar/viviendas/espana/todas-las-zonas/l/283,Failed to perform, curl: (56) Recv failure: Connection was reset. See https://curl.se/libcurl/c/libcurl-errors.html first for more details.,2026-01-21T04:24:23.012609
284,https://www.fotocasa.es/es/comprar/viviendas/espana/todas-las-zonas/l/284,Failed to perform, curl: (56) Recv failure: Connection was reset. See https://curl.se/libcurl/c/libcurl-errors.html first for more details.,2026-01-21T04:24:23.012609
281,https://www.fotocasa.es/es/comprar/viviendas/espana/todas-las-zonas/l/281,Failed to perform, curl: (56) Recv failure: Connection was reset. See https://curl.se/libcurl/c/libcurl-errors.html first for more details.,2026-01-21T04:24:23.027762
285,https://www.fotocasa.es/es/comprar/viviendas/espana/todas-las-zonas/l/285,Failed to perform, curl: (56) Recv failure: Connection was reset. See https://curl.se/libcurl/c/libcurl-errors.html first for more details.,2026-01-21T04:24:23.027762
292,https://www.fotocasa.es/es/comprar/viviendas/espana/todas-las-zonas/l/292,Failed to perform, curl: (56) Recv failure: Connection was reset. See https://curl.se/libcurl/c/libcurl-errors.html first for more details.,2026-01-21T04:24:23.028758
286,https://www.fotocasa.es/es/comprar/viviendas/espana/todas-las-zonas/l/286,Failed to perform, curl: (56) Recv failure: Connection was reset. See https://curl.se/libcurl/c/libcurl-errors.html first for more details.,2026-01-21T04:24:23.028758
299,https://www.fotocasa.es/es/comprar/viviendas/espana/todas-las-zonas/l/299,Failed to perform, curl: (56) Recv failure: Connection was reset. See https://curl.se/libcurl/c/libcurl-errors.html first for more details.,2026-01-21T04:24:23.042821
290,https://www.fotocasa.es/es/comprar/viviendas/espana/todas-las-zonas/l/290,Failed to perform, curl: (56) Recv failure: Connection was reset. See https://curl.se/libcurl/c/libcurl-errors.html first for more details.,2026-01-21T04:24:23.042821
297,https://www.fotocasa.es/es/comprar/viviendas/espana/todas-las-zonas/l/297,Failed to perform, curl: (56) Recv failure: Connection was reset. See https://curl.se/libcurl/c/libcurl-errors.html first for more details.,2026-01-21T04:24:23.042821
300,https://www.fotocasa.es/es/comprar/viviendas/espana/todas-las-zonas/l/300,Failed to perform, curl: (56) Recv failure: Connection was reset. See https://curl.se/libcurl/c/libcurl-errors.html first for more details.,2026-01-21T04:24:23.044333
305,https://www.fotocasa.es/es/comprar/viviendas/espana/todas-las-zonas/l/305,Failed to perform, curl: (56) Recv failure: Connection was reset. See https://curl.se/libcurl/c/libcurl-errors.html first for more details.,2026-01-21T04:24:45.459582
309,https://www.fotocasa.es/es/comprar/viviendas/espana/todas-las-zonas/l/309,Failed to perform, curl: (56) Recv failure: Connection was reset. See https://curl.se/libcurl/c/libcurl-errors.html first for more details.,2026-01-21T04:24:45.476617
304,https://www.fotocasa.es/es/comprar/viviendas/espana/todas-las-zonas/l/304,Failed to perform, curl: (56) Recv failure: Connection was reset. See https://curl.se/libcurl/c/libcurl-errors.html first for more details.,2026-01-21T04:24:45.476617
301,https://www.fotocasa.es/es/comprar/viviendas/espana/todas-las-zonas/l/301,Failed to perform, curl: (56) Recv failure: Connection was reset. See https://curl.se/libcurl/c/libcurl-errors.html first for more details.,2026-01-21T04:24:45.476617
310,https://www.fotocasa.es/es/comprar/viviendas/espana/todas-las-zonas/l/310,Failed to perform, curl: (56) Recv failure: Connection was reset. See https://curl.se/libcurl/c/libcurl-errors.html first for more details.,2026-01-21T04:24:45.476617
308,https://www.fotocasa.es/es/comprar/viviendas/espana/todas-las-zonas/l/308,Failed to perform, curl: (56) Recv failure: Connection was reset. See https://curl.se/libcurl/c/libcurl-errors.html first for more details.,2026-01-21T04:24:45.490719
314,https://www.fotocasa.es/es/comprar/viviendas/espana/todas-las-zonas/l/314,Failed to perform, curl: (56) Recv failure: Connection was reset. See https://curl.se/libcurl/c/libcurl-errors.html first for more details.,2026-01-21T04:24:45.490719
320,https://www.fotocasa.es/es/comprar/viviendas/espana/todas-las-zonas/l/320,Failed to perform, curl: (56) Recv failure: Connection was reset. See https://curl.se/libcurl/c/libcurl-errors.html first for more details.,2026-01-21T04:24:45.522661
317,https://www.fotocasa.es/es/comprar/viviendas/espana/todas-las-zonas/l/317,Failed to perform, curl: (56) Recv failure: Connection was reset. See https://curl.se/libcurl/c/libcurl-errors.html first for more details.,2026-01-21T04:24:45.522661
321,https://www.fotocasa.es/es/comprar/viviendas/espana/todas-las-zonas/l/321,Failed to perform, curl: (28) Connection timed out after 30001 milliseconds. See https://curl.se/libcurl/c/libcurl-errors.html first for more details.,2026-01-21T04:25:18.535642
327,https://www.fotocasa.es/es/comprar/viviendas/espana/todas-las-zonas/l/327,Failed to perform, curl: (28) Connection timed out after 30004 milliseconds. See https://curl.se/libcurl/c/libcurl-errors.html first for more details.,2026-01-21T04:25:18.551418
325,https://www.fotocasa.es/es/comprar/viviendas/espana/todas-las-zonas/l/325,Failed to perform, curl: (28) Connection timed out after 30010 milliseconds. See https://curl.se/libcurl/c/libcurl-errors.html first for more details.,2026-01-21T04:25:18.551418
334,https://www.fotocasa.es/es/comprar/viviendas/espana/todas-las-zonas/l/334,Failed to perform, curl: (28) Connection timed out after 30003 milliseconds. See https://curl.se/libcurl/c/libcurl-errors.html first for more details.,2026-01-21T04:25:18.567374
330,https://www.fotocasa.es/es/comprar/viviendas/espana/todas-las-zonas/l/330,Failed to perform, curl: (28) Connection timed out after 30012 milliseconds. See https://curl.se/libcurl/c/libcurl-errors.html first for more details.,2026-01-21T04:25:18.567374
336,https://www.fotocasa.es/es/comprar/viviendas/espana/todas-las-zonas/l/336,Failed to perform, curl: (28) Connection timed out after 30003 milliseconds. See https://curl.se/libcurl/c/libcurl-errors.html first for more details.,2026-01-21T04:25:18.580536
339,https://www.fotocasa.es/es/comprar/viviendas/espana/todas-las-zonas/l/339,Failed to perform, curl: (28) Connection timed out after 30016 milliseconds. See https://curl.se/libcurl/c/libcurl-errors.html first for more details.,2026-01-21T04:25:18.610711
343,https://www.fotocasa.es/es/comprar/viviendas/espana/todas-las-zonas/l/343,Failed to perform, curl: (56) Recv failure: Connection was reset. See https://curl.se/libcurl/c/libcurl-errors.html first for more details.,2026-01-21T04:25:41.006838
345,https://www.fotocasa.es/es/comprar/viviendas/espana/todas-las-zonas/l/345,Failed to perform, curl: (56) Recv failure: Connection was reset. See https://curl.se/libcurl/c/libcurl-errors.html first for more details.,2026-01-21T04:25:41.006838
342,https://www.fotocasa.es/es/comprar/viviendas/espana/todas-las-zonas/l/342,Failed to perform, curl: (56) Recv failure: Connection was reset. See https://curl.se/libcurl/c/libcurl-errors.html first for more details.,2026-01-21T04:25:41.021435
350,https://www.fotocasa.es/es/comprar/viviendas/espana/todas-las-zonas/l/350,Failed to perform, curl: (56) Recv failure: Connection was reset. See https://curl.se/libcurl/c/libcurl-errors.html first for more details.,2026-01-21T04:25:41.036953
349,https://www.fotocasa.es/es/comprar/viviendas/espana/todas-las-zonas/l/349,Failed to perform, curl: (56) Recv failure: Connection was reset. See https://curl.se/libcurl/c/libcurl-errors.html first for more details.,2026-01-21T04:25:41.119069
359,https://www.fotocasa.es/es/comprar/viviendas/espana/todas-las-zonas/l/359,Failed to perform, curl: (56) Recv failure: Connection was reset. See https://curl.se/libcurl/c/libcurl-errors.html first for more details.,2026-01-21T04:25:41.150132
354,https://www.fotocasa.es/es/comprar/viviendas/espana/todas-las-zonas/l/354,Failed to perform, curl: (56) Recv failure: Connection was reset. See https://curl.se/libcurl/c/libcurl-errors.html first for more details.,2026-01-21T04:25:41.151129
357,https://www.fotocasa.es/es/comprar/viviendas/espana/todas-las-zonas/l/357,Failed to perform, curl: (56) Recv failure: Connection was reset. See https://curl.se/libcurl/c/libcurl-errors.html first for more details.,2026-01-21T04:25:41.151129
353,https://www.fotocasa.es/es/comprar/viviendas/espana/todas-las-zonas/l/353,Failed to perform, curl: (56) Recv failure: Connection was reset. See https://curl.se/libcurl/c/libcurl-errors.html first for more details.,2026-01-21T04:25:41.166171
355,https://www.fotocasa.es/es/comprar/viviendas/espana/todas-las-zonas/l/355,Failed to perform, curl: (56) Recv failure: Connection was reset. See https://curl.se/libcurl/c/libcurl-errors.html first for more details.,2026-01-21T04:25:41.166171
351,https://www.fotocasa.es/es/comprar/viviendas/espana/todas-las-zonas/l/351,Failed to perform, curl: (56) Recv failure: Connection was reset. See https://curl.se/libcurl/c/libcurl-errors.html first for more details.,2026-01-21T04:25:41.166171
371,https://www.fotocasa.es/es/comprar/viviendas/espana/todas-las-zonas/l/371,Failed to perform, curl: (56) Recv failure: Connection was reset. See https://curl.se/libcurl/c/libcurl-errors.html first for more details.,2026-01-21T04:26:03.577579
365,https://www.fotocasa.es/es/comprar/viviendas/espana/todas-las-zonas/l/365,Failed to perform, curl: (56) Recv failure: Connection was reset. See https://curl.se/libcurl/c/libcurl-errors.html first for more details.,2026-01-21T04:26:03.577579
362,https://www.fotocasa.es/es/comprar/viviendas/espana/todas-las-zonas/l/362,Failed to perform, curl: (56) Recv failure: Connection was reset. See https://curl.se/libcurl/c/libcurl-errors.html first for more details.,2026-01-21T04:26:03.578576
363,https://www.fotocasa.es/es/comprar/viviendas/espana/todas-las-zonas/l/363,Failed to perform, curl: (56) Recv failure: Connection was reset. See https://curl.se/libcurl/c/libcurl-errors.html first for more details.,2026-01-21T04:26:03.578576
367,https://www.fotocasa.es/es/comprar/viviendas/espana/todas-las-zonas/l/367,Failed to perform, curl: (56) Recv failure: Connection was reset. See https://curl.se/libcurl/c/libcurl-errors.html first for more details.,2026-01-21T04:26:03.579574
374,https://www.fotocasa.es/es/comprar/viviendas/espana/todas-las-zonas/l/374,Failed to perform, curl: (56) Recv failure: Connection was reset. See https://curl.se/libcurl/c/libcurl-errors.html first for more details.,2026-01-21T04:26:03.588677
372,https://www.fotocasa.es/es/comprar/viviendas/espana/todas-las-zonas/l/372,Failed to perform, curl: (56) Recv failure: Connection was reset. See https://curl.se/libcurl/c/libcurl-errors.html first for more details.,2026-01-21T04:26:03.588677
375,https://www.fotocasa.es/es/comprar/viviendas/espana/todas-las-zonas/l/375,Failed to perform, curl: (56) Recv failure: Connection was reset. See https://curl.se/libcurl/c/libcurl-errors.html first for more details.,2026-01-21T04:26:03.603392
377,https://www.fotocasa.es/es/comprar/viviendas/espana/todas-las-zonas/l/377,Failed to perform, curl: (56) Recv failure: Connection was reset. See https://curl.se/libcurl/c/libcurl-errors.html first for more details.,2026-01-21T04:26:03.619512
376,https://www.fotocasa.es/es/comprar/viviendas/espana/todas-las-zonas/l/376,Failed to perform, curl: (56) Recv failure: Connection was reset. See https://curl.se/libcurl/c/libcurl-errors.html first for more details.,2026-01-21T04:26:03.619512
380,https://www.fotocasa.es/es/comprar/viviendas/espana/todas-las-zonas/l/380,Failed to perform, curl: (56) Recv failure: Connection was reset. See https://curl.se/libcurl/c/libcurl-errors.html first for more details.,2026-01-21T04:26:03.620513
381,https://www.fotocasa.es/es/comprar/viviendas/espana/todas-las-zonas/l/381,Failed to perform, curl: (56) Recv failure: Connection was reset. See https://curl.se/libcurl/c/libcurl-errors.html first for more details.,2026-01-21T04:26:26.007015
386,https://www.fotocasa.es/es/comprar/viviendas/espana/todas-las-zonas/l/386,Failed to perform, curl: (56) Recv failure: Connection was reset. See https://curl.se/libcurl/c/libcurl-errors.html first for more details.,2026-01-21T04:26:26.048843
399,https://www.fotocasa.es/es/comprar/viviendas/espana/todas-las-zonas/l/399,Failed to perform, curl: (56) Recv failure: Connection was reset. See https://curl.se/libcurl/c/libcurl-errors.html first for more details.,2026-01-21T04:26:26.052833
392,https://www.fotocasa.es/es/comprar/viviendas/espana/todas-las-zonas/l/392,Failed to perform, curl: (56) Recv failure: Connection was reset. See https://curl.se/libcurl/c/libcurl-errors.html first for more details.,2026-01-21T04:26:26.058378
385,https://www.fotocasa.es/es/comprar/viviendas/espana/todas-las-zonas/l/385,Failed to perform, curl: (56) Recv failure: Connection was reset. See https://curl.se/libcurl/c/libcurl-errors.html first for more details.,2026-01-21T04:26:26.060373
391,https://www.fotocasa.es/es/comprar/viviendas/espana/todas-las-zonas/l/391,Failed to perform, curl: (56) Recv failure: Connection was reset. See https://curl.se/libcurl/c/libcurl-errors.html first for more details.,2026-01-21T04:26:26.071858
397,https://www.fotocasa.es/es/comprar/viviendas/espana/todas-las-zonas/l/397,Failed to perform, curl: (56) Recv failure: Connection was reset. See https://curl.se/libcurl/c/libcurl-errors.html first for more details.,2026-01-21T04:26:26.072854
394,https://www.fotocasa.es/es/comprar/viviendas/espana/todas-las-zonas/l/394,Failed to perform, curl: (56) Recv failure: Connection was reset. See https://curl.se/libcurl/c/libcurl-errors.html first for more details.,2026-01-21T04:26:26.100361
390,https://www.fotocasa.es/es/comprar/viviendas/espana/todas-las-zonas/l/390,Failed to perform, curl: (56) Recv failure: Connection was reset. See https://curl.se/libcurl/c/libcurl-errors.html first for more details.,2026-01-21T04:26:26.100361
395,https://www.fotocasa.es/es/comprar/viviendas/espana/todas-las-zonas/l/395,Failed to perform, curl: (56) Recv failure: Connection was reset. See https://curl.se/libcurl/c/libcurl-errors.html first for more details.,2026-01-21T04:26:26.101360
389,https://www.fotocasa.es/es/comprar/viviendas/espana/todas-las-zonas/l/389,Failed to perform, curl: (56) Recv failure: Connection was reset. See https://curl.se/libcurl/c/libcurl-errors.html first for more details.,2026-01-21T04:26:26.117376
404,https://www.fotocasa.es/es/comprar/viviendas/espana/todas-las-zonas/l/404,Failed to perform, curl: (56) Recv failure: Connection was reset. See https://curl.se/libcurl/c/libcurl-errors.html first for more details.,2026-01-21T04:26:48.511867
407,https://www.fotocasa.es/es/comprar/viviendas/espana/todas-las-zonas/l/407,Failed to perform, curl: (56) Recv failure: Connection was reset. See https://curl.se/libcurl/c/libcurl-errors.html first for more details.,2026-01-21T04:26:48.511867
414,https://www.fotocasa.es/es/comprar/viviendas/espana/todas-las-zonas/l/414,Failed to perform, curl: (56) Recv failure: Connection was reset. See https://curl.se/libcurl/c/libcurl-errors.html first for more details.,2026-01-21T04:26:48.526330
411,https://www.fotocasa.es/es/comprar/viviendas/espana/todas-las-zonas/l/411,Failed to perform, curl: (56) Recv failure: Connection was reset. See https://curl.se/libcurl/c/libcurl-errors.html first for more details.,2026-01-21T04:26:48.542418
410,https://www.fotocasa.es/es/comprar/viviendas/espana/todas-las-zonas/l/410,Failed to perform, curl: (56) Recv failure: Connection was reset. See https://curl.se/libcurl/c/libcurl-errors.html first for more details.,2026-01-21T04:26:48.542418
417,https://www.fotocasa.es/es/comprar/viviendas/espana/todas-las-zonas/l/417,Failed to perform, curl: (56) Recv failure: Connection was reset. See https://curl.se/libcurl/c/libcurl-errors.html first for more details.,2026-01-21T04:26:48.556232
419,https://www.fotocasa.es/es/comprar/viviendas/espana/todas-las-zonas/l/419,Failed to perform, curl: (56) Recv failure: Connection was reset. See https://curl.se/libcurl/c/libcurl-errors.html first for more details.,2026-01-21T04:26:48.574852
412,https://www.fotocasa.es/es/comprar/viviendas/espana/todas-las-zonas/l/412,Failed to perform, curl: (56) Recv failure: Connection was reset. See https://curl.se/libcurl/c/libcurl-errors.html first for more details.,2026-01-21T04:26:48.643254
425,https://www.fotocasa.es/es/comprar/viviendas/espana/todas-las-zonas/l/425,Failed to perform, curl: (56) Recv failure: Connection was reset. See https://curl.se/libcurl/c/libcurl-errors.html first for more details.,2026-01-21T04:27:11.232121
434,https://www.fotocasa.es/es/comprar/viviendas/espana/todas-las-zonas/l/434,Failed to perform, curl: (56) Recv failure: Connection was reset. See https://curl.se/libcurl/c/libcurl-errors.html first for more details.,2026-01-21T04:27:11.278418
433,https://www.fotocasa.es/es/comprar/viviendas/espana/todas-las-zonas/l/433,Failed to perform, curl: (56) Recv failure: Connection was reset. See https://curl.se/libcurl/c/libcurl-errors.html first for more details.,2026-01-21T04:27:11.339868
429,https://www.fotocasa.es/es/comprar/viviendas/espana/todas-las-zonas/l/429,Failed to perform, curl: (56) Recv failure: Connection was reset. See https://curl.se/libcurl/c/libcurl-errors.html first for more details.,2026-01-21T04:27:11.464375
428,https://www.fotocasa.es/es/comprar/viviendas/espana/todas-las-zonas/l/428,Failed to perform, curl: (56) Recv failure: Connection was reset. See https://curl.se/libcurl/c/libcurl-errors.html first for more details.,2026-01-21T04:27:11.464375
430,https://www.fotocasa.es/es/comprar/viviendas/espana/todas-las-zonas/l/430,Failed to perform, curl: (56) Recv failure: Connection was reset. See https://curl.se/libcurl/c/libcurl-errors.html first for more details.,2026-01-21T04:27:11.669502
446,https://www.fotocasa.es/es/comprar/viviendas/espana/todas-las-zonas/l/446,Failed to perform, curl: (56) Recv failure: Connection was reset. See https://curl.se/libcurl/c/libcurl-errors.html first for more details.,2026-01-21T04:27:34.074062
442,https://www.fotocasa.es/es/comprar/viviendas/espana/todas-las-zonas/l/442,Failed to perform, curl: (56) Recv failure: Connection was reset. See https://curl.se/libcurl/c/libcurl-errors.html first for more details.,2026-01-21T04:27:34.074062
443,https://www.fotocasa.es/es/comprar/viviendas/espana/todas-las-zonas/l/443,Failed to perform, curl: (56) Recv failure: Connection was reset. See https://curl.se/libcurl/c/libcurl-errors.html first for more details.,2026-01-21T04:27:34.086590
448,https://www.fotocasa.es/es/comprar/viviendas/espana/todas-las-zonas/l/448,Failed to perform, curl: (56) Recv failure: Connection was reset. See https://curl.se/libcurl/c/libcurl-errors.html first for more details.,2026-01-21T04:27:34.110613
447,https://www.fotocasa.es/es/comprar/viviendas/espana/todas-las-zonas/l/447,Failed to perform, curl: (56) Recv failure: Connection was reset. See https://curl.se/libcurl/c/libcurl-errors.html first for more details.,2026-01-21T04:27:34.110613
453,https://www.fotocasa.es/es/comprar/viviendas/espana/todas-las-zonas/l/453,Failed to perform, curl: (56) Recv failure: Connection was reset. See https://curl.se/libcurl/c/libcurl-errors.html first for more details.,2026-01-21T04:27:34.145664
450,https://www.fotocasa.es/es/comprar/viviendas/espana/todas-las-zonas/l/450,Failed to perform, curl: (56) Recv failure: Connection was reset. See https://curl.se/libcurl/c/libcurl-errors.html first for more details.,2026-01-21T04:27:34.145664
455,https://www.fotocasa.es/es/comprar/viviendas/espana/todas-las-zonas/l/455,Failed to perform, curl: (56) Recv failure: Connection was reset. See https://curl.se/libcurl/c/libcurl-errors.html first for more details.,2026-01-21T04:27:34.145664
459,https://www.fotocasa.es/es/comprar/viviendas/espana/todas-las-zonas/l/459,Failed to perform, curl: (56) Recv failure: Connection was reset. See https://curl.se/libcurl/c/libcurl-errors.html first for more details.,2026-01-21T04:27:34.191236
457,https://www.fotocasa.es/es/comprar/viviendas/espana/todas-las-zonas/l/457,Failed to perform, curl: (56) Recv failure: Connection was reset. See https://curl.se/libcurl/c/libcurl-errors.html first for more details.,2026-01-21T04:27:34.191236
462,https://www.fotocasa.es/es/comprar/viviendas/espana/todas-las-zonas/l/462,Failed to perform, curl: (56) Recv failure: Connection was reset. See https://curl.se/libcurl/c/libcurl-errors.html first for more details.,2026-01-21T04:27:56.618053
471,https://www.fotocasa.es/es/comprar/viviendas/espana/todas-las-zonas/l/471,Failed to perform, curl: (56) Recv failure: Connection was reset. See https://curl.se/libcurl/c/libcurl-errors.html first for more details.,2026-01-21T04:27:56.665729
469,https://www.fotocasa.es/es/comprar/viviendas/espana/todas-las-zonas/l/469,Failed to perform, curl: (56) Recv failure: Connection was reset. See https://curl.se/libcurl/c/libcurl-errors.html first for more details.,2026-01-21T04:27:56.665729
464,https://www.fotocasa.es/es/comprar/viviendas/espana/todas-las-zonas/l/464,Failed to perform, curl: (56) Recv failure: Connection was reset. See https://curl.se/libcurl/c/libcurl-errors.html first for more details.,2026-01-21T04:27:56.665729
475,https://www.fotocasa.es/es/comprar/viviendas/espana/todas-las-zonas/l/475,Failed to perform, curl: (56) Recv failure: Connection was reset. See https://curl.se/libcurl/c/libcurl-errors.html first for more details.,2026-01-21T04:27:56.695490
465,https://www.fotocasa.es/es/comprar/viviendas/espana/todas-las-zonas/l/465,Failed to perform, curl: (56) Recv failure: Connection was reset. See https://curl.se/libcurl/c/libcurl-errors.html first for more details.,2026-01-21T04:27:56.774517
466,https://www.fotocasa.es/es/comprar/viviendas/espana/todas-las-zonas/l/466,Failed to perform, curl: (56) Recv failure: Connection was reset. See https://curl.se/libcurl/c/libcurl-errors.html first for more details.,2026-01-21T04:27:56.775520
479,https://www.fotocasa.es/es/comprar/viviendas/espana/todas-las-zonas/l/479,Failed to perform, curl: (56) Recv failure: Connection was reset. See https://curl.se/libcurl/c/libcurl-errors.html first for more details.,2026-01-21T04:27:56.775520
461,https://www.fotocasa.es/es/comprar/viviendas/espana/todas-las-zonas/l/461,Failed to perform, curl: (56) Recv failure: Connection was reset. See https://curl.se/libcurl/c/libcurl-errors.html first for more details.,2026-01-21T04:27:56.776523
476,https://www.fotocasa.es/es/comprar/viviendas/espana/todas-las-zonas/l/476,Failed to perform, curl: (56) Recv failure: Connection was reset. See https://curl.se/libcurl/c/libcurl-errors.html first for more details.,2026-01-21T04:27:56.975671
493,https://www.fotocasa.es/es/comprar/viviendas/espana/todas-las-zonas/l/493,Failed to perform, curl: (35) TLS connect error: error:100000f7:SSL routines:OPENSSL_internal:WRONG_VERSION_NUMBER. See https://curl.se/libcurl/c/libcurl-errors.html first for more details.,2026-01-21T04:28:04.466354
486,https://www.fotocasa.es/es/comprar/viviendas/espana/todas-las-zonas/l/486,Failed to perform, curl: (56) Recv failure: Connection was reset. See https://curl.se/libcurl/c/libcurl-errors.html first for more details.,2026-01-21T04:28:19.392765
482,https://www.fotocasa.es/es/comprar/viviendas/espana/todas-las-zonas/l/482,Failed to perform, curl: (56) Recv failure: Connection was reset. See https://curl.se/libcurl/c/libcurl-errors.html first for more details.,2026-01-21T04:28:19.394274
490,https://www.fotocasa.es/es/comprar/viviendas/espana/todas-las-zonas/l/490,Failed to perform, curl: (56) Recv failure: Connection was reset. See https://curl.se/libcurl/c/libcurl-errors.html first for more details.,2026-01-21T04:28:19.424048
489,https://www.fotocasa.es/es/comprar/viviendas/espana/todas-las-zonas/l/489,Failed to perform, curl: (56) Recv failure: Connection was reset. See https://curl.se/libcurl/c/libcurl-errors.html first for more details.,2026-01-21T04:28:19.424048
485,https://www.fotocasa.es/es/comprar/viviendas/espana/todas-las-zonas/l/485,Failed to perform, curl: (56) Recv failure: Connection was reset. See https://curl.se/libcurl/c/libcurl-errors.html first for more details.,2026-01-21T04:28:19.439402
487,https://www.fotocasa.es/es/comprar/viviendas/espana/todas-las-zonas/l/487,Failed to perform, curl: (56) Recv failure: Connection was reset. See https://curl.se/libcurl/c/libcurl-errors.html first for more details.,2026-01-21T04:28:19.453418
492,https://www.fotocasa.es/es/comprar/viviendas/espana/todas-las-zonas/l/492,Failed to perform, curl: (56) Recv failure: Connection was reset. See https://curl.se/libcurl/c/libcurl-errors.html first for more details.,2026-01-21T04:28:19.469998
494,https://www.fotocasa.es/es/comprar/viviendas/espana/todas-las-zonas/l/494,Failed to perform, curl: (56) Recv failure: Connection was reset. See https://curl.se/libcurl/c/libcurl-errors.html first for more details.,2026-01-21T04:28:19.469998
500,https://www.fotocasa.es/es/comprar/viviendas/espana/todas-las-zonas/l/500,Failed to perform, curl: (56) Recv failure: Connection was reset. See https://curl.se/libcurl/c/libcurl-errors.html first for more details.,2026-01-21T04:28:19.530740
495,https://www.fotocasa.es/es/comprar/viviendas/espana/todas-las-zonas/l/495,Failed to perform, curl: (56) Recv failure: Connection was reset. See https://curl.se/libcurl/c/libcurl-errors.html first for more details.,2026-01-21T04:28:19.546965
497,https://www.fotocasa.es/es/comprar/viviendas/espana/todas-las-zonas/l/497,Failed to perform, curl: (56) Recv failure: Connection was reset. See https://curl.se/libcurl/c/libcurl-errors.html first for more details.,2026-01-21T04:28:19.546965
498,https://www.fotocasa.es/es/comprar/viviendas/espana/todas-las-zonas/l/498,Failed to perform, curl: (56) Recv failure: Connection was reset. See https://curl.se/libcurl/c/libcurl-errors.html first for more details.,2026-01-21T04:28:19.547963
499,https://www.fotocasa.es/es/comprar/viviendas/espana/todas-las-zonas/l/499,Failed to perform, curl: (56) Recv failure: Connection was reset. See https://curl.se/libcurl/c/libcurl-errors.html first for more details.,2026-01-21T04:28:19.560580
505,https://www.fotocasa.es/es/comprar/viviendas/espana/todas-las-zonas/l/505,Failed to perform, curl: (56) Recv failure: Connection was reset. See https://curl.se/libcurl/c/libcurl-errors.html first for more details.,2026-01-21T04:28:41.975138
502,https://www.fotocasa.es/es/comprar/viviendas/espana/todas-las-zonas/l/502,Failed to perform, curl: (56) Recv failure: Connection was reset. See https://curl.se/libcurl/c/libcurl-errors.html first for more details.,2026-01-21T04:28:41.976452
509,https://www.fotocasa.es/es/comprar/viviendas/espana/todas-las-zonas/l/509,Failed to perform, curl: (56) Recv failure: Connection was reset. See https://curl.se/libcurl/c/libcurl-errors.html first for more details.,2026-01-21T04:28:41.976710
508,https://www.fotocasa.es/es/comprar/viviendas/espana/todas-las-zonas/l/508,Failed to perform, curl: (56) Recv failure: Connection was reset. See https://curl.se/libcurl/c/libcurl-errors.html first for more details.,2026-01-21T04:28:41.989659
514,https://www.fotocasa.es/es/comprar/viviendas/espana/todas-las-zonas/l/514,Failed to perform, curl: (56) Recv failure: Connection was reset. See https://curl.se/libcurl/c/libcurl-errors.html first for more details.,2026-01-21T04:28:42.005115
519,https://www.fotocasa.es/es/comprar/viviendas/espana/todas-las-zonas/l/519,Failed to perform, curl: (56) Recv failure: Connection was reset. See https://curl.se/libcurl/c/libcurl-errors.html first for more details.,2026-01-21T04:28:42.018829
516,https://www.fotocasa.es/es/comprar/viviendas/espana/todas-las-zonas/l/516,Failed to perform, curl: (56) Recv failure: Connection was reset. See https://curl.se/libcurl/c/libcurl-errors.html first for more details.,2026-01-21T04:28:42.034330
518,https://www.fotocasa.es/es/comprar/viviendas/espana/todas-las-zonas/l/518,Failed to perform, curl: (56) Recv failure: Connection was reset. See https://curl.se/libcurl/c/libcurl-errors.html first for more details.,2026-01-21T04:28:42.035361
520,https://www.fotocasa.es/es/comprar/viviendas/espana/todas-las-zonas/l/520,Failed to perform, curl: (56) Recv failure: Connection was reset. See https://curl.se/libcurl/c/libcurl-errors.html first for more details.,2026-01-21T04:28:42.048847
522,https://www.fotocasa.es/es/comprar/viviendas/espana/todas-las-zonas/l/522,Failed to perform, curl: (56) Recv failure: Connection was reset. See https://curl.se/libcurl/c/libcurl-errors.html first for more details.,2026-01-21T04:29:04.477162
521,https://www.fotocasa.es/es/comprar/viviendas/espana/todas-las-zonas/l/521,Failed to perform, curl: (56) Recv failure: Connection was reset. See https://curl.se/libcurl/c/libcurl-errors.html first for more details.,2026-01-21T04:29:04.566228
525,https://www.fotocasa.es/es/comprar/viviendas/espana/todas-las-zonas/l/525,Failed to perform, curl: (56) Recv failure: Connection was reset. See https://curl.se/libcurl/c/libcurl-errors.html first for more details.,2026-01-21T04:29:04.633200
523,https://www.fotocasa.es/es/comprar/viviendas/espana/todas-las-zonas/l/523,Failed to perform, curl: (56) Recv failure: Connection was reset. See https://curl.se/libcurl/c/libcurl-errors.html first for more details.,2026-01-21T04:29:04.634707
528,https://www.fotocasa.es/es/comprar/viviendas/espana/todas-las-zonas/l/528,Failed to perform, curl: (56) Recv failure: Connection was reset. See https://curl.se/libcurl/c/libcurl-errors.html first for more details.,2026-01-21T04:29:04.667272
532,https://www.fotocasa.es/es/comprar/viviendas/espana/todas-las-zonas/l/532,Failed to perform, curl: (56) Recv failure: Connection was reset. See https://curl.se/libcurl/c/libcurl-errors.html first for more details.,2026-01-21T04:29:04.725693
535,https://www.fotocasa.es/es/comprar/viviendas/espana/todas-las-zonas/l/535,Failed to perform, curl: (56) Recv failure: Connection was reset. See https://curl.se/libcurl/c/libcurl-errors.html first for more details.,2026-01-21T04:29:04.725693
536,https://www.fotocasa.es/es/comprar/viviendas/espana/todas-las-zonas/l/536,Failed to perform, curl: (56) Recv failure: Connection was reset. See https://curl.se/libcurl/c/libcurl-errors.html first for more details.,2026-01-21T04:29:04.756082
534,https://www.fotocasa.es/es/comprar/viviendas/espana/todas-las-zonas/l/534,Failed to perform, curl: (56) Recv failure: Connection was reset. See https://curl.se/libcurl/c/libcurl-errors.html first for more details.,2026-01-21T04:29:04.799454
543,https://www.fotocasa.es/es/comprar/viviendas/espana/todas-las-zonas/l/543,Failed to perform, curl: (56) Recv failure: Connection was reset. See https://curl.se/libcurl/c/libcurl-errors.html first for more details.,2026-01-21T04:29:28.159662
541,https://www.fotocasa.es/es/comprar/viviendas/espana/todas-las-zonas/l/541,Failed to perform, curl: (56) Recv failure: Connection was reset. See https://curl.se/libcurl/c/libcurl-errors.html first for more details.,2026-01-21T04:29:28.159662
546,https://www.fotocasa.es/es/comprar/viviendas/espana/todas-las-zonas/l/546,Failed to perform, curl: (56) Recv failure: Connection was reset. See https://curl.se/libcurl/c/libcurl-errors.html first for more details.,2026-01-21T04:29:28.222765
545,https://www.fotocasa.es/es/comprar/viviendas/espana/todas-las-zonas/l/545,Failed to perform, curl: (56) Recv failure: Connection was reset. See https://curl.se/libcurl/c/libcurl-errors.html first for more details.,2026-01-21T04:29:28.239303
550,https://www.fotocasa.es/es/comprar/viviendas/espana/todas-las-zonas/l/550,Failed to perform, curl: (56) Recv failure: Connection was reset. See https://curl.se/libcurl/c/libcurl-errors.html first for more details.,2026-01-21T04:29:28.253816
558,https://www.fotocasa.es/es/comprar/viviendas/espana/todas-las-zonas/l/558,Failed to perform, curl: (56) Recv failure: Connection was reset. See https://curl.se/libcurl/c/libcurl-errors.html first for more details.,2026-01-21T04:29:28.254321
555,https://www.fotocasa.es/es/comprar/viviendas/espana/todas-las-zonas/l/555,Failed to perform, curl: (56) Recv failure: Connection was reset. See https://curl.se/libcurl/c/libcurl-errors.html first for more details.,2026-01-21T04:29:28.255324
563,https://www.fotocasa.es/es/comprar/viviendas/espana/todas-las-zonas/l/563,Failed to perform, curl: (56) Recv failure: Connection was reset. See https://curl.se/libcurl/c/libcurl-errors.html first for more details.,2026-01-21T04:29:50.909836
565,https://www.fotocasa.es/es/comprar/viviendas/espana/todas-las-zonas/l/565,Failed to perform, curl: (56) Recv failure: Connection was reset. See https://curl.se/libcurl/c/libcurl-errors.html first for more details.,2026-01-21T04:29:50.925006
561,https://www.fotocasa.es/es/comprar/viviendas/espana/todas-las-zonas/l/561,Failed to perform, curl: (56) Recv failure: Connection was reset. See https://curl.se/libcurl/c/libcurl-errors.html first for more details.,2026-01-21T04:29:50.986031
564,https://www.fotocasa.es/es/comprar/viviendas/espana/todas-las-zonas/l/564,Failed to perform, curl: (56) Recv failure: Connection was reset. See https://curl.se/libcurl/c/libcurl-errors.html first for more details.,2026-01-21T04:29:51.000978
576,https://www.fotocasa.es/es/comprar/viviendas/espana/todas-las-zonas/l/576,Failed to perform, curl: (56) Recv failure: Connection was reset. See https://curl.se/libcurl/c/libcurl-errors.html first for more details.,2026-01-21T04:29:51.141908
566,https://www.fotocasa.es/es/comprar/viviendas/espana/todas-las-zonas/l/566,Failed to perform, curl: (56) Recv failure: Connection was reset. See https://curl.se/libcurl/c/libcurl-errors.html first for more details.,2026-01-21T04:29:51.188809
570,https://www.fotocasa.es/es/comprar/viviendas/espana/todas-las-zonas/l/570,Failed to perform, curl: (56) Recv failure: Connection was reset. See https://curl.se/libcurl/c/libcurl-errors.html first for more details.,2026-01-21T04:29:51.188809
575,https://www.fotocasa.es/es/comprar/viviendas/espana/todas-las-zonas/l/575,Failed to perform, curl: (56) Recv failure: Connection was reset. See https://curl.se/libcurl/c/libcurl-errors.html first for more details.,2026-01-21T04:29:51.281259
572,https://www.fotocasa.es/es/comprar/viviendas/espana/todas-las-zonas/l/572,Failed to perform, curl: (56) Recv failure: Connection was reset. See https://curl.se/libcurl/c/libcurl-errors.html first for more details.,2026-01-21T04:29:51.281259
567,https://www.fotocasa.es/es/comprar/viviendas/espana/todas-las-zonas/l/567,Failed to perform, curl: (56) Recv failure: Connection was reset. See https://curl.se/libcurl/c/libcurl-errors.html first for more details.,2026-01-21T04:29:51.328160
574,https://www.fotocasa.es/es/comprar/viviendas/espana/todas-las-zonas/l/574,Failed to perform, curl: (56) Recv failure: Connection was reset. See https://curl.se/libcurl/c/libcurl-errors.html first for more details.,2026-01-21T04:29:51.328160
573,https://www.fotocasa.es/es/comprar/viviendas/espana/todas-las-zonas/l/573,Failed to perform, curl: (56) Recv failure: Connection was reset. See https://curl.se/libcurl/c/libcurl-errors.html first for more details.,2026-01-21T04:29:51.542760
577,https://www.fotocasa.es/es/comprar/viviendas/espana/todas-las-zonas/l/577,Failed to perform, curl: (56) Recv failure: Connection was reset. See https://curl.se/libcurl/c/libcurl-errors.html first for more details.,2026-01-21T04:29:51.542760
583,https://www.fotocasa.es/es/comprar/viviendas/espana/todas-las-zonas/l/583,Failed to perform, curl: (56) Recv failure: Connection was reset. See https://curl.se/libcurl/c/libcurl-errors.html first for more details.,2026-01-21T04:30:13.974374
585,https://www.fotocasa.es/es/comprar/viviendas/espana/todas-las-zonas/l/585,Failed to perform, curl: (56) Recv failure: Connection was reset. See https://curl.se/libcurl/c/libcurl-errors.html first for more details.,2026-01-21T04:30:13.975628
582,https://www.fotocasa.es/es/comprar/viviendas/espana/todas-las-zonas/l/582,Failed to perform, curl: (56) Recv failure: Connection was reset. See https://curl.se/libcurl/c/libcurl-errors.html first for more details.,2026-01-21T04:30:13.975628
581,https://www.fotocasa.es/es/comprar/viviendas/espana/todas-las-zonas/l/581,Failed to perform, curl: (56) Recv failure: Connection was reset. See https://curl.se/libcurl/c/libcurl-errors.html first for more details.,2026-01-21T04:30:13.976630
594,https://www.fotocasa.es/es/comprar/viviendas/espana/todas-las-zonas/l/594,Failed to perform, curl: (56) Recv failure: Connection was reset. See https://curl.se/libcurl/c/libcurl-errors.html first for more details.,2026-01-21T04:30:13.976630
592,https://www.fotocasa.es/es/comprar/viviendas/espana/todas-las-zonas/l/592,Failed to perform, curl: (56) Recv failure: Connection was reset. See https://curl.se/libcurl/c/libcurl-errors.html first for more details.,2026-01-21T04:30:13.988182
587,https://www.fotocasa.es/es/comprar/viviendas/espana/todas-las-zonas/l/587,Failed to perform, curl: (56) Recv failure: Connection was reset. See https://curl.se/libcurl/c/libcurl-errors.html first for more details.,2026-01-21T04:30:13.989179
590,https://www.fotocasa.es/es/comprar/viviendas/espana/todas-las-zonas/l/590,Failed to perform, curl: (56) Recv failure: Connection was reset. See https://curl.se/libcurl/c/libcurl-errors.html first for more details.,2026-01-21T04:30:13.990175
599,https://www.fotocasa.es/es/comprar/viviendas/espana/todas-las-zonas/l/599,Failed to perform, curl: (56) Recv failure: Connection was reset. See https://curl.se/libcurl/c/libcurl-errors.html first for more details.,2026-01-21T04:30:13.991176
600,https://www.fotocasa.es/es/comprar/viviendas/espana/todas-las-zonas/l/600,Failed to perform, curl: (56) Recv failure: Connection was reset. See https://curl.se/libcurl/c/libcurl-errors.html first for more details.,2026-01-21T04:30:14.002598
608,https://www.fotocasa.es/es/comprar/viviendas/espana/todas-las-zonas/l/608,Failed to perform, curl: (56) Recv failure: Connection was reset. See https://curl.se/libcurl/c/libcurl-errors.html first for more details.,2026-01-21T04:30:36.421585
604,https://www.fotocasa.es/es/comprar/viviendas/espana/todas-las-zonas/l/604,Failed to perform, curl: (56) Recv failure: Connection was reset. See https://curl.se/libcurl/c/libcurl-errors.html first for more details.,2026-01-21T04:30:36.422582
607,https://www.fotocasa.es/es/comprar/viviendas/espana/todas-las-zonas/l/607,Failed to perform, curl: (56) Recv failure: Connection was reset. See https://curl.se/libcurl/c/libcurl-errors.html first for more details.,2026-01-21T04:30:36.422582
610,https://www.fotocasa.es/es/comprar/viviendas/espana/todas-las-zonas/l/610,Failed to perform, curl: (56) Recv failure: Connection was reset. See https://curl.se/libcurl/c/libcurl-errors.html first for more details.,2026-01-21T04:30:36.422582
601,https://www.fotocasa.es/es/comprar/viviendas/espana/todas-las-zonas/l/601,Failed to perform, curl: (56) Recv failure: Connection was reset. See https://curl.se/libcurl/c/libcurl-errors.html first for more details.,2026-01-21T04:30:36.454179
616,https://www.fotocasa.es/es/comprar/viviendas/espana/todas-las-zonas/l/616,Failed to perform, curl: (56) Recv failure: Connection was reset. See https://curl.se/libcurl/c/libcurl-errors.html first for more details.,2026-01-21T04:30:36.455691
613,https://www.fotocasa.es/es/comprar/viviendas/espana/todas-las-zonas/l/613,Failed to perform, curl: (56) Recv failure: Connection was reset. See https://curl.se/libcurl/c/libcurl-errors.html first for more details.,2026-01-21T04:30:36.476790
618,https://www.fotocasa.es/es/comprar/viviendas/espana/todas-las-zonas/l/618,Failed to perform, curl: (56) Recv failure: Connection was reset. See https://curl.se/libcurl/c/libcurl-errors.html first for more details.,2026-01-21T04:30:36.477786
619,https://www.fotocasa.es/es/comprar/viviendas/espana/todas-las-zonas/l/619,Failed to perform, curl: (56) Recv failure: Connection was reset. See https://curl.se/libcurl/c/libcurl-errors.html first for more details.,2026-01-21T04:30:36.642251
624,https://www.fotocasa.es/es/comprar/viviendas/espana/todas-las-zonas/l/624,Failed to perform, curl: (56) Recv failure: Connection was reset. See https://curl.se/libcurl/c/libcurl-errors.html first for more details.,2026-01-21T04:30:59.079882
621,https://www.fotocasa.es/es/comprar/viviendas/espana/todas-las-zonas/l/621,Failed to perform, curl: (56) Recv failure: Connection was reset. See https://curl.se/libcurl/c/libcurl-errors.html first for more details.,2026-01-21T04:30:59.109495
628,https://www.fotocasa.es/es/comprar/viviendas/espana/todas-las-zonas/l/628,Failed to perform, curl: (56) Recv failure: Connection was reset. See https://curl.se/libcurl/c/libcurl-errors.html first for more details.,2026-01-21T04:30:59.144386
625,https://www.fotocasa.es/es/comprar/viviendas/espana/todas-las-zonas/l/625,Failed to perform, curl: (56) Recv failure: Connection was reset. See https://curl.se/libcurl/c/libcurl-errors.html first for more details.,2026-01-21T04:30:59.146394
631,https://www.fotocasa.es/es/comprar/viviendas/espana/todas-las-zonas/l/631,Failed to perform, curl: (56) Recv failure: Connection was reset. See https://curl.se/libcurl/c/libcurl-errors.html first for more details.,2026-01-21T04:30:59.147391
623,https://www.fotocasa.es/es/comprar/viviendas/espana/todas-las-zonas/l/623,Failed to perform, curl: (56) Recv failure: Connection was reset. See https://curl.se/libcurl/c/libcurl-errors.html first for more details.,2026-01-21T04:30:59.156944
635,https://www.fotocasa.es/es/comprar/viviendas/espana/todas-las-zonas/l/635,Failed to perform, curl: (56) Recv failure: Connection was reset. See https://curl.se/libcurl/c/libcurl-errors.html first for more details.,2026-01-21T04:30:59.161932
634,https://www.fotocasa.es/es/comprar/viviendas/espana/todas-las-zonas/l/634,Failed to perform, curl: (56) Recv failure: Connection was reset. See https://curl.se/libcurl/c/libcurl-errors.html first for more details.,2026-01-21T04:30:59.173934
637,https://www.fotocasa.es/es/comprar/viviendas/espana/todas-las-zonas/l/637,Failed to perform, curl: (56) Recv failure: Connection was reset. See https://curl.se/libcurl/c/libcurl-errors.html first for more details.,2026-01-21T04:30:59.175982
632,https://www.fotocasa.es/es/comprar/viviendas/espana/todas-las-zonas/l/632,Failed to perform, curl: (56) Recv failure: Connection was reset. See https://curl.se/libcurl/c/libcurl-errors.html first for more details.,2026-01-21T04:30:59.187478
622,https://www.fotocasa.es/es/comprar/viviendas/espana/todas-las-zonas/l/622,Failed to perform, curl: (56) Recv failure: Connection was reset. See https://curl.se/libcurl/c/libcurl-errors.html first for more details.,2026-01-21T04:30:59.202561
641,https://www.fotocasa.es/es/comprar/viviendas/espana/todas-las-zonas/l/641,Failed to perform, curl: (56) Recv failure: Connection was reset. See https://curl.se/libcurl/c/libcurl-errors.html first for more details.,2026-01-21T04:31:21.658531
644,https://www.fotocasa.es/es/comprar/viviendas/espana/todas-las-zonas/l/644,Failed to perform, curl: (56) Recv failure: Connection was reset. See https://curl.se/libcurl/c/libcurl-errors.html first for more details.,2026-01-21T04:31:21.658531
653,https://www.fotocasa.es/es/comprar/viviendas/espana/todas-las-zonas/l/653,Failed to perform, curl: (56) Recv failure: Connection was reset. See https://curl.se/libcurl/c/libcurl-errors.html first for more details.,2026-01-21T04:31:21.708586
656,https://www.fotocasa.es/es/comprar/viviendas/espana/todas-las-zonas/l/656,Failed to perform, curl: (56) Recv failure: Connection was reset. See https://curl.se/libcurl/c/libcurl-errors.html first for more details.,2026-01-21T04:31:21.709586
648,https://www.fotocasa.es/es/comprar/viviendas/espana/todas-las-zonas/l/648,Failed to perform, curl: (56) Recv failure: Connection was reset. See https://curl.se/libcurl/c/libcurl-errors.html first for more details.,2026-01-21T04:31:21.723101
658,https://www.fotocasa.es/es/comprar/viviendas/espana/todas-las-zonas/l/658,Failed to perform, curl: (56) Recv failure: Connection was reset. See https://curl.se/libcurl/c/libcurl-errors.html first for more details.,2026-01-21T04:31:21.723101
660,https://www.fotocasa.es/es/comprar/viviendas/espana/todas-las-zonas/l/660,Failed to perform, curl: (56) Recv failure: Connection was reset. See https://curl.se/libcurl/c/libcurl-errors.html first for more details.,2026-01-21T04:31:21.769897
654,https://www.fotocasa.es/es/comprar/viviendas/espana/todas-las-zonas/l/654,Failed to perform, curl: (56) Recv failure: Connection was reset. See https://curl.se/libcurl/c/libcurl-errors.html first for more details.,2026-01-21T04:31:21.785937
662,https://www.fotocasa.es/es/comprar/viviendas/espana/todas-las-zonas/l/662,Failed to perform, curl: (56) Recv failure: Connection was reset. See https://curl.se/libcurl/c/libcurl-errors.html first for more details.,2026-01-21T04:31:44.183833
665,https://www.fotocasa.es/es/comprar/viviendas/espana/todas-las-zonas/l/665,Failed to perform, curl: (56) Recv failure: Connection was reset. See https://curl.se/libcurl/c/libcurl-errors.html first for more details.,2026-01-21T04:31:44.201010
679,https://www.fotocasa.es/es/comprar/viviendas/espana/todas-las-zonas/l/679,Failed to perform, curl: (56) Recv failure: Connection was reset. See https://curl.se/libcurl/c/libcurl-errors.html first for more details.,2026-01-21T04:31:44.202006
663,https://www.fotocasa.es/es/comprar/viviendas/espana/todas-las-zonas/l/663,Failed to perform, curl: (56) Recv failure: Connection was reset. See https://curl.se/libcurl/c/libcurl-errors.html first for more details.,2026-01-21T04:31:44.203002
661,https://www.fotocasa.es/es/comprar/viviendas/espana/todas-las-zonas/l/661,Failed to perform, curl: (56) Recv failure: Connection was reset. See https://curl.se/libcurl/c/libcurl-errors.html first for more details.,2026-01-21T04:31:44.203002
666,https://www.fotocasa.es/es/comprar/viviendas/espana/todas-las-zonas/l/666,Failed to perform, curl: (56) Recv failure: Connection was reset. See https://curl.se/libcurl/c/libcurl-errors.html first for more details.,2026-01-21T04:31:44.203002
672,https://www.fotocasa.es/es/comprar/viviendas/espana/todas-las-zonas/l/672,Failed to perform, curl: (56) Recv failure: Connection was reset. See https://curl.se/libcurl/c/libcurl-errors.html first for more details.,2026-01-21T04:31:44.216014
673,https://www.fotocasa.es/es/comprar/viviendas/espana/todas-las-zonas/l/673,Failed to perform, curl: (56) Recv failure: Connection was reset. See https://curl.se/libcurl/c/libcurl-errors.html first for more details.,2026-01-21T04:31:44.216014
678,https://www.fotocasa.es/es/comprar/viviendas/espana/todas-las-zonas/l/678,Failed to perform, curl: (56) Recv failure: Connection was reset. See https://curl.se/libcurl/c/libcurl-errors.html first for more details.,2026-01-21T04:31:44.231075
675,https://www.fotocasa.es/es/comprar/viviendas/espana/todas-las-zonas/l/675,Failed to perform, curl: (56) Recv failure: Connection was reset. See https://curl.se/libcurl/c/libcurl-errors.html first for more details.,2026-01-21T04:31:44.231075
677,https://www.fotocasa.es/es/comprar/viviendas/espana/todas-las-zonas/l/677,Failed to perform, curl: (56) Recv failure: Connection was reset. See https://curl.se/libcurl/c/libcurl-errors.html first for more details.,2026-01-21T04:31:44.232073
676,https://www.fotocasa.es/es/comprar/viviendas/espana/todas-las-zonas/l/676,Failed to perform, curl: (56) Recv failure: Connection was reset. See https://curl.se/libcurl/c/libcurl-errors.html first for more details.,2026-01-21T04:31:44.245806
683,https://www.fotocasa.es/es/comprar/viviendas/espana/todas-las-zonas/l/683,Failed to perform, curl: (56) Recv failure: Connection was reset. See https://curl.se/libcurl/c/libcurl-errors.html first for more details.,2026-01-21T04:32:06.685168
692,https://www.fotocasa.es/es/comprar/viviendas/espana/todas-las-zonas/l/692,Failed to perform, curl: (56) Recv failure: Connection was reset. See https://curl.se/libcurl/c/libcurl-errors.html first for more details.,2026-01-21T04:32:06.731178
682,https://www.fotocasa.es/es/comprar/viviendas/espana/todas-las-zonas/l/682,Failed to perform, curl: (56) Recv failure: Connection was reset. See https://curl.se/libcurl/c/libcurl-errors.html first for more details.,2026-01-21T04:32:06.747741
685,https://www.fotocasa.es/es/comprar/viviendas/espana/todas-las-zonas/l/685,Failed to perform, curl: (56) Recv failure: Connection was reset. See https://curl.se/libcurl/c/libcurl-errors.html first for more details.,2026-01-21T04:32:06.747741
686,https://www.fotocasa.es/es/comprar/viviendas/espana/todas-las-zonas/l/686,Failed to perform, curl: (56) Recv failure: Connection was reset. See https://curl.se/libcurl/c/libcurl-errors.html first for more details.,2026-01-21T04:32:06.747741
694,https://www.fotocasa.es/es/comprar/viviendas/espana/todas-las-zonas/l/694,Failed to perform, curl: (56) Recv failure: Connection was reset. See https://curl.se/libcurl/c/libcurl-errors.html first for more details.,2026-01-21T04:32:06.821245
697,https://www.fotocasa.es/es/comprar/viviendas/espana/todas-las-zonas/l/697,Failed to perform, curl: (56) Recv failure: Connection was reset. See https://curl.se/libcurl/c/libcurl-errors.html first for more details.,2026-01-21T04:32:06.823751
690,https://www.fotocasa.es/es/comprar/viviendas/espana/todas-las-zonas/l/690,Failed to perform, curl: (56) Recv failure: Connection was reset. See https://curl.se/libcurl/c/libcurl-errors.html first for more details.,2026-01-21T04:32:06.823751
709,https://www.fotocasa.es/es/comprar/viviendas/espana/todas-las-zonas/l/709,Failed to perform, curl: (56) Recv failure: Connection was reset. See https://curl.se/libcurl/c/libcurl-errors.html first for more details.,2026-01-21T04:32:29.716894
705,https://www.fotocasa.es/es/comprar/viviendas/espana/todas-las-zonas/l/705,Failed to perform, curl: (56) Recv failure: Connection was reset. See https://curl.se/libcurl/c/libcurl-errors.html first for more details.,2026-01-21T04:32:29.717890
714,https://www.fotocasa.es/es/comprar/viviendas/espana/todas-las-zonas/l/714,Failed to perform, curl: (56) Recv failure: Connection was reset. See https://curl.se/libcurl/c/libcurl-errors.html first for more details.,2026-01-21T04:32:29.718892
707,https://www.fotocasa.es/es/comprar/viviendas/espana/todas-las-zonas/l/707,Failed to perform, curl: (56) Recv failure: Connection was reset. See https://curl.se/libcurl/c/libcurl-errors.html first for more details.,2026-01-21T04:32:29.718892
708,https://www.fotocasa.es/es/comprar/viviendas/espana/todas-las-zonas/l/708,Failed to perform, curl: (56) Recv failure: Connection was reset. See https://curl.se/libcurl/c/libcurl-errors.html first for more details.,2026-01-21T04:32:29.855503
710,https://www.fotocasa.es/es/comprar/viviendas/espana/todas-las-zonas/l/710,Failed to perform, curl: (56) Recv failure: Connection was reset. See https://curl.se/libcurl/c/libcurl-errors.html first for more details.,2026-01-21T04:32:29.855503
702,https://www.fotocasa.es/es/comprar/viviendas/espana/todas-las-zonas/l/702,Failed to perform, curl: (56) Recv failure: Connection was reset. See https://curl.se/libcurl/c/libcurl-errors.html first for more details.,2026-01-21T04:32:29.856507
712,https://www.fotocasa.es/es/comprar/viviendas/espana/todas-las-zonas/l/712,Failed to perform, curl: (56) Recv failure: Connection was reset. See https://curl.se/libcurl/c/libcurl-errors.html first for more details.,2026-01-21T04:32:29.901903
717,https://www.fotocasa.es/es/comprar/viviendas/espana/todas-las-zonas/l/717,Failed to perform, curl: (56) Recv failure: Connection was reset. See https://curl.se/libcurl/c/libcurl-errors.html first for more details.,2026-01-21T04:32:29.901903
720,https://www.fotocasa.es/es/comprar/viviendas/espana/todas-las-zonas/l/720,Failed to perform, curl: (56) Recv failure: Connection was reset. See https://curl.se/libcurl/c/libcurl-errors.html first for more details.,2026-01-21T04:32:30.118056
727,https://www.fotocasa.es/es/comprar/viviendas/espana/todas-las-zonas/l/727,Failed to perform, curl: (56) Recv failure: Connection was reset. See https://curl.se/libcurl/c/libcurl-errors.html first for more details.,2026-01-21T04:32:52.518454
735,https://www.fotocasa.es/es/comprar/viviendas/espana/todas-las-zonas/l/735,Failed to perform, curl: (56) Recv failure: Connection was reset. See https://curl.se/libcurl/c/libcurl-errors.html first for more details.,2026-01-21T04:32:52.518454
728,https://www.fotocasa.es/es/comprar/viviendas/espana/todas-las-zonas/l/728,Failed to perform, curl: (56) Recv failure: Connection was reset. See https://curl.se/libcurl/c/libcurl-errors.html first for more details.,2026-01-21T04:32:52.518454
732,https://www.fotocasa.es/es/comprar/viviendas/espana/todas-las-zonas/l/732,Failed to perform, curl: (56) Recv failure: Connection was reset. See https://curl.se/libcurl/c/libcurl-errors.html first for more details.,2026-01-21T04:32:52.537822
734,https://www.fotocasa.es/es/comprar/viviendas/espana/todas-las-zonas/l/734,Failed to perform, curl: (56) Recv failure: Connection was reset. See https://curl.se/libcurl/c/libcurl-errors.html first for more details.,2026-01-21T04:32:52.547389
737,https://www.fotocasa.es/es/comprar/viviendas/espana/todas-las-zonas/l/737,Failed to perform, curl: (56) Recv failure: Connection was reset. See https://curl.se/libcurl/c/libcurl-errors.html first for more details.,2026-01-21T04:32:52.547389
733,https://www.fotocasa.es/es/comprar/viviendas/espana/todas-las-zonas/l/733,Failed to perform, curl: (56) Recv failure: Connection was reset. See https://curl.se/libcurl/c/libcurl-errors.html first for more details.,2026-01-21T04:32:52.548392
739,https://www.fotocasa.es/es/comprar/viviendas/espana/todas-las-zonas/l/739,Failed to perform, curl: (56) Recv failure: Connection was reset. See https://curl.se/libcurl/c/libcurl-errors.html first for more details.,2026-01-21T04:32:52.548392
740,https://www.fotocasa.es/es/comprar/viviendas/espana/todas-las-zonas/l/740,Failed to perform, curl: (56) Recv failure: Connection was reset. See https://curl.se/libcurl/c/libcurl-errors.html first for more details.,2026-01-21T04:32:52.590519
744,https://www.fotocasa.es/es/comprar/viviendas/espana/todas-las-zonas/l/744,Failed to perform, curl: (56) Recv failure: Connection was reset. See https://curl.se/libcurl/c/libcurl-errors.html first for more details.,2026-01-21T04:33:15.011228
750,https://www.fotocasa.es/es/comprar/viviendas/espana/todas-las-zonas/l/750,Failed to perform, curl: (56) Recv failure: Connection was reset. See https://curl.se/libcurl/c/libcurl-errors.html first for more details.,2026-01-21T04:33:15.026427
751,https://www.fotocasa.es/es/comprar/viviendas/espana/todas-las-zonas/l/751,Failed to perform, curl: (56) Recv failure: Connection was reset. See https://curl.se/libcurl/c/libcurl-errors.html first for more details.,2026-01-21T04:33:15.042133
755,https://www.fotocasa.es/es/comprar/viviendas/espana/todas-las-zonas/l/755,Failed to perform, curl: (56) Recv failure: Connection was reset. See https://curl.se/libcurl/c/libcurl-errors.html first for more details.,2026-01-21T04:33:15.073757
753,https://www.fotocasa.es/es/comprar/viviendas/espana/todas-las-zonas/l/753,Failed to perform, curl: (56) Recv failure: Connection was reset. See https://curl.se/libcurl/c/libcurl-errors.html first for more details.,2026-01-21T04:33:15.073757
759,https://www.fotocasa.es/es/comprar/viviendas/espana/todas-las-zonas/l/759,Failed to perform, curl: (56) Recv failure: Connection was reset. See https://curl.se/libcurl/c/libcurl-errors.html first for more details.,2026-01-21T04:33:15.090290
752,https://www.fotocasa.es/es/comprar/viviendas/espana/todas-las-zonas/l/752,Failed to perform, curl: (56) Recv failure: Connection was reset. See https://curl.se/libcurl/c/libcurl-errors.html first for more details.,2026-01-21T04:33:15.091287
757,https://www.fotocasa.es/es/comprar/viviendas/espana/todas-las-zonas/l/757,Failed to perform, curl: (56) Recv failure: Connection was reset. See https://curl.se/libcurl/c/libcurl-errors.html first for more details.,2026-01-21T04:33:15.091287
756,https://www.fotocasa.es/es/comprar/viviendas/espana/todas-las-zonas/l/756,Failed to perform, curl: (56) Recv failure: Connection was reset. See https://curl.se/libcurl/c/libcurl-errors.html first for more details.,2026-01-21T04:33:15.103921
767,https://www.fotocasa.es/es/comprar/viviendas/espana/todas-las-zonas/l/767,Failed to perform, curl: (56) Recv failure: Connection was reset. See https://curl.se/libcurl/c/libcurl-errors.html first for more details.,2026-01-21T04:33:37.504706
769,https://www.fotocasa.es/es/comprar/viviendas/espana/todas-las-zonas/l/769,Failed to perform, curl: (56) Recv failure: Connection was reset. See https://curl.se/libcurl/c/libcurl-errors.html first for more details.,2026-01-21T04:33:37.522184
761,https://www.fotocasa.es/es/comprar/viviendas/espana/todas-las-zonas/l/761,Failed to perform, curl: (56) Recv failure: Connection was reset. See https://curl.se/libcurl/c/libcurl-errors.html first for more details.,2026-01-21T04:33:37.523694
765,https://www.fotocasa.es/es/comprar/viviendas/espana/todas-las-zonas/l/765,Failed to perform, curl: (56) Recv failure: Connection was reset. See https://curl.se/libcurl/c/libcurl-errors.html first for more details.,2026-01-21T04:33:37.604249
774,https://www.fotocasa.es/es/comprar/viviendas/espana/todas-las-zonas/l/774,Failed to perform, curl: (56) Recv failure: Connection was reset. See https://curl.se/libcurl/c/libcurl-errors.html first for more details.,2026-01-21T04:33:37.605252
772,https://www.fotocasa.es/es/comprar/viviendas/espana/todas-las-zonas/l/772,Failed to perform, curl: (56) Recv failure: Connection was reset. See https://curl.se/libcurl/c/libcurl-errors.html first for more details.,2026-01-21T04:33:37.606257
777,https://www.fotocasa.es/es/comprar/viviendas/espana/todas-las-zonas/l/777,Failed to perform, curl: (56) Recv failure: Connection was reset. See https://curl.se/libcurl/c/libcurl-errors.html first for more details.,2026-01-21T04:33:37.614801
773,https://www.fotocasa.es/es/comprar/viviendas/espana/todas-las-zonas/l/773,Failed to perform, curl: (56) Recv failure: Connection was reset. See https://curl.se/libcurl/c/libcurl-errors.html first for more details.,2026-01-21T04:33:37.630284
778,https://www.fotocasa.es/es/comprar/viviendas/espana/todas-las-zonas/l/778,Failed to perform, curl: (56) Recv failure: Connection was reset. See https://curl.se/libcurl/c/libcurl-errors.html first for more details.,2026-01-21T04:33:37.677345
762,https://www.fotocasa.es/es/comprar/viviendas/espana/todas-las-zonas/l/762,Failed to perform, curl: (56) Recv failure: Connection was reset. See https://curl.se/libcurl/c/libcurl-errors.html first for more details.,2026-01-21T04:33:37.677345
787,https://www.fotocasa.es/es/comprar/viviendas/espana/todas-las-zonas/l/787,Failed to perform, curl: (56) Recv failure: Connection was reset. See https://curl.se/libcurl/c/libcurl-errors.html first for more details.,2026-01-21T04:34:00.079129
783,https://www.fotocasa.es/es/comprar/viviendas/espana/todas-las-zonas/l/783,Failed to perform, curl: (56) Recv failure: Connection was reset. See https://curl.se/libcurl/c/libcurl-errors.html first for more details.,2026-01-21T04:34:00.089635
784,https://www.fotocasa.es/es/comprar/viviendas/espana/todas-las-zonas/l/784,Failed to perform, curl: (56) Recv failure: Connection was reset. See https://curl.se/libcurl/c/libcurl-errors.html first for more details.,2026-01-21T04:34:00.090143
786,https://www.fotocasa.es/es/comprar/viviendas/espana/todas-las-zonas/l/786,Failed to perform, curl: (56) Recv failure: Connection was reset. See https://curl.se/libcurl/c/libcurl-errors.html first for more details.,2026-01-21T04:34:00.091146
785,https://www.fotocasa.es/es/comprar/viviendas/espana/todas-las-zonas/l/785,Failed to perform, curl: (56) Recv failure: Connection was reset. See https://curl.se/libcurl/c/libcurl-errors.html first for more details.,2026-01-21T04:34:00.091146
794,https://www.fotocasa.es/es/comprar/viviendas/espana/todas-las-zonas/l/794,Failed to perform, curl: (56) Recv failure: Connection was reset. See https://curl.se/libcurl/c/libcurl-errors.html first for more details.,2026-01-21T04:34:00.102665
791,https://www.fotocasa.es/es/comprar/viviendas/espana/todas-las-zonas/l/791,Failed to perform, curl: (56) Recv failure: Connection was reset. See https://curl.se/libcurl/c/libcurl-errors.html first for more details.,2026-01-21T04:34:00.119105
798,https://www.fotocasa.es/es/comprar/viviendas/espana/todas-las-zonas/l/798,Failed to perform, curl: (56) Recv failure: Connection was reset. See https://curl.se/libcurl/c/libcurl-errors.html first for more details.,2026-01-21T04:34:00.135131
796,https://www.fotocasa.es/es/comprar/viviendas/espana/todas-las-zonas/l/796,Failed to perform, curl: (56) Recv failure: Connection was reset. See https://curl.se/libcurl/c/libcurl-errors.html first for more details.,2026-01-21T04:34:00.136134
800,https://www.fotocasa.es/es/comprar/viviendas/espana/todas-las-zonas/l/800,Failed to perform, curl: (56) Recv failure: Connection was reset. See https://curl.se/libcurl/c/libcurl-errors.html first for more details.,2026-01-21T04:34:00.136134
782,https://www.fotocasa.es/es/comprar/viviendas/espana/todas-las-zonas/l/782,Failed to perform, curl: (56) Recv failure: Connection was reset. See https://curl.se/libcurl/c/libcurl-errors.html first for more details.,2026-01-21T04:34:00.198722
790,https://www.fotocasa.es/es/comprar/viviendas/espana/todas-las-zonas/l/790,Failed to perform, curl: (56) Recv failure: Connection was reset. See https://curl.se/libcurl/c/libcurl-errors.html first for more details.,2026-01-21T04:34:00.198722
781,https://www.fotocasa.es/es/comprar/viviendas/espana/todas-las-zonas/l/781,Failed to perform, curl: (56) Recv failure: Connection was reset. See https://curl.se/libcurl/c/libcurl-errors.html first for more details.,2026-01-21T04:34:00.198722
789,https://www.fotocasa.es/es/comprar/viviendas/espana/todas-las-zonas/l/789,Failed to perform, curl: (56) Recv failure: Connection was reset. See https://curl.se/libcurl/c/libcurl-errors.html first for more details.,2026-01-21T04:34:00.199722
788,https://www.fotocasa.es/es/comprar/viviendas/espana/todas-las-zonas/l/788,Failed to perform, curl: (56) Recv failure: Connection was reset. See https://curl.se/libcurl/c/libcurl-errors.html first for more details.,2026-01-21T04:34:00.200718
803,https://www.fotocasa.es/es/comprar/viviendas/espana/todas-las-zonas/l/803,Failed to perform, curl: (56) Recv failure: Connection was reset. See https://curl.se/libcurl/c/libcurl-errors.html first for more details.,2026-01-21T04:34:22.646008
802,https://www.fotocasa.es/es/comprar/viviendas/espana/todas-las-zonas/l/802,Failed to perform, curl: (56) Recv failure: Connection was reset. See https://curl.se/libcurl/c/libcurl-errors.html first for more details.,2026-01-21T04:34:22.661226
804,https://www.fotocasa.es/es/comprar/viviendas/espana/todas-las-zonas/l/804,Failed to perform, curl: (56) Recv failure: Connection was reset. See https://curl.se/libcurl/c/libcurl-errors.html first for more details.,2026-01-21T04:34:22.676823
807,https://www.fotocasa.es/es/comprar/viviendas/espana/todas-las-zonas/l/807,Failed to perform, curl: (56) Recv failure: Connection was reset. See https://curl.se/libcurl/c/libcurl-errors.html first for more details.,2026-01-21T04:34:22.737877
809,https://www.fotocasa.es/es/comprar/viviendas/espana/todas-las-zonas/l/809,Failed to perform, curl: (56) Recv failure: Connection was reset. See https://curl.se/libcurl/c/libcurl-errors.html first for more details.,2026-01-21T04:34:22.780337
811,https://www.fotocasa.es/es/comprar/viviendas/espana/todas-las-zonas/l/811,Failed to perform, curl: (56) Recv failure: Connection was reset. See https://curl.se/libcurl/c/libcurl-errors.html first for more details.,2026-01-21T04:34:22.858633
816,https://www.fotocasa.es/es/comprar/viviendas/espana/todas-las-zonas/l/816,Failed to perform, curl: (56) Recv failure: Connection was reset. See https://curl.se/libcurl/c/libcurl-errors.html first for more details.,2026-01-21T04:34:22.874778
814,https://www.fotocasa.es/es/comprar/viviendas/espana/todas-las-zonas/l/814,Failed to perform, curl: (56) Recv failure: Connection was reset. See https://curl.se/libcurl/c/libcurl-errors.html first for more details.,2026-01-21T04:34:22.875772
815,https://www.fotocasa.es/es/comprar/viviendas/espana/todas-las-zonas/l/815,Failed to perform, curl: (56) Recv failure: Connection was reset. See https://curl.se/libcurl/c/libcurl-errors.html first for more details.,2026-01-21T04:34:22.875772
817,https://www.fotocasa.es/es/comprar/viviendas/espana/todas-las-zonas/l/817,Failed to perform, curl: (56) Recv failure: Connection was reset. See https://curl.se/libcurl/c/libcurl-errors.html first for more details.,2026-01-21T04:34:22.903989
818,https://www.fotocasa.es/es/comprar/viviendas/espana/todas-las-zonas/l/818,Failed to perform, curl: (56) Recv failure: Connection was reset. See https://curl.se/libcurl/c/libcurl-errors.html first for more details.,2026-01-21T04:34:22.934860
822,https://www.fotocasa.es/es/comprar/viviendas/espana/todas-las-zonas/l/822,Failed to perform, curl: (56) Recv failure: Connection was reset. See https://curl.se/libcurl/c/libcurl-errors.html first for more details.,2026-01-21T04:34:45.358192
828,https://www.fotocasa.es/es/comprar/viviendas/espana/todas-las-zonas/l/828,Failed to perform, curl: (56) Recv failure: Connection was reset. See https://curl.se/libcurl/c/libcurl-errors.html first for more details.,2026-01-21T04:34:45.359190
821,https://www.fotocasa.es/es/comprar/viviendas/espana/todas-las-zonas/l/821,Failed to perform, curl: (56) Recv failure: Connection was reset. See https://curl.se/libcurl/c/libcurl-errors.html first for more details.,2026-01-21T04:34:45.359190
830,https://www.fotocasa.es/es/comprar/viviendas/espana/todas-las-zonas/l/830,Failed to perform, curl: (56) Recv failure: Connection was reset. See https://curl.se/libcurl/c/libcurl-errors.html first for more details.,2026-01-21T04:34:45.359190
832,https://www.fotocasa.es/es/comprar/viviendas/espana/todas-las-zonas/l/832,Failed to perform, curl: (56) Recv failure: Connection was reset. See https://curl.se/libcurl/c/libcurl-errors.html first for more details.,2026-01-21T04:34:45.384744
835,https://www.fotocasa.es/es/comprar/viviendas/espana/todas-las-zonas/l/835,Failed to perform, curl: (56) Recv failure: Connection was reset. See https://curl.se/libcurl/c/libcurl-errors.html first for more details.,2026-01-21T04:34:45.398231
842,https://www.fotocasa.es/es/comprar/viviendas/espana/todas-las-zonas/l/842,Failed to perform, curl: (56) Recv failure: Connection was reset. See https://curl.se/libcurl/c/libcurl-errors.html first for more details.,2026-01-21T04:35:08.177759
847,https://www.fotocasa.es/es/comprar/viviendas/espana/todas-las-zonas/l/847,Failed to perform, curl: (56) Recv failure: Connection was reset. See https://curl.se/libcurl/c/libcurl-errors.html first for more details.,2026-01-21T04:35:08.178750
845,https://www.fotocasa.es/es/comprar/viviendas/espana/todas-las-zonas/l/845,Failed to perform, curl: (56) Recv failure: Connection was reset. See https://curl.se/libcurl/c/libcurl-errors.html first for more details.,2026-01-21T04:35:08.178750
844,https://www.fotocasa.es/es/comprar/viviendas/espana/todas-las-zonas/l/844,Failed to perform, curl: (56) Recv failure: Connection was reset. See https://curl.se/libcurl/c/libcurl-errors.html first for more details.,2026-01-21T04:35:08.179748
849,https://www.fotocasa.es/es/comprar/viviendas/espana/todas-las-zonas/l/849,Failed to perform, curl: (56) Recv failure: Connection was reset. See https://curl.se/libcurl/c/libcurl-errors.html first for more details.,2026-01-21T04:35:08.270569
852,https://www.fotocasa.es/es/comprar/viviendas/espana/todas-las-zonas/l/852,Failed to perform, curl: (56) Recv failure: Connection was reset. See https://curl.se/libcurl/c/libcurl-errors.html first for more details.,2026-01-21T04:35:08.567872
853,https://www.fotocasa.es/es/comprar/viviendas/espana/todas-las-zonas/l/853,Failed to perform, curl: (56) Recv failure: Connection was reset. See https://curl.se/libcurl/c/libcurl-errors.html first for more details.,2026-01-21T04:35:08.567872
856,https://www.fotocasa.es/es/comprar/viviendas/espana/todas-las-zonas/l/856,Failed to perform, curl: (56) Recv failure: Connection was reset. See https://curl.se/libcurl/c/libcurl-errors.html first for more details.,2026-01-21T04:35:08.568870
855,https://www.fotocasa.es/es/comprar/viviendas/espana/todas-las-zonas/l/855,Failed to perform, curl: (56) Recv failure: Connection was reset. See https://curl.se/libcurl/c/libcurl-errors.html first for more details.,2026-01-21T04:35:08.673791
860,https://www.fotocasa.es/es/comprar/viviendas/espana/todas-las-zonas/l/860,Failed to perform, curl: (56) Recv failure: Connection was reset. See https://curl.se/libcurl/c/libcurl-errors.html first for more details.,2026-01-21T04:35:08.766761
857,https://www.fotocasa.es/es/comprar/viviendas/espana/todas-las-zonas/l/857,Failed to perform, curl: (56) Recv failure: Connection was reset. See https://curl.se/libcurl/c/libcurl-errors.html first for more details.,2026-01-21T04:35:08.766761
859,https://www.fotocasa.es/es/comprar/viviendas/espana/todas-las-zonas/l/859,Failed to perform, curl: (56) Recv failure: Connection was reset. See https://curl.se/libcurl/c/libcurl-errors.html first for more details.,2026-01-21T04:35:08.858927
865,https://www.fotocasa.es/es/comprar/viviendas/espana/todas-las-zonas/l/865,Failed to perform, curl: (56) Recv failure: Connection was reset. See https://curl.se/libcurl/c/libcurl-errors.html first for more details.,2026-01-21T04:35:31.229480
862,https://www.fotocasa.es/es/comprar/viviendas/espana/todas-las-zonas/l/862,Failed to perform, curl: (56) Recv failure: Connection was reset. See https://curl.se/libcurl/c/libcurl-errors.html first for more details.,2026-01-21T04:35:31.246082
861,https://www.fotocasa.es/es/comprar/viviendas/espana/todas-las-zonas/l/861,Failed to perform, curl: (56) Recv failure: Connection was reset. See https://curl.se/libcurl/c/libcurl-errors.html first for more details.,2026-01-21T04:35:31.246082
868,https://www.fotocasa.es/es/comprar/viviendas/espana/todas-las-zonas/l/868,Failed to perform, curl: (56) Recv failure: Connection was reset. See https://curl.se/libcurl/c/libcurl-errors.html first for more details.,2026-01-21T04:35:31.261903
866,https://www.fotocasa.es/es/comprar/viviendas/espana/todas-las-zonas/l/866,Failed to perform, curl: (56) Recv failure: Connection was reset. See https://curl.se/libcurl/c/libcurl-errors.html first for more details.,2026-01-21T04:35:31.261903
869,https://www.fotocasa.es/es/comprar/viviendas/espana/todas-las-zonas/l/869,Failed to perform, curl: (56) Recv failure: Connection was reset. See https://curl.se/libcurl/c/libcurl-errors.html first for more details.,2026-01-21T04:35:31.262900
874,https://www.fotocasa.es/es/comprar/viviendas/espana/todas-las-zonas/l/874,Failed to perform, curl: (56) Recv failure: Connection was reset. See https://curl.se/libcurl/c/libcurl-errors.html first for more details.,2026-01-21T04:35:31.279701
876,https://www.fotocasa.es/es/comprar/viviendas/espana/todas-las-zonas/l/876,Failed to perform, curl: (56) Recv failure: Connection was reset. See https://curl.se/libcurl/c/libcurl-errors.html first for more details.,2026-01-21T04:35:31.279701
870,https://www.fotocasa.es/es/comprar/viviendas/espana/todas-las-zonas/l/870,Failed to perform, curl: (56) Recv failure: Connection was reset. See https://curl.se/libcurl/c/libcurl-errors.html first for more details.,2026-01-21T04:35:31.280699
875,https://www.fotocasa.es/es/comprar/viviendas/espana/todas-las-zonas/l/875,Failed to perform, curl: (56) Recv failure: Connection was reset. See https://curl.se/libcurl/c/libcurl-errors.html first for more details.,2026-01-21T04:35:31.280699
877,https://www.fotocasa.es/es/comprar/viviendas/espana/todas-las-zonas/l/877,Failed to perform, curl: (56) Recv failure: Connection was reset. See https://curl.se/libcurl/c/libcurl-errors.html first for more details.,2026-01-21T04:35:31.293856
885,https://www.fotocasa.es/es/comprar/viviendas/espana/todas-las-zonas/l/885,Failed to perform, curl: (56) Recv failure: Connection was reset. See https://curl.se/libcurl/c/libcurl-errors.html first for more details.,2026-01-21T04:35:53.697756
881,https://www.fotocasa.es/es/comprar/viviendas/espana/todas-las-zonas/l/881,Failed to perform, curl: (56) Recv failure: Connection was reset. See https://curl.se/libcurl/c/libcurl-errors.html first for more details.,2026-01-21T04:35:53.697756
886,https://www.fotocasa.es/es/comprar/viviendas/espana/todas-las-zonas/l/886,Failed to perform, curl: (56) Recv failure: Connection was reset. See https://curl.se/libcurl/c/libcurl-errors.html first for more details.,2026-01-21T04:35:53.730920
888,https://www.fotocasa.es/es/comprar/viviendas/espana/todas-las-zonas/l/888,Failed to perform, curl: (56) Recv failure: Connection was reset. See https://curl.se/libcurl/c/libcurl-errors.html first for more details.,2026-01-21T04:35:53.731921
890,https://www.fotocasa.es/es/comprar/viviendas/espana/todas-las-zonas/l/890,Failed to perform, curl: (56) Recv failure: Connection was reset. See https://curl.se/libcurl/c/libcurl-errors.html first for more details.,2026-01-21T04:35:53.732919
884,https://www.fotocasa.es/es/comprar/viviendas/espana/todas-las-zonas/l/884,Failed to perform, curl: (56) Recv failure: Connection was reset. See https://curl.se/libcurl/c/libcurl-errors.html first for more details.,2026-01-21T04:35:53.732919
887,https://www.fotocasa.es/es/comprar/viviendas/espana/todas-las-zonas/l/887,Failed to perform, curl: (56) Recv failure: Connection was reset. See https://curl.se/libcurl/c/libcurl-errors.html first for more details.,2026-01-21T04:35:53.733919
889,https://www.fotocasa.es/es/comprar/viviendas/espana/todas-las-zonas/l/889,Failed to perform, curl: (56) Recv failure: Connection was reset. See https://curl.se/libcurl/c/libcurl-errors.html first for more details.,2026-01-21T04:35:53.744941
897,https://www.fotocasa.es/es/comprar/viviendas/espana/todas-las-zonas/l/897,Failed to perform, curl: (56) Recv failure: Connection was reset. See https://curl.se/libcurl/c/libcurl-errors.html first for more details.,2026-01-21T04:35:53.744941
896,https://www.fotocasa.es/es/comprar/viviendas/espana/todas-las-zonas/l/896,Failed to perform, curl: (56) Recv failure: Connection was reset. See https://curl.se/libcurl/c/libcurl-errors.html first for more details.,2026-01-21T04:35:53.745944
899,https://www.fotocasa.es/es/comprar/viviendas/espana/todas-las-zonas/l/899,Failed to perform, curl: (56) Recv failure: Connection was reset. See https://curl.se/libcurl/c/libcurl-errors.html first for more details.,2026-01-21T04:35:53.759980
898,https://www.fotocasa.es/es/comprar/viviendas/espana/todas-las-zonas/l/898,Failed to perform, curl: (56) Recv failure: Connection was reset. See https://curl.se/libcurl/c/libcurl-errors.html first for more details.,2026-01-21T04:35:53.760975
900,https://www.fotocasa.es/es/comprar/viviendas/espana/todas-las-zonas/l/900,Failed to perform, curl: (56) Recv failure: Connection was reset. See https://curl.se/libcurl/c/libcurl-errors.html first for more details.,2026-01-21T04:35:53.760975
906,https://www.fotocasa.es/es/comprar/viviendas/espana/todas-las-zonas/l/906,Failed to perform, curl: (56) Recv failure: Connection was reset. See https://curl.se/libcurl/c/libcurl-errors.html first for more details.,2026-01-21T04:36:16.158436
904,https://www.fotocasa.es/es/comprar/viviendas/espana/todas-las-zonas/l/904,Failed to perform, curl: (56) Recv failure: Connection was reset. See https://curl.se/libcurl/c/libcurl-errors.html first for more details.,2026-01-21T04:36:16.159437
903,https://www.fotocasa.es/es/comprar/viviendas/espana/todas-las-zonas/l/903,Failed to perform, curl: (56) Recv failure: Connection was reset. See https://curl.se/libcurl/c/libcurl-errors.html first for more details.,2026-01-21T04:36:16.159437
905,https://www.fotocasa.es/es/comprar/viviendas/espana/todas-las-zonas/l/905,Failed to perform, curl: (56) Recv failure: Connection was reset. See https://curl.se/libcurl/c/libcurl-errors.html first for more details.,2026-01-21T04:36:16.175024
907,https://www.fotocasa.es/es/comprar/viviendas/espana/todas-las-zonas/l/907,Failed to perform, curl: (56) Recv failure: Connection was reset. See https://curl.se/libcurl/c/libcurl-errors.html first for more details.,2026-01-21T04:36:16.176019
911,https://www.fotocasa.es/es/comprar/viviendas/espana/todas-las-zonas/l/911,Failed to perform, curl: (56) Recv failure: Connection was reset. See https://curl.se/libcurl/c/libcurl-errors.html first for more details.,2026-01-21T04:36:16.176019
914,https://www.fotocasa.es/es/comprar/viviendas/espana/todas-las-zonas/l/914,Failed to perform, curl: (56) Recv failure: Connection was reset. See https://curl.se/libcurl/c/libcurl-errors.html first for more details.,2026-01-21T04:36:16.176019
901,https://www.fotocasa.es/es/comprar/viviendas/espana/todas-las-zonas/l/901,Failed to perform, curl: (56) Recv failure: Connection was reset. See https://curl.se/libcurl/c/libcurl-errors.html first for more details.,2026-01-21T04:36:16.177017
902,https://www.fotocasa.es/es/comprar/viviendas/espana/todas-las-zonas/l/902,Failed to perform, curl: (56) Recv failure: Connection was reset. See https://curl.se/libcurl/c/libcurl-errors.html first for more details.,2026-01-21T04:36:16.178016
917,https://www.fotocasa.es/es/comprar/viviendas/espana/todas-las-zonas/l/917,Failed to perform, curl: (56) Recv failure: Connection was reset. See https://curl.se/libcurl/c/libcurl-errors.html first for more details.,2026-01-21T04:36:16.188565
915,https://www.fotocasa.es/es/comprar/viviendas/espana/todas-las-zonas/l/915,Failed to perform, curl: (56) Recv failure: Connection was reset. See https://curl.se/libcurl/c/libcurl-errors.html first for more details.,2026-01-21T04:36:16.204194
923,https://www.fotocasa.es/es/comprar/viviendas/espana/todas-las-zonas/l/923,Failed to perform, curl: (56) Recv failure: Connection was reset. See https://curl.se/libcurl/c/libcurl-errors.html first for more details.,2026-01-21T04:36:38.605928
925,https://www.fotocasa.es/es/comprar/viviendas/espana/todas-las-zonas/l/925,Failed to perform, curl: (56) Recv failure: Connection was reset. See https://curl.se/libcurl/c/libcurl-errors.html first for more details.,2026-01-21T04:36:38.605928
929,https://www.fotocasa.es/es/comprar/viviendas/espana/todas-las-zonas/l/929,Failed to perform, curl: (56) Recv failure: Connection was reset. See https://curl.se/libcurl/c/libcurl-errors.html first for more details.,2026-01-21T04:36:38.606930
922,https://www.fotocasa.es/es/comprar/viviendas/espana/todas-las-zonas/l/922,Failed to perform, curl: (56) Recv failure: Connection was reset. See https://curl.se/libcurl/c/libcurl-errors.html first for more details.,2026-01-21T04:36:38.607944
939,https://www.fotocasa.es/es/comprar/viviendas/espana/todas-las-zonas/l/939,Failed to perform, curl: (56) Recv failure: Connection was reset. See https://curl.se/libcurl/c/libcurl-errors.html first for more details.,2026-01-21T04:36:38.638074
940,https://www.fotocasa.es/es/comprar/viviendas/espana/todas-las-zonas/l/940,Failed to perform, curl: (56) Recv failure: Connection was reset. See https://curl.se/libcurl/c/libcurl-errors.html first for more details.,2026-01-21T04:36:38.638074
932,https://www.fotocasa.es/es/comprar/viviendas/espana/todas-las-zonas/l/932,Failed to perform, curl: (56) Recv failure: Connection was reset. See https://curl.se/libcurl/c/libcurl-errors.html first for more details.,2026-01-21T04:36:38.638074
936,https://www.fotocasa.es/es/comprar/viviendas/espana/todas-las-zonas/l/936,Failed to perform, curl: (56) Recv failure: Connection was reset. See https://curl.se/libcurl/c/libcurl-errors.html first for more details.,2026-01-21T04:36:38.639066
930,https://www.fotocasa.es/es/comprar/viviendas/espana/todas-las-zonas/l/930,Failed to perform, curl: (56) Recv failure: Connection was reset. See https://curl.se/libcurl/c/libcurl-errors.html first for more details.,2026-01-21T04:36:38.639066
933,https://www.fotocasa.es/es/comprar/viviendas/espana/todas-las-zonas/l/933,Failed to perform, curl: (56) Recv failure: Connection was reset. See https://curl.se/libcurl/c/libcurl-errors.html first for more details.,2026-01-21T04:36:38.640063
938,https://www.fotocasa.es/es/comprar/viviendas/espana/todas-las-zonas/l/938,Failed to perform, curl: (56) Recv failure: Connection was reset. See https://curl.se/libcurl/c/libcurl-errors.html first for more details.,2026-01-21T04:36:38.649848
944,https://www.fotocasa.es/es/comprar/viviendas/espana/todas-las-zonas/l/944,Failed to perform, curl: (56) Recv failure: Connection was reset. See https://curl.se/libcurl/c/libcurl-errors.html first for more details.,2026-01-21T04:37:01.051952
942,https://www.fotocasa.es/es/comprar/viviendas/espana/todas-las-zonas/l/942,Failed to perform, curl: (56) Recv failure: Connection was reset. See https://curl.se/libcurl/c/libcurl-errors.html first for more details.,2026-01-21T04:37:01.051952
951,https://www.fotocasa.es/es/comprar/viviendas/espana/todas-las-zonas/l/951,Failed to perform, curl: (56) Recv failure: Connection was reset. See https://curl.se/libcurl/c/libcurl-errors.html first for more details.,2026-01-21T04:37:01.051952
949,https://www.fotocasa.es/es/comprar/viviendas/espana/todas-las-zonas/l/949,Failed to perform, curl: (56) Recv failure: Connection was reset. See https://curl.se/libcurl/c/libcurl-errors.html first for more details.,2026-01-21T04:37:01.066101
950,https://www.fotocasa.es/es/comprar/viviendas/espana/todas-las-zonas/l/950,Failed to perform, curl: (56) Recv failure: Connection was reset. See https://curl.se/libcurl/c/libcurl-errors.html first for more details.,2026-01-21T04:37:01.067100
955,https://www.fotocasa.es/es/comprar/viviendas/espana/todas-las-zonas/l/955,Failed to perform, curl: (56) Recv failure: Connection was reset. See https://curl.se/libcurl/c/libcurl-errors.html first for more details.,2026-01-21T04:37:01.083645
959,https://www.fotocasa.es/es/comprar/viviendas/espana/todas-las-zonas/l/959,Failed to perform, curl: (56) Recv failure: Connection was reset. See https://curl.se/libcurl/c/libcurl-errors.html first for more details.,2026-01-21T04:37:01.083645
953,https://www.fotocasa.es/es/comprar/viviendas/espana/todas-las-zonas/l/953,Failed to perform, curl: (56) Recv failure: Connection was reset. See https://curl.se/libcurl/c/libcurl-errors.html first for more details.,2026-01-21T04:37:01.083645
952,https://www.fotocasa.es/es/comprar/viviendas/espana/todas-las-zonas/l/952,Failed to perform, curl: (56) Recv failure: Connection was reset. See https://curl.se/libcurl/c/libcurl-errors.html first for more details.,2026-01-21T04:37:01.084669
954,https://www.fotocasa.es/es/comprar/viviendas/espana/todas-las-zonas/l/954,Failed to perform, curl: (56) Recv failure: Connection was reset. See https://curl.se/libcurl/c/libcurl-errors.html first for more details.,2026-01-21T04:37:01.084669
957,https://www.fotocasa.es/es/comprar/viviendas/espana/todas-las-zonas/l/957,Failed to perform, curl: (56) Recv failure: Connection was reset. See https://curl.se/libcurl/c/libcurl-errors.html first for more details.,2026-01-21T04:37:01.095633
961,https://www.fotocasa.es/es/comprar/viviendas/espana/todas-las-zonas/l/961,Failed to perform, curl: (56) Recv failure: Connection was reset. See https://curl.se/libcurl/c/libcurl-errors.html first for more details.,2026-01-21T04:37:23.468063
962,https://www.fotocasa.es/es/comprar/viviendas/espana/todas-las-zonas/l/962,Failed to perform, curl: (56) Recv failure: Connection was reset. See https://curl.se/libcurl/c/libcurl-errors.html first for more details.,2026-01-21T04:37:23.499020
966,https://www.fotocasa.es/es/comprar/viviendas/espana/todas-las-zonas/l/966,Failed to perform, curl: (56) Recv failure: Connection was reset. See https://curl.se/libcurl/c/libcurl-errors.html first for more details.,2026-01-21T04:37:23.500016
967,https://www.fotocasa.es/es/comprar/viviendas/espana/todas-las-zonas/l/967,Failed to perform, curl: (56) Recv failure: Connection was reset. See https://curl.se/libcurl/c/libcurl-errors.html first for more details.,2026-01-21T04:37:23.500016
969,https://www.fotocasa.es/es/comprar/viviendas/espana/todas-las-zonas/l/969,Failed to perform, curl: (56) Recv failure: Connection was reset. See https://curl.se/libcurl/c/libcurl-errors.html first for more details.,2026-01-21T04:37:23.513801
970,https://www.fotocasa.es/es/comprar/viviendas/espana/todas-las-zonas/l/970,Failed to perform, curl: (56) Recv failure: Connection was reset. See https://curl.se/libcurl/c/libcurl-errors.html first for more details.,2026-01-21T04:37:23.531491
976,https://www.fotocasa.es/es/comprar/viviendas/espana/todas-las-zonas/l/976,Failed to perform, curl: (56) Recv failure: Connection was reset. See https://curl.se/libcurl/c/libcurl-errors.html first for more details.,2026-01-21T04:37:23.531491
975,https://www.fotocasa.es/es/comprar/viviendas/espana/todas-las-zonas/l/975,Failed to perform, curl: (56) Recv failure: Connection was reset. See https://curl.se/libcurl/c/libcurl-errors.html first for more details.,2026-01-21T04:37:23.531491
978,https://www.fotocasa.es/es/comprar/viviendas/espana/todas-las-zonas/l/978,Failed to perform, curl: (56) Recv failure: Connection was reset. See https://curl.se/libcurl/c/libcurl-errors.html first for more details.,2026-01-21T04:37:23.532484
980,https://www.fotocasa.es/es/comprar/viviendas/espana/todas-las-zonas/l/980,Failed to perform, curl: (56) Recv failure: Connection was reset. See https://curl.se/libcurl/c/libcurl-errors.html first for more details.,2026-01-21T04:37:23.532484
974,https://www.fotocasa.es/es/comprar/viviendas/espana/todas-las-zonas/l/974,Failed to perform, curl: (28) Operation timed out after 30001 milliseconds with 66267 bytes received. See https://curl.se/libcurl/c/libcurl-errors.html first for more details.,2026-01-21T04:37:34.154196
986,https://www.fotocasa.es/es/comprar/viviendas/espana/todas-las-zonas/l/986,Failed to perform, curl: (56) Recv failure: Connection was reset. See https://curl.se/libcurl/c/libcurl-errors.html first for more details.,2026-01-21T04:37:56.541655
981,https://www.fotocasa.es/es/comprar/viviendas/espana/todas-las-zonas/l/981,Failed to perform, curl: (56) Recv failure: Connection was reset. See https://curl.se/libcurl/c/libcurl-errors.html first for more details.,2026-01-21T04:37:56.557638
984,https://www.fotocasa.es/es/comprar/viviendas/espana/todas-las-zonas/l/984,Failed to perform, curl: (56) Recv failure: Connection was reset. See https://curl.se/libcurl/c/libcurl-errors.html first for more details.,2026-01-21T04:37:56.557638
987,https://www.fotocasa.es/es/comprar/viviendas/espana/todas-las-zonas/l/987,Failed to perform, curl: (56) Recv failure: Connection was reset. See https://curl.se/libcurl/c/libcurl-errors.html first for more details.,2026-01-21T04:37:56.575140
983,https://www.fotocasa.es/es/comprar/viviendas/espana/todas-las-zonas/l/983,Failed to perform, curl: (56) Recv failure: Connection was reset. See https://curl.se/libcurl/c/libcurl-errors.html first for more details.,2026-01-21T04:37:56.575140
982,https://www.fotocasa.es/es/comprar/viviendas/espana/todas-las-zonas/l/982,Failed to perform, curl: (56) Recv failure: Connection was reset. See https://curl.se/libcurl/c/libcurl-errors.html first for more details.,2026-01-21T04:37:56.575140
990,https://www.fotocasa.es/es/comprar/viviendas/espana/todas-las-zonas/l/990,Failed to perform, curl: (56) Recv failure: Connection was reset. See https://curl.se/libcurl/c/libcurl-errors.html first for more details.,2026-01-21T04:37:56.577141
995,https://www.fotocasa.es/es/comprar/viviendas/espana/todas-las-zonas/l/995,Failed to perform, curl: (56) Recv failure: Connection was reset. See https://curl.se/libcurl/c/libcurl-errors.html first for more details.,2026-01-21T04:37:56.665933
996,https://www.fotocasa.es/es/comprar/viviendas/espana/todas-las-zonas/l/996,Failed to perform, curl: (56) Recv failure: Connection was reset. See https://curl.se/libcurl/c/libcurl-errors.html first for more details.,2026-01-21T04:37:56.666935
994,https://www.fotocasa.es/es/comprar/viviendas/espana/todas-las-zonas/l/994,Failed to perform, curl: (56) Recv failure: Connection was reset. See https://curl.se/libcurl/c/libcurl-errors.html first for more details.,2026-01-21T04:37:56.680843
1003,https://www.fotocasa.es/es/comprar/viviendas/espana/todas-las-zonas/l/1003,Failed to perform, curl: (56) Recv failure: Connection was reset. See https://curl.se/libcurl/c/libcurl-errors.html first for more details.,2026-01-21T04:38:19.075697
1001,https://www.fotocasa.es/es/comprar/viviendas/espana/todas-las-zonas/l/1001,Failed to perform, curl: (56) Recv failure: Connection was reset. See https://curl.se/libcurl/c/libcurl-errors.html first for more details.,2026-01-21T04:38:19.075697
1004,https://www.fotocasa.es/es/comprar/viviendas/espana/todas-las-zonas/l/1004,Failed to perform, curl: (56) Recv failure: Connection was reset. See https://curl.se/libcurl/c/libcurl-errors.html first for more details.,2026-01-21T04:38:19.076696
1009,https://www.fotocasa.es/es/comprar/viviendas/espana/todas-las-zonas/l/1009,Failed to perform, curl: (56) Recv failure: Connection was reset. See https://curl.se/libcurl/c/libcurl-errors.html first for more details.,2026-01-21T04:38:19.089079
1012,https://www.fotocasa.es/es/comprar/viviendas/espana/todas-las-zonas/l/1012,Failed to perform, curl: (56) Recv failure: Connection was reset. See https://curl.se/libcurl/c/libcurl-errors.html first for more details.,2026-01-21T04:38:19.107081
1013,https://www.fotocasa.es/es/comprar/viviendas/espana/todas-las-zonas/l/1013,Failed to perform, curl: (56) Recv failure: Connection was reset. See https://curl.se/libcurl/c/libcurl-errors.html first for more details.,2026-01-21T04:38:19.107081
1016,https://www.fotocasa.es/es/comprar/viviendas/espana/todas-las-zonas/l/1016,Failed to perform, curl: (56) Recv failure: Connection was reset. See https://curl.se/libcurl/c/libcurl-errors.html first for more details.,2026-01-21T04:38:19.107081
1015,https://www.fotocasa.es/es/comprar/viviendas/espana/todas-las-zonas/l/1015,Failed to perform, curl: (56) Recv failure: Connection was reset. See https://curl.se/libcurl/c/libcurl-errors.html first for more details.,2026-01-21T04:38:19.120174
1020,https://www.fotocasa.es/es/comprar/viviendas/espana/todas-las-zonas/l/1020,Failed to perform, curl: (56) Recv failure: Connection was reset. See https://curl.se/libcurl/c/libcurl-errors.html first for more details.,2026-01-21T04:38:19.136648
1023,https://www.fotocasa.es/es/comprar/viviendas/espana/todas-las-zonas/l/1023,Failed to perform, curl: (56) Recv failure: Connection was reset. See https://curl.se/libcurl/c/libcurl-errors.html first for more details.,2026-01-21T04:38:41.529297
1029,https://www.fotocasa.es/es/comprar/viviendas/espana/todas-las-zonas/l/1029,Failed to perform, curl: (56) Recv failure: Connection was reset. See https://curl.se/libcurl/c/libcurl-errors.html first for more details.,2026-01-21T04:38:41.544458
1033,https://www.fotocasa.es/es/comprar/viviendas/espana/todas-las-zonas/l/1033,Failed to perform, curl: (56) Recv failure: Connection was reset. See https://curl.se/libcurl/c/libcurl-errors.html first for more details.,2026-01-21T04:38:41.563640
1027,https://www.fotocasa.es/es/comprar/viviendas/espana/todas-las-zonas/l/1027,Failed to perform, curl: (56) Recv failure: Connection was reset. See https://curl.se/libcurl/c/libcurl-errors.html first for more details.,2026-01-21T04:38:41.565927
1021,https://www.fotocasa.es/es/comprar/viviendas/espana/todas-las-zonas/l/1021,Failed to perform, curl: (56) Recv failure: Connection was reset. See https://curl.se/libcurl/c/libcurl-errors.html first for more details.,2026-01-21T04:38:41.565927
1028,https://www.fotocasa.es/es/comprar/viviendas/espana/todas-las-zonas/l/1028,Failed to perform, curl: (56) Recv failure: Connection was reset. See https://curl.se/libcurl/c/libcurl-errors.html first for more details.,2026-01-21T04:38:41.569135
1022,https://www.fotocasa.es/es/comprar/viviendas/espana/todas-las-zonas/l/1022,Failed to perform, curl: (56) Recv failure: Connection was reset. See https://curl.se/libcurl/c/libcurl-errors.html first for more details.,2026-01-21T04:38:41.569135
1032,https://www.fotocasa.es/es/comprar/viviendas/espana/todas-las-zonas/l/1032,Failed to perform, curl: (56) Recv failure: Connection was reset. See https://curl.se/libcurl/c/libcurl-errors.html first for more details.,2026-01-21T04:38:41.570130
1025,https://www.fotocasa.es/es/comprar/viviendas/espana/todas-las-zonas/l/1025,Failed to perform, curl: (56) Recv failure: Connection was reset. See https://curl.se/libcurl/c/libcurl-errors.html first for more details.,2026-01-21T04:38:41.570130
1031,https://www.fotocasa.es/es/comprar/viviendas/espana/todas-las-zonas/l/1031,Failed to perform, curl: (56) Recv failure: Connection was reset. See https://curl.se/libcurl/c/libcurl-errors.html first for more details.,2026-01-21T04:38:41.570130
1038,https://www.fotocasa.es/es/comprar/viviendas/espana/todas-las-zonas/l/1038,Failed to perform, curl: (56) Recv failure: Connection was reset. See https://curl.se/libcurl/c/libcurl-errors.html first for more details.,2026-01-21T04:38:41.571198
1026,https://www.fotocasa.es/es/comprar/viviendas/espana/todas-las-zonas/l/1026,Failed to perform, curl: (56) Recv failure: Connection was reset. See https://curl.se/libcurl/c/libcurl-errors.html first for more details.,2026-01-21T04:38:41.571198
1052,https://www.fotocasa.es/es/comprar/viviendas/espana/todas-las-zonas/l/1052,Failed to perform, curl: (56) Recv failure: Connection was reset. See https://curl.se/libcurl/c/libcurl-errors.html first for more details.,2026-01-21T04:39:03.974792
1050,https://www.fotocasa.es/es/comprar/viviendas/espana/todas-las-zonas/l/1050,Failed to perform, curl: (56) Recv failure: Connection was reset. See https://curl.se/libcurl/c/libcurl-errors.html first for more details.,2026-01-21T04:39:03.974792
1046,https://www.fotocasa.es/es/comprar/viviendas/espana/todas-las-zonas/l/1046,Failed to perform, curl: (56) Recv failure: Connection was reset. See https://curl.se/libcurl/c/libcurl-errors.html first for more details.,2026-01-21T04:39:03.991900
1041,https://www.fotocasa.es/es/comprar/viviendas/espana/todas-las-zonas/l/1041,Failed to perform, curl: (56) Recv failure: Connection was reset. See https://curl.se/libcurl/c/libcurl-errors.html first for more details.,2026-01-21T04:39:03.991900
1044,https://www.fotocasa.es/es/comprar/viviendas/espana/todas-las-zonas/l/1044,Failed to perform, curl: (56) Recv failure: Connection was reset. See https://curl.se/libcurl/c/libcurl-errors.html first for more details.,2026-01-21T04:39:03.993409
1053,https://www.fotocasa.es/es/comprar/viviendas/espana/todas-las-zonas/l/1053,Failed to perform, curl: (56) Recv failure: Connection was reset. See https://curl.se/libcurl/c/libcurl-errors.html first for more details.,2026-01-21T04:39:03.993409
1045,https://www.fotocasa.es/es/comprar/viviendas/espana/todas-las-zonas/l/1045,Failed to perform, curl: (56) Recv failure: Connection was reset. See https://curl.se/libcurl/c/libcurl-errors.html first for more details.,2026-01-21T04:39:03.993409
1056,https://www.fotocasa.es/es/comprar/viviendas/espana/todas-las-zonas/l/1056,Failed to perform, curl: (56) Recv failure: Connection was reset. See https://curl.se/libcurl/c/libcurl-errors.html first for more details.,2026-01-21T04:39:04.011295
1058,https://www.fotocasa.es/es/comprar/viviendas/espana/todas-las-zonas/l/1058,Failed to perform, curl: (56) Recv failure: Connection was reset. See https://curl.se/libcurl/c/libcurl-errors.html first for more details.,2026-01-21T04:39:04.011295
1054,https://www.fotocasa.es/es/comprar/viviendas/espana/todas-las-zonas/l/1054,Failed to perform, curl: (56) Recv failure: Connection was reset. See https://curl.se/libcurl/c/libcurl-errors.html first for more details.,2026-01-21T04:39:04.025516
1062,https://www.fotocasa.es/es/comprar/viviendas/espana/todas-las-zonas/l/1062,Failed to perform, curl: (56) Recv failure: Connection was reset. See https://curl.se/libcurl/c/libcurl-errors.html first for more details.,2026-01-21T04:39:26.426711
1068,https://www.fotocasa.es/es/comprar/viviendas/espana/todas-las-zonas/l/1068,Failed to perform, curl: (56) Recv failure: Connection was reset. See https://curl.se/libcurl/c/libcurl-errors.html first for more details.,2026-01-21T04:39:26.427708
1070,https://www.fotocasa.es/es/comprar/viviendas/espana/todas-las-zonas/l/1070,Failed to perform, curl: (56) Recv failure: Connection was reset. See https://curl.se/libcurl/c/libcurl-errors.html first for more details.,2026-01-21T04:39:26.441217
1061,https://www.fotocasa.es/es/comprar/viviendas/espana/todas-las-zonas/l/1061,Failed to perform, curl: (56) Recv failure: Connection was reset. See https://curl.se/libcurl/c/libcurl-errors.html first for more details.,2026-01-21T04:39:26.458763
1071,https://www.fotocasa.es/es/comprar/viviendas/espana/todas-las-zonas/l/1071,Failed to perform, curl: (56) Recv failure: Connection was reset. See https://curl.se/libcurl/c/libcurl-errors.html first for more details.,2026-01-21T04:39:26.459762
1074,https://www.fotocasa.es/es/comprar/viviendas/espana/todas-las-zonas/l/1074,Failed to perform, curl: (56) Recv failure: Connection was reset. See https://curl.se/libcurl/c/libcurl-errors.html first for more details.,2026-01-21T04:39:26.460758
1083,https://www.fotocasa.es/es/comprar/viviendas/espana/todas-las-zonas/l/1083,Failed to perform, curl: (56) Recv failure: Connection was reset. See https://curl.se/libcurl/c/libcurl-errors.html first for more details.,2026-01-21T04:39:48.868231
1087,https://www.fotocasa.es/es/comprar/viviendas/espana/todas-las-zonas/l/1087,Failed to perform, curl: (56) Recv failure: Connection was reset. See https://curl.se/libcurl/c/libcurl-errors.html first for more details.,2026-01-21T04:39:48.868231
1090,https://www.fotocasa.es/es/comprar/viviendas/espana/todas-las-zonas/l/1090,Failed to perform, curl: (56) Recv failure: Connection was reset. See https://curl.se/libcurl/c/libcurl-errors.html first for more details.,2026-01-21T04:39:48.885376
1095,https://www.fotocasa.es/es/comprar/viviendas/espana/todas-las-zonas/l/1095,Failed to perform, curl: (56) Recv failure: Connection was reset. See https://curl.se/libcurl/c/libcurl-errors.html first for more details.,2026-01-21T04:39:48.903208
1099,https://www.fotocasa.es/es/comprar/viviendas/espana/todas-las-zonas/l/1099,Failed to perform, curl: (56) Recv failure: Connection was reset. See https://curl.se/libcurl/c/libcurl-errors.html first for more details.,2026-01-21T04:39:48.913720
1098,https://www.fotocasa.es/es/comprar/viviendas/espana/todas-las-zonas/l/1098,Failed to perform, curl: (56) Recv failure: Connection was reset. See https://curl.se/libcurl/c/libcurl-errors.html first for more details.,2026-01-21T04:39:48.914725
1100,https://www.fotocasa.es/es/comprar/viviendas/espana/todas-las-zonas/l/1100,Failed to perform, curl: (56) Recv failure: Connection was reset. See https://curl.se/libcurl/c/libcurl-errors.html first for more details.,2026-01-21T04:39:48.915105
1088,https://www.fotocasa.es/es/comprar/viviendas/espana/todas-las-zonas/l/1088,Failed to perform, curl: (56) Recv failure: Connection was reset. See https://curl.se/libcurl/c/libcurl-errors.html first for more details.,2026-01-21T04:39:49.380496
1092,https://www.fotocasa.es/es/comprar/viviendas/espana/todas-las-zonas/l/1092,Failed to perform, curl: (56) Recv failure: Connection was reset. See https://curl.se/libcurl/c/libcurl-errors.html first for more details.,2026-01-21T04:39:49.380496
1101,https://www.fotocasa.es/es/comprar/viviendas/espana/todas-las-zonas/l/1101,Failed to perform, curl: (56) Recv failure: Connection was reset. See https://curl.se/libcurl/c/libcurl-errors.html first for more details.,2026-01-21T04:40:11.777200
1103,https://www.fotocasa.es/es/comprar/viviendas/espana/todas-las-zonas/l/1103,Failed to perform, curl: (56) Recv failure: Connection was reset. See https://curl.se/libcurl/c/libcurl-errors.html first for more details.,2026-01-21T04:40:11.794885
1107,https://www.fotocasa.es/es/comprar/viviendas/espana/todas-las-zonas/l/1107,Failed to perform, curl: (56) Recv failure: Connection was reset. See https://curl.se/libcurl/c/libcurl-errors.html first for more details.,2026-01-21T04:40:11.795892
1104,https://www.fotocasa.es/es/comprar/viviendas/espana/todas-las-zonas/l/1104,Failed to perform, curl: (56) Recv failure: Connection was reset. See https://curl.se/libcurl/c/libcurl-errors.html first for more details.,2026-01-21T04:40:11.795892
1111,https://www.fotocasa.es/es/comprar/viviendas/espana/todas-las-zonas/l/1111,Failed to perform, curl: (56) Recv failure: Connection was reset. See https://curl.se/libcurl/c/libcurl-errors.html first for more details.,2026-01-21T04:40:11.796883
1110,https://www.fotocasa.es/es/comprar/viviendas/espana/todas-las-zonas/l/1110,Failed to perform, curl: (56) Recv failure: Connection was reset. See https://curl.se/libcurl/c/libcurl-errors.html first for more details.,2026-01-21T04:40:11.808918
1112,https://www.fotocasa.es/es/comprar/viviendas/espana/todas-las-zonas/l/1112,Failed to perform, curl: (56) Recv failure: Connection was reset. See https://curl.se/libcurl/c/libcurl-errors.html first for more details.,2026-01-21T04:40:11.808918
1113,https://www.fotocasa.es/es/comprar/viviendas/espana/todas-las-zonas/l/1113,Failed to perform, curl: (56) Recv failure: Connection was reset. See https://curl.se/libcurl/c/libcurl-errors.html first for more details.,2026-01-21T04:40:11.824385
1116,https://www.fotocasa.es/es/comprar/viviendas/espana/todas-las-zonas/l/1116,Failed to perform, curl: (56) Recv failure: Connection was reset. See https://curl.se/libcurl/c/libcurl-errors.html first for more details.,2026-01-21T04:40:11.824385
1118,https://www.fotocasa.es/es/comprar/viviendas/espana/todas-las-zonas/l/1118,Failed to perform, curl: (56) Recv failure: Connection was reset. See https://curl.se/libcurl/c/libcurl-errors.html first for more details.,2026-01-21T04:40:11.839359
1126,https://www.fotocasa.es/es/comprar/viviendas/espana/todas-las-zonas/l/1126,Failed to perform, curl: (56) Recv failure: Connection was reset. See https://curl.se/libcurl/c/libcurl-errors.html first for more details.,2026-01-21T04:40:34.240666
1124,https://www.fotocasa.es/es/comprar/viviendas/espana/todas-las-zonas/l/1124,Failed to perform, curl: (56) Recv failure: Connection was reset. See https://curl.se/libcurl/c/libcurl-errors.html first for more details.,2026-01-21T04:40:34.240666
1127,https://www.fotocasa.es/es/comprar/viviendas/espana/todas-las-zonas/l/1127,Failed to perform, curl: (56) Recv failure: Connection was reset. See https://curl.se/libcurl/c/libcurl-errors.html first for more details.,2026-01-21T04:40:34.240666
1128,https://www.fotocasa.es/es/comprar/viviendas/espana/todas-las-zonas/l/1128,Failed to perform, curl: (56) Recv failure: Connection was reset. See https://curl.se/libcurl/c/libcurl-errors.html first for more details.,2026-01-21T04:40:34.270915
1140,https://www.fotocasa.es/es/comprar/viviendas/espana/todas-las-zonas/l/1140,Failed to perform, curl: (56) Recv failure: Connection was reset. See https://curl.se/libcurl/c/libcurl-errors.html first for more details.,2026-01-21T04:40:34.271972
1137,https://www.fotocasa.es/es/comprar/viviendas/espana/todas-las-zonas/l/1137,Failed to perform, curl: (56) Recv failure: Connection was reset. See https://curl.se/libcurl/c/libcurl-errors.html first for more details.,2026-01-21T04:40:34.271972
1138,https://www.fotocasa.es/es/comprar/viviendas/espana/todas-las-zonas/l/1138,Failed to perform, curl: (56) Recv failure: Connection was reset. See https://curl.se/libcurl/c/libcurl-errors.html first for more details.,2026-01-21T04:40:34.271972
1130,https://www.fotocasa.es/es/comprar/viviendas/espana/todas-las-zonas/l/1130,Failed to perform, curl: (56) Recv failure: Connection was reset. See https://curl.se/libcurl/c/libcurl-errors.html first for more details.,2026-01-21T04:40:34.284221
1134,https://www.fotocasa.es/es/comprar/viviendas/espana/todas-las-zonas/l/1134,Failed to perform, curl: (56) Recv failure: Connection was reset. See https://curl.se/libcurl/c/libcurl-errors.html first for more details.,2026-01-21T04:40:34.284221
1135,https://www.fotocasa.es/es/comprar/viviendas/espana/todas-las-zonas/l/1135,Failed to perform, curl: (56) Recv failure: Connection was reset. See https://curl.se/libcurl/c/libcurl-errors.html first for more details.,2026-01-21T04:40:34.299027
1139,https://www.fotocasa.es/es/comprar/viviendas/espana/todas-las-zonas/l/1139,Failed to perform, curl: (56) Recv failure: Connection was reset. See https://curl.se/libcurl/c/libcurl-errors.html first for more details.,2026-01-21T04:40:34.300026
1144,https://www.fotocasa.es/es/comprar/viviendas/espana/todas-las-zonas/l/1144,Failed to perform, curl: (56) Recv failure: Connection was reset. See https://curl.se/libcurl/c/libcurl-errors.html first for more details.,2026-01-21T04:40:56.685407
1146,https://www.fotocasa.es/es/comprar/viviendas/espana/todas-las-zonas/l/1146,Failed to perform, curl: (56) Recv failure: Connection was reset. See https://curl.se/libcurl/c/libcurl-errors.html first for more details.,2026-01-21T04:40:56.685822
1153,https://www.fotocasa.es/es/comprar/viviendas/espana/todas-las-zonas/l/1153,Failed to perform, curl: (56) Recv failure: Connection was reset. See https://curl.se/libcurl/c/libcurl-errors.html first for more details.,2026-01-21T04:40:56.702167
1151,https://www.fotocasa.es/es/comprar/viviendas/espana/todas-las-zonas/l/1151,Failed to perform, curl: (56) Recv failure: Connection was reset. See https://curl.se/libcurl/c/libcurl-errors.html first for more details.,2026-01-21T04:40:56.703162
1143,https://www.fotocasa.es/es/comprar/viviendas/espana/todas-las-zonas/l/1143,Failed to perform, curl: (56) Recv failure: Connection was reset. See https://curl.se/libcurl/c/libcurl-errors.html first for more details.,2026-01-21T04:40:56.703162
1145,https://www.fotocasa.es/es/comprar/viviendas/espana/todas-las-zonas/l/1145,Failed to perform, curl: (56) Recv failure: Connection was reset. See https://curl.se/libcurl/c/libcurl-errors.html first for more details.,2026-01-21T04:40:56.703666
1149,https://www.fotocasa.es/es/comprar/viviendas/espana/todas-las-zonas/l/1149,Failed to perform, curl: (56) Recv failure: Connection was reset. See https://curl.se/libcurl/c/libcurl-errors.html first for more details.,2026-01-21T04:40:56.703666
1154,https://www.fotocasa.es/es/comprar/viviendas/espana/todas-las-zonas/l/1154,Failed to perform, curl: (56) Recv failure: Connection was reset. See https://curl.se/libcurl/c/libcurl-errors.html first for more details.,2026-01-21T04:40:56.715349
1155,https://www.fotocasa.es/es/comprar/viviendas/espana/todas-las-zonas/l/1155,Failed to perform, curl: (56) Recv failure: Connection was reset. See https://curl.se/libcurl/c/libcurl-errors.html first for more details.,2026-01-21T04:40:56.731392
1157,https://www.fotocasa.es/es/comprar/viviendas/espana/todas-las-zonas/l/1157,Failed to perform, curl: (56) Recv failure: Connection was reset. See https://curl.se/libcurl/c/libcurl-errors.html first for more details.,2026-01-21T04:40:56.732388
1156,https://www.fotocasa.es/es/comprar/viviendas/espana/todas-las-zonas/l/1156,Failed to perform, curl: (56) Recv failure: Connection was reset. See https://curl.se/libcurl/c/libcurl-errors.html first for more details.,2026-01-21T04:40:56.732388
1160,https://www.fotocasa.es/es/comprar/viviendas/espana/todas-las-zonas/l/1160,Failed to perform, curl: (56) Recv failure: Connection was reset. See https://curl.se/libcurl/c/libcurl-errors.html first for more details.,2026-01-21T04:40:56.747216
1162,https://www.fotocasa.es/es/comprar/viviendas/espana/todas-las-zonas/l/1162,Failed to perform, curl: (56) Recv failure: Connection was reset. See https://curl.se/libcurl/c/libcurl-errors.html first for more details.,2026-01-21T04:41:24.417870
1163,https://www.fotocasa.es/es/comprar/viviendas/espana/todas-las-zonas/l/1163,Failed to perform, curl: (56) Recv failure: Connection was reset. See https://curl.se/libcurl/c/libcurl-errors.html first for more details.,2026-01-21T04:41:24.418873
1164,https://www.fotocasa.es/es/comprar/viviendas/espana/todas-las-zonas/l/1164,Failed to perform, curl: (56) Recv failure: Connection was reset. See https://curl.se/libcurl/c/libcurl-errors.html first for more details.,2026-01-21T04:41:24.432622
1170,https://www.fotocasa.es/es/comprar/viviendas/espana/todas-las-zonas/l/1170,Failed to perform, curl: (56) Recv failure: Connection was reset. See https://curl.se/libcurl/c/libcurl-errors.html first for more details.,2026-01-21T04:41:24.450075
1166,https://www.fotocasa.es/es/comprar/viviendas/espana/todas-las-zonas/l/1166,Failed to perform, curl: (56) Recv failure: Connection was reset. See https://curl.se/libcurl/c/libcurl-errors.html first for more details.,2026-01-21T04:41:24.450075
1167,https://www.fotocasa.es/es/comprar/viviendas/espana/todas-las-zonas/l/1167,Failed to perform, curl: (56) Recv failure: Connection was reset. See https://curl.se/libcurl/c/libcurl-errors.html first for more details.,2026-01-21T04:41:24.451072
1171,https://www.fotocasa.es/es/comprar/viviendas/espana/todas-las-zonas/l/1171,Failed to perform, curl: (56) Recv failure: Connection was reset. See https://curl.se/libcurl/c/libcurl-errors.html first for more details.,2026-01-21T04:41:24.451072
1175,https://www.fotocasa.es/es/comprar/viviendas/espana/todas-las-zonas/l/1175,Failed to perform, curl: (56) Recv failure: Connection was reset. See https://curl.se/libcurl/c/libcurl-errors.html first for more details.,2026-01-21T04:41:24.479175
1174,https://www.fotocasa.es/es/comprar/viviendas/espana/todas-las-zonas/l/1174,Failed to perform, curl: (56) Recv failure: Connection was reset. See https://curl.se/libcurl/c/libcurl-errors.html first for more details.,2026-01-21T04:41:24.479175
1178,https://www.fotocasa.es/es/comprar/viviendas/espana/todas-las-zonas/l/1178,Failed to perform, curl: (56) Recv failure: Connection was reset. See https://curl.se/libcurl/c/libcurl-errors.html first for more details.,2026-01-21T04:41:24.493302
1180,https://www.fotocasa.es/es/comprar/viviendas/espana/todas-las-zonas/l/1180,Failed to perform, curl: (56) Recv failure: Connection was reset. See https://curl.se/libcurl/c/libcurl-errors.html first for more details.,2026-01-21T04:41:24.508639
1190,https://www.fotocasa.es/es/comprar/viviendas/espana/todas-las-zonas/l/1190,Failed to perform, curl: (56) Recv failure: Connection was reset. See https://curl.se/libcurl/c/libcurl-errors.html first for more details.,2026-01-21T04:41:47.021962
1186,https://www.fotocasa.es/es/comprar/viviendas/espana/todas-las-zonas/l/1186,Failed to perform, curl: (56) Recv failure: Connection was reset. See https://curl.se/libcurl/c/libcurl-errors.html first for more details.,2026-01-21T04:41:47.021962
1189,https://www.fotocasa.es/es/comprar/viviendas/espana/todas-las-zonas/l/1189,Failed to perform, curl: (56) Recv failure: Connection was reset. See https://curl.se/libcurl/c/libcurl-errors.html first for more details.,2026-01-21T04:41:47.038557
1188,https://www.fotocasa.es/es/comprar/viviendas/espana/todas-las-zonas/l/1188,Failed to perform, curl: (56) Recv failure: Connection was reset. See https://curl.se/libcurl/c/libcurl-errors.html first for more details.,2026-01-21T04:41:47.038557
1187,https://www.fotocasa.es/es/comprar/viviendas/espana/todas-las-zonas/l/1187,Failed to perform, curl: (56) Recv failure: Connection was reset. See https://curl.se/libcurl/c/libcurl-errors.html first for more details.,2026-01-21T04:41:47.039553
1185,https://www.fotocasa.es/es/comprar/viviendas/espana/todas-las-zonas/l/1185,Failed to perform, curl: (56) Recv failure: Connection was reset. See https://curl.se/libcurl/c/libcurl-errors.html first for more details.,2026-01-21T04:41:47.052556
1182,https://www.fotocasa.es/es/comprar/viviendas/espana/todas-las-zonas/l/1182,Failed to perform, curl: (56) Recv failure: Connection was reset. See https://curl.se/libcurl/c/libcurl-errors.html first for more details.,2026-01-21T04:41:47.053551
1184,https://www.fotocasa.es/es/comprar/viviendas/espana/todas-las-zonas/l/1184,Failed to perform, curl: (56) Recv failure: Connection was reset. See https://curl.se/libcurl/c/libcurl-errors.html first for more details.,2026-01-21T04:41:47.067795
1191,https://www.fotocasa.es/es/comprar/viviendas/espana/todas-las-zonas/l/1191,Failed to perform, curl: (56) Recv failure: Connection was reset. See https://curl.se/libcurl/c/libcurl-errors.html first for more details.,2026-01-21T04:41:47.500754
1196,https://www.fotocasa.es/es/comprar/viviendas/espana/todas-las-zonas/l/1196,Failed to perform, curl: (56) Recv failure: Connection was reset. See https://curl.se/libcurl/c/libcurl-errors.html first for more details.,2026-01-21T04:41:47.578904
1193,https://www.fotocasa.es/es/comprar/viviendas/espana/todas-las-zonas/l/1193,Failed to perform, curl: (56) Recv failure: Connection was reset. See https://curl.se/libcurl/c/libcurl-errors.html first for more details.,2026-01-21T04:41:48.781709
1198,https://www.fotocasa.es/es/comprar/viviendas/espana/todas-las-zonas/l/1198,Failed to perform, curl: (56) Recv failure: Connection was reset. See https://curl.se/libcurl/c/libcurl-errors.html first for more details.,2026-01-21T04:41:49.076252
1199,https://www.fotocasa.es/es/comprar/viviendas/espana/todas-las-zonas/l/1199,Failed to perform, curl: (56) Recv failure: Connection was reset. See https://curl.se/libcurl/c/libcurl-errors.html first for more details.,2026-01-21T04:41:49.833445
1195,https://www.fotocasa.es/es/comprar/viviendas/espana/todas-las-zonas/l/1195,Failed to perform, curl: (56) Recv failure: Connection was reset. See https://curl.se/libcurl/c/libcurl-errors.html first for more details.,2026-01-21T04:41:50.137031
1201,https://www.fotocasa.es/es/comprar/viviendas/espana/todas-las-zonas/l/1201,Failed to perform, curl: (56) Recv failure: Connection was reset. See https://curl.se/libcurl/c/libcurl-errors.html first for more details.,2026-01-21T04:42:12.534601
1202,https://www.fotocasa.es/es/comprar/viviendas/espana/todas-las-zonas/l/1202,Failed to perform, curl: (56) Recv failure: Connection was reset. See https://curl.se/libcurl/c/libcurl-errors.html first for more details.,2026-01-21T04:42:12.535603
1204,https://www.fotocasa.es/es/comprar/viviendas/espana/todas-las-zonas/l/1204,Failed to perform, curl: (56) Recv failure: Connection was reset. See https://curl.se/libcurl/c/libcurl-errors.html first for more details.,2026-01-21T04:42:12.535603
1206,https://www.fotocasa.es/es/comprar/viviendas/espana/todas-las-zonas/l/1206,Failed to perform, curl: (56) Recv failure: Connection was reset. See https://curl.se/libcurl/c/libcurl-errors.html first for more details.,2026-01-21T04:42:12.535603
1213,https://www.fotocasa.es/es/comprar/viviendas/espana/todas-las-zonas/l/1213,Failed to perform, curl: (56) Recv failure: Connection was reset. See https://curl.se/libcurl/c/libcurl-errors.html first for more details.,2026-01-21T04:42:12.579974
1207,https://www.fotocasa.es/es/comprar/viviendas/espana/todas-las-zonas/l/1207,Failed to perform, curl: (56) Recv failure: Connection was reset. See https://curl.se/libcurl/c/libcurl-errors.html first for more details.,2026-01-21T04:42:12.581366
1211,https://www.fotocasa.es/es/comprar/viviendas/espana/todas-las-zonas/l/1211,Failed to perform, curl: (56) Recv failure: Connection was reset. See https://curl.se/libcurl/c/libcurl-errors.html first for more details.,2026-01-21T04:42:12.582364
1216,https://www.fotocasa.es/es/comprar/viviendas/espana/todas-las-zonas/l/1216,Failed to perform, curl: (56) Recv failure: Connection was reset. See https://curl.se/libcurl/c/libcurl-errors.html first for more details.,2026-01-21T04:42:12.582364
1212,https://www.fotocasa.es/es/comprar/viviendas/espana/todas-las-zonas/l/1212,Failed to perform, curl: (56) Recv failure: Connection was reset. See https://curl.se/libcurl/c/libcurl-errors.html first for more details.,2026-01-21T04:42:12.582364
1218,https://www.fotocasa.es/es/comprar/viviendas/espana/todas-las-zonas/l/1218,Failed to perform, curl: (56) Recv failure: Connection was reset. See https://curl.se/libcurl/c/libcurl-errors.html first for more details.,2026-01-21T04:42:12.624510
1220,https://www.fotocasa.es/es/comprar/viviendas/espana/todas-las-zonas/l/1220,Failed to perform, curl: (56) Recv failure: Connection was reset. See https://curl.se/libcurl/c/libcurl-errors.html first for more details.,2026-01-21T04:42:12.624510
1224,https://www.fotocasa.es/es/comprar/viviendas/espana/todas-las-zonas/l/1224,Failed to perform, curl: (56) Recv failure: Connection was reset. See https://curl.se/libcurl/c/libcurl-errors.html first for more details.,2026-01-21T04:42:35.031957
1225,https://www.fotocasa.es/es/comprar/viviendas/espana/todas-las-zonas/l/1225,Failed to perform, curl: (56) Recv failure: Connection was reset. See https://curl.se/libcurl/c/libcurl-errors.html first for more details.,2026-01-21T04:42:35.050577
1222,https://www.fotocasa.es/es/comprar/viviendas/espana/todas-las-zonas/l/1222,Failed to perform, curl: (56) Recv failure: Connection was reset. See https://curl.se/libcurl/c/libcurl-errors.html first for more details.,2026-01-21T04:42:35.050577
1227,https://www.fotocasa.es/es/comprar/viviendas/espana/todas-las-zonas/l/1227,Failed to perform, curl: (56) Recv failure: Connection was reset. See https://curl.se/libcurl/c/libcurl-errors.html first for more details.,2026-01-21T04:42:35.050577
1226,https://www.fotocasa.es/es/comprar/viviendas/espana/todas-las-zonas/l/1226,Failed to perform, curl: (56) Recv failure: Connection was reset. See https://curl.se/libcurl/c/libcurl-errors.html first for more details.,2026-01-21T04:42:35.051576
1223,https://www.fotocasa.es/es/comprar/viviendas/espana/todas-las-zonas/l/1223,Failed to perform, curl: (56) Recv failure: Connection was reset. See https://curl.se/libcurl/c/libcurl-errors.html first for more details.,2026-01-21T04:42:35.051576
1232,https://www.fotocasa.es/es/comprar/viviendas/espana/todas-las-zonas/l/1232,Failed to perform, curl: (56) Recv failure: Connection was reset. See https://curl.se/libcurl/c/libcurl-errors.html first for more details.,2026-01-21T04:42:35.064386
1229,https://www.fotocasa.es/es/comprar/viviendas/espana/todas-las-zonas/l/1229,Failed to perform, curl: (56) Recv failure: Connection was reset. See https://curl.se/libcurl/c/libcurl-errors.html first for more details.,2026-01-21T04:42:35.065386
1235,https://www.fotocasa.es/es/comprar/viviendas/espana/todas-las-zonas/l/1235,Failed to perform, curl: (56) Recv failure: Connection was reset. See https://curl.se/libcurl/c/libcurl-errors.html first for more details.,2026-01-21T04:42:35.082029
1238,https://www.fotocasa.es/es/comprar/viviendas/espana/todas-las-zonas/l/1238,Failed to perform, curl: (56) Recv failure: Connection was reset. See https://curl.se/libcurl/c/libcurl-errors.html first for more details.,2026-01-21T04:42:35.083602
1234,https://www.fotocasa.es/es/comprar/viviendas/espana/todas-las-zonas/l/1234,Failed to perform, curl: (56) Recv failure: Connection was reset. See https://curl.se/libcurl/c/libcurl-errors.html first for more details.,2026-01-21T04:42:35.083602
1231,https://www.fotocasa.es/es/comprar/viviendas/espana/todas-las-zonas/l/1231,Failed to perform, curl: (56) Recv failure: Connection was reset. See https://curl.se/libcurl/c/libcurl-errors.html first for more details.,2026-01-21T04:42:35.084712
1236,https://www.fotocasa.es/es/comprar/viviendas/espana/todas-las-zonas/l/1236,Failed to perform, curl: (56) Recv failure: Connection was reset. See https://curl.se/libcurl/c/libcurl-errors.html first for more details.,2026-01-21T04:42:35.084712
1249,https://www.fotocasa.es/es/comprar/viviendas/espana/todas-las-zonas/l/1249,Failed to perform, curl: (56) Recv failure: Connection was reset. See https://curl.se/libcurl/c/libcurl-errors.html first for more details.,2026-01-21T04:42:57.497492
1242,https://www.fotocasa.es/es/comprar/viviendas/espana/todas-las-zonas/l/1242,Failed to perform, curl: (56) Recv failure: Connection was reset. See https://curl.se/libcurl/c/libcurl-errors.html first for more details.,2026-01-21T04:42:57.514406
1248,https://www.fotocasa.es/es/comprar/viviendas/espana/todas-las-zonas/l/1248,Failed to perform, curl: (56) Recv failure: Connection was reset. See https://curl.se/libcurl/c/libcurl-errors.html first for more details.,2026-01-21T04:42:57.515572
1243,https://www.fotocasa.es/es/comprar/viviendas/espana/todas-las-zonas/l/1243,Failed to perform, curl: (56) Recv failure: Connection was reset. See https://curl.se/libcurl/c/libcurl-errors.html first for more details.,2026-01-21T04:42:57.515572
1253,https://www.fotocasa.es/es/comprar/viviendas/espana/todas-las-zonas/l/1253,Failed to perform, curl: (56) Recv failure: Connection was reset. See https://curl.se/libcurl/c/libcurl-errors.html first for more details.,2026-01-21T04:42:57.528596
1246,https://www.fotocasa.es/es/comprar/viviendas/espana/todas-las-zonas/l/1246,Failed to perform, curl: (56) Recv failure: Connection was reset. See https://curl.se/libcurl/c/libcurl-errors.html first for more details.,2026-01-21T04:42:57.528596
1260,https://www.fotocasa.es/es/comprar/viviendas/espana/todas-las-zonas/l/1260,Failed to perform, curl: (56) Recv failure: Connection was reset. See https://curl.se/libcurl/c/libcurl-errors.html first for more details.,2026-01-21T04:42:57.560260
1254,https://www.fotocasa.es/es/comprar/viviendas/espana/todas-las-zonas/l/1254,Failed to perform, curl: (56) Recv failure: Connection was reset. See https://curl.se/libcurl/c/libcurl-errors.html first for more details.,2026-01-21T04:42:57.560260
1257,https://www.fotocasa.es/es/comprar/viviendas/espana/todas-las-zonas/l/1257,Failed to perform, curl: (56) Recv failure: Connection was reset. See https://curl.se/libcurl/c/libcurl-errors.html first for more details.,2026-01-21T04:42:57.578310
1258,https://www.fotocasa.es/es/comprar/viviendas/espana/todas-las-zonas/l/1258,Failed to perform, curl: (56) Recv failure: Connection was reset. See https://curl.se/libcurl/c/libcurl-errors.html first for more details.,2026-01-21T04:42:57.578310
1255,https://www.fotocasa.es/es/comprar/viviendas/espana/todas-las-zonas/l/1255,Failed to perform, curl: (56) Recv failure: Connection was reset. See https://curl.se/libcurl/c/libcurl-errors.html first for more details.,2026-01-21T04:42:57.578310
1251,https://www.fotocasa.es/es/comprar/viviendas/espana/todas-las-zonas/l/1251,Failed to perform, curl: (56) Recv failure: Connection was reset. See https://curl.se/libcurl/c/libcurl-errors.html first for more details.,2026-01-21T04:42:57.579306
1264,https://www.fotocasa.es/es/comprar/viviendas/espana/todas-las-zonas/l/1264,Failed to perform, curl: (56) Recv failure: Connection was reset. See https://curl.se/libcurl/c/libcurl-errors.html first for more details.,2026-01-21T04:43:20.060494
1279,https://www.fotocasa.es/es/comprar/viviendas/espana/todas-las-zonas/l/1279,Failed to perform, curl: (56) Recv failure: Connection was reset. See https://curl.se/libcurl/c/libcurl-errors.html first for more details.,2026-01-21T04:43:20.061492
1267,https://www.fotocasa.es/es/comprar/viviendas/espana/todas-las-zonas/l/1267,Failed to perform, curl: (56) Recv failure: Connection was reset. See https://curl.se/libcurl/c/libcurl-errors.html first for more details.,2026-01-21T04:43:20.063003
1270,https://www.fotocasa.es/es/comprar/viviendas/espana/todas-las-zonas/l/1270,Failed to perform, curl: (56) Recv failure: Connection was reset. See https://curl.se/libcurl/c/libcurl-errors.html first for more details.,2026-01-21T04:43:20.063003
1276,https://www.fotocasa.es/es/comprar/viviendas/espana/todas-las-zonas/l/1276,Failed to perform, curl: (56) Recv failure: Connection was reset. See https://curl.se/libcurl/c/libcurl-errors.html first for more details.,2026-01-21T04:43:20.111559
1269,https://www.fotocasa.es/es/comprar/viviendas/espana/todas-las-zonas/l/1269,Failed to perform, curl: (56) Recv failure: Connection was reset. See https://curl.se/libcurl/c/libcurl-errors.html first for more details.,2026-01-21T04:43:20.111559
1274,https://www.fotocasa.es/es/comprar/viviendas/espana/todas-las-zonas/l/1274,Failed to perform, curl: (56) Recv failure: Connection was reset. See https://curl.se/libcurl/c/libcurl-errors.html first for more details.,2026-01-21T04:43:20.113070
1275,https://www.fotocasa.es/es/comprar/viviendas/espana/todas-las-zonas/l/1275,Failed to perform, curl: (56) Recv failure: Connection was reset. See https://curl.se/libcurl/c/libcurl-errors.html first for more details.,2026-01-21T04:43:20.114094
1272,https://www.fotocasa.es/es/comprar/viviendas/espana/todas-las-zonas/l/1272,Failed to perform, curl: (56) Recv failure: Connection was reset. See https://curl.se/libcurl/c/libcurl-errors.html first for more details.,2026-01-21T04:43:20.146604
1280,https://www.fotocasa.es/es/comprar/viviendas/espana/todas-las-zonas/l/1280,Failed to perform, curl: (56) Recv failure: Connection was reset. See https://curl.se/libcurl/c/libcurl-errors.html first for more details.,2026-01-21T04:43:20.147602
1278,https://www.fotocasa.es/es/comprar/viviendas/espana/todas-las-zonas/l/1278,Failed to perform, curl: (56) Recv failure: Connection was reset. See https://curl.se/libcurl/c/libcurl-errors.html first for more details.,2026-01-21T04:43:20.168609
