2026-01-21 03:33:10,787 - MainThread - INFO - Starting scraper for 15203 pages with 20 threads
2026-01-21 03:33:10,790 - MainThread - INFO - Pages to scrape: 15203/15203
2026-01-21 03:33:10,790 - MainThread - INFO - Processing batch 1 with 20 pages
2026-01-21 03:33:10,795 - ThreadPoolExecutor-0_0 - INFO - Scraping page 1: https://www.fotocasa.es/es/comprar/viviendas/espana/todas-las-zonas/l
2026-01-21 03:33:10,818 - ThreadPoolExecutor-0_1 - INFO - Scraping page 2: https://www.fotocasa.es/es/comprar/viviendas/espana/todas-las-zonas/l/2
2026-01-21 03:33:10,823 - ThreadPoolExecutor-0_2 - INFO - Scraping page 3: https://www.fotocasa.es/es/comprar/viviendas/espana/todas-las-zonas/l/3
2026-01-21 03:33:10,842 - ThreadPoolExecutor-0_3 - INFO - Scraping page 4: https://www.fotocasa.es/es/comprar/viviendas/espana/todas-las-zonas/l/4
2026-01-21 03:33:10,874 - ThreadPoolExecutor-0_4 - INFO - Scraping page 5: https://www.fotocasa.es/es/comprar/viviendas/espana/todas-las-zonas/l/5
2026-01-21 03:33:10,898 - ThreadPoolExecutor-0_5 - INFO - Scraping page 6: https://www.fotocasa.es/es/comprar/viviendas/espana/todas-las-zonas/l/6
2026-01-21 03:33:10,930 - ThreadPoolExecutor-0_6 - INFO - Scraping page 7: https://www.fotocasa.es/es/comprar/viviendas/espana/todas-las-zonas/l/7
2026-01-21 03:33:10,938 - ThreadPoolExecutor-0_7 - INFO - Scraping page 8: https://www.fotocasa.es/es/comprar/viviendas/espana/todas-las-zonas/l/8
2026-01-21 03:33:10,970 - ThreadPoolExecutor-0_8 - INFO - Scraping page 9: https://www.fotocasa.es/es/comprar/viviendas/espana/todas-las-zonas/l/9
2026-01-21 03:33:10,990 - ThreadPoolExecutor-0_9 - INFO - Scraping page 10: https://www.fotocasa.es/es/comprar/viviendas/espana/todas-las-zonas/l/10
2026-01-21 03:33:11,019 - ThreadPoolExecutor-0_10 - INFO - Scraping page 11: https://www.fotocasa.es/es/comprar/viviendas/espana/todas-las-zonas/l/11
2026-01-21 03:33:11,039 - ThreadPoolExecutor-0_11 - INFO - Scraping page 12: https://www.fotocasa.es/es/comprar/viviendas/espana/todas-las-zonas/l/12
2026-01-21 03:33:11,062 - ThreadPoolExecutor-0_12 - INFO - Scraping page 13: https://www.fotocasa.es/es/comprar/viviendas/espana/todas-las-zonas/l/13
2026-01-21 03:33:11,084 - ThreadPoolExecutor-0_13 - INFO - Scraping page 14: https://www.fotocasa.es/es/comprar/viviendas/espana/todas-las-zonas/l/14
2026-01-21 03:33:11,099 - ThreadPoolExecutor-0_14 - INFO - Scraping page 15: https://www.fotocasa.es/es/comprar/viviendas/espana/todas-las-zonas/l/15
2026-01-21 03:33:11,133 - ThreadPoolExecutor-0_15 - INFO - Scraping page 16: https://www.fotocasa.es/es/comprar/viviendas/espana/todas-las-zonas/l/16
2026-01-21 03:33:11,139 - ThreadPoolExecutor-0_16 - INFO - Scraping page 17: https://www.fotocasa.es/es/comprar/viviendas/espana/todas-las-zonas/l/17
2026-01-21 03:33:11,150 - ThreadPoolExecutor-0_17 - INFO - Scraping page 18: https://www.fotocasa.es/es/comprar/viviendas/espana/todas-las-zonas/l/18
2026-01-21 03:33:11,153 - ThreadPoolExecutor-0_18 - INFO - Scraping page 19: https://www.fotocasa.es/es/comprar/viviendas/espana/todas-las-zonas/l/19
2026-01-21 03:33:11,182 - ThreadPoolExecutor-0_19 - INFO - Scraping page 20: https://www.fotocasa.es/es/comprar/viviendas/espana/todas-las-zonas/l/20
2026-01-21 03:33:13,671 - ThreadPoolExecutor-0_0 - INFO - Extracted 1 properties from page
2026-01-21 03:33:13,672 - ThreadPoolExecutor-0_0 - INFO - Page 1 saved with 1 properties
2026-01-21 03:33:13,674 - MainThread - INFO - Page 1 completed (1 successful, 0 failed)
2026-01-21 03:33:14,415 - ThreadPoolExecutor-0_3 - INFO - Extracted 1 properties from page
2026-01-21 03:33:14,458 - ThreadPoolExecutor-0_3 - INFO - Page 4 saved with 1 properties
2026-01-21 03:33:14,459 - MainThread - INFO - Page 4 completed (2 successful, 0 failed)
2026-01-21 03:33:15,885 - ThreadPoolExecutor-0_6 - INFO - Extracted 1 properties from page
2026-01-21 03:33:15,892 - ThreadPoolExecutor-0_15 - INFO - Extracted 1 properties from page
2026-01-21 03:33:15,894 - ThreadPoolExecutor-0_15 - INFO - Page 16 saved with 1 properties
2026-01-21 03:33:15,894 - ThreadPoolExecutor-0_6 - INFO - Page 7 saved with 1 properties
2026-01-21 03:33:15,895 - MainThread - INFO - Page 16 completed (3 successful, 0 failed)
2026-01-21 03:33:15,896 - MainThread - INFO - Page 7 completed (4 successful, 0 failed)
2026-01-21 03:33:16,107 - ThreadPoolExecutor-0_11 - INFO - Extracted 1 properties from page
2026-01-21 03:33:16,125 - ThreadPoolExecutor-0_13 - INFO - Extracted 1 properties from page
2026-01-21 03:33:16,127 - ThreadPoolExecutor-0_11 - INFO - Page 12 saved with 1 properties
2026-01-21 03:33:16,128 - MainThread - INFO - Page 12 completed (5 successful, 0 failed)
2026-01-21 03:33:16,128 - ThreadPoolExecutor-0_13 - INFO - Page 14 saved with 1 properties
2026-01-21 03:33:16,129 - MainThread - INFO - Page 14 completed (6 successful, 0 failed)
2026-01-21 03:33:16,239 - ThreadPoolExecutor-0_12 - INFO - Extracted 2 properties from page
2026-01-21 03:33:16,242 - ThreadPoolExecutor-0_12 - INFO - Page 13 saved with 2 properties
2026-01-21 03:33:16,243 - MainThread - INFO - Page 13 completed (7 successful, 0 failed)
2026-01-21 03:33:16,350 - ThreadPoolExecutor-0_17 - INFO - Extracted 1 properties from page
2026-01-21 03:33:16,351 - ThreadPoolExecutor-0_17 - INFO - Page 18 saved with 1 properties
2026-01-21 03:33:16,352 - MainThread - INFO - Page 18 completed (8 successful, 0 failed)
2026-01-21 03:34:25,373 - MainThread - INFO - Starting scraper for 15203 pages with 20 threads
2026-01-21 03:34:25,377 - MainThread - INFO - Pages to scrape: 15203/15203
2026-01-21 03:34:25,378 - MainThread - INFO - Processing batch 1 with 20 pages
2026-01-21 03:34:25,380 - ThreadPoolExecutor-0_0 - INFO - Page 1 already scraped, skipping
2026-01-21 03:34:25,381 - ThreadPoolExecutor-0_0 - INFO - Scraping page 2: https://www.fotocasa.es/es/comprar/viviendas/espana/todas-las-zonas/l/2
2026-01-21 03:34:25,393 - ThreadPoolExecutor-0_1 - INFO - Scraping page 3: https://www.fotocasa.es/es/comprar/viviendas/espana/todas-las-zonas/l/3
2026-01-21 03:34:25,408 - ThreadPoolExecutor-0_2 - INFO - Page 4 already scraped, skipping
2026-01-21 03:34:25,416 - ThreadPoolExecutor-0_2 - INFO - Scraping page 5: https://www.fotocasa.es/es/comprar/viviendas/espana/todas-las-zonas/l/5
2026-01-21 03:34:25,417 - ThreadPoolExecutor-0_3 - INFO - Scraping page 6: https://www.fotocasa.es/es/comprar/viviendas/espana/todas-las-zonas/l/6
2026-01-21 03:34:25,443 - ThreadPoolExecutor-0_4 - INFO - Page 7 already scraped, skipping
2026-01-21 03:34:25,451 - ThreadPoolExecutor-0_4 - INFO - Scraping page 8: https://www.fotocasa.es/es/comprar/viviendas/espana/todas-las-zonas/l/8
2026-01-21 03:34:25,455 - ThreadPoolExecutor-0_5 - INFO - Scraping page 9: https://www.fotocasa.es/es/comprar/viviendas/espana/todas-las-zonas/l/9
2026-01-21 03:34:25,459 - ThreadPoolExecutor-0_6 - INFO - Scraping page 10: https://www.fotocasa.es/es/comprar/viviendas/espana/todas-las-zonas/l/10
2026-01-21 03:34:25,495 - ThreadPoolExecutor-0_7 - INFO - Scraping page 11: https://www.fotocasa.es/es/comprar/viviendas/espana/todas-las-zonas/l/11
2026-01-21 03:34:25,517 - ThreadPoolExecutor-0_8 - INFO - Page 12 already scraped, skipping
2026-01-21 03:34:25,518 - ThreadPoolExecutor-0_8 - INFO - Page 13 already scraped, skipping
2026-01-21 03:34:25,523 - ThreadPoolExecutor-0_8 - INFO - Page 14 already scraped, skipping
2026-01-21 03:34:25,523 - ThreadPoolExecutor-0_9 - INFO - Scraping page 15: https://www.fotocasa.es/es/comprar/viviendas/espana/todas-las-zonas/l/15
2026-01-21 03:34:25,524 - ThreadPoolExecutor-0_8 - INFO - Page 16 already scraped, skipping
2026-01-21 03:34:25,542 - ThreadPoolExecutor-0_8 - INFO - Scraping page 17: https://www.fotocasa.es/es/comprar/viviendas/espana/todas-las-zonas/l/17
2026-01-21 03:34:25,543 - ThreadPoolExecutor-0_10 - INFO - Page 18 already scraped, skipping
2026-01-21 03:34:25,545 - ThreadPoolExecutor-0_10 - INFO - Scraping page 19: https://www.fotocasa.es/es/comprar/viviendas/espana/todas-las-zonas/l/19
2026-01-21 03:34:25,558 - MainThread - INFO - Page 18 completed (1 successful, 0 failed)
2026-01-21 03:34:25,558 - MainThread - INFO - Page 4 completed (2 successful, 0 failed)
2026-01-21 03:34:25,558 - ThreadPoolExecutor-0_11 - INFO - Scraping page 20: https://www.fotocasa.es/es/comprar/viviendas/espana/todas-las-zonas/l/20
2026-01-21 03:34:25,558 - MainThread - INFO - Page 1 completed (3 successful, 0 failed)
2026-01-21 03:34:25,565 - MainThread - INFO - Page 16 completed (4 successful, 0 failed)
2026-01-21 03:34:25,567 - MainThread - INFO - Page 12 completed (5 successful, 0 failed)
2026-01-21 03:34:25,571 - MainThread - INFO - Page 13 completed (6 successful, 0 failed)
2026-01-21 03:34:25,577 - MainThread - INFO - Page 14 completed (7 successful, 0 failed)
2026-01-21 03:34:25,579 - MainThread - INFO - Page 7 completed (8 successful, 0 failed)
2026-01-21 03:34:29,236 - ThreadPoolExecutor-0_7 - INFO - Extracted 1 properties from page
2026-01-21 03:34:29,261 - ThreadPoolExecutor-0_10 - INFO - Extracted 1 properties from page
2026-01-21 03:34:29,262 - ThreadPoolExecutor-0_11 - INFO - Extracted 1 properties from page
2026-01-21 03:34:29,265 - ThreadPoolExecutor-0_2 - INFO - Extracted 1 properties from page
2026-01-21 03:34:29,268 - ThreadPoolExecutor-0_7 - INFO - Page 11 saved with 1 properties
2026-01-21 03:34:29,270 - ThreadPoolExecutor-0_10 - INFO - Page 19 saved with 1 properties
2026-01-21 03:34:29,278 - ThreadPoolExecutor-0_11 - INFO - Page 20 saved with 1 properties
2026-01-21 03:34:29,284 - ThreadPoolExecutor-0_2 - INFO - Page 5 saved with 1 properties
2026-01-21 03:34:29,287 - ThreadPoolExecutor-0_4 - INFO - Extracted 1 properties from page
2026-01-21 03:34:29,289 - MainThread - INFO - Page 11 completed (9 successful, 0 failed)
2026-01-21 03:34:29,293 - ThreadPoolExecutor-0_1 - INFO - Extracted 1 properties from page
2026-01-21 03:34:29,297 - ThreadPoolExecutor-0_9 - INFO - Extracted 1 properties from page
2026-01-21 03:34:29,298 - ThreadPoolExecutor-0_8 - INFO - Extracted 1 properties from page
2026-01-21 03:34:29,310 - ThreadPoolExecutor-0_4 - INFO - Page 8 saved with 1 properties
2026-01-21 03:34:29,311 - MainThread - INFO - Page 19 completed (10 successful, 0 failed)
2026-01-21 03:34:29,312 - ThreadPoolExecutor-0_5 - INFO - Extracted 1 properties from page
2026-01-21 03:34:29,315 - ThreadPoolExecutor-0_0 - INFO - Extracted 1 properties from page
2026-01-21 03:34:29,315 - ThreadPoolExecutor-0_1 - INFO - Page 3 saved with 1 properties
2026-01-21 03:34:29,319 - ThreadPoolExecutor-0_9 - INFO - Page 15 saved with 1 properties
2026-01-21 03:34:29,320 - ThreadPoolExecutor-0_3 - INFO - Extracted 1 properties from page
2026-01-21 03:34:29,320 - MainThread - INFO - Page 20 completed (11 successful, 0 failed)
2026-01-21 03:34:29,321 - ThreadPoolExecutor-0_8 - INFO - Page 17 saved with 1 properties
2026-01-21 03:34:29,321 - ThreadPoolExecutor-0_5 - INFO - Page 9 saved with 1 properties
2026-01-21 03:34:29,321 - ThreadPoolExecutor-0_0 - INFO - Page 2 saved with 1 properties
2026-01-21 03:34:29,321 - MainThread - INFO - Page 5 completed (12 successful, 0 failed)
2026-01-21 03:34:29,327 - MainThread - INFO - Page 8 completed (13 successful, 0 failed)
2026-01-21 03:34:29,327 - MainThread - INFO - Page 3 completed (14 successful, 0 failed)
2026-01-21 03:34:29,327 - MainThread - INFO - Page 15 completed (15 successful, 0 failed)
2026-01-21 03:34:29,329 - ThreadPoolExecutor-0_3 - INFO - Page 6 saved with 1 properties
2026-01-21 03:34:29,330 - MainThread - INFO - Page 17 completed (16 successful, 0 failed)
2026-01-21 03:34:29,331 - MainThread - INFO - Page 9 completed (17 successful, 0 failed)
2026-01-21 03:34:29,331 - MainThread - INFO - Page 2 completed (18 successful, 0 failed)
2026-01-21 03:34:29,332 - MainThread - INFO - Page 6 completed (19 successful, 0 failed)
2026-01-21 03:34:44,862 - ThreadPoolExecutor-0_6 - ERROR - Page 10 failed: Failed to perform, curl: (56) Recv failure: Connection was reset. See https://curl.se/libcurl/c/libcurl-errors.html first for more details.
2026-01-21 03:34:44,863 - MainThread - ERROR - Page 10 failed: Failed to perform, curl: (56) Recv failure: Connection was reset. See https://curl.se/libcurl/c/libcurl-errors.html first for more details.
2026-01-21 03:34:44,863 - MainThread - INFO - Waiting 3 seconds before next batch...
2026-01-21 03:34:47,864 - MainThread - INFO - Processing batch 2 with 20 pages
2026-01-21 03:34:47,865 - ThreadPoolExecutor-0_11 - INFO - Scraping page 23: https://www.fotocasa.es/es/comprar/viviendas/espana/todas-las-zonas/l/23
2026-01-21 03:34:47,865 - ThreadPoolExecutor-0_10 - INFO - Scraping page 22: https://www.fotocasa.es/es/comprar/viviendas/espana/todas-las-zonas/l/22
2026-01-21 03:34:47,865 - ThreadPoolExecutor-0_7 - INFO - Scraping page 21: https://www.fotocasa.es/es/comprar/viviendas/espana/todas-las-zonas/l/21
2026-01-21 03:34:47,865 - ThreadPoolExecutor-0_2 - INFO - Scraping page 25: https://www.fotocasa.es/es/comprar/viviendas/espana/todas-las-zonas/l/25
2026-01-21 03:34:47,867 - ThreadPoolExecutor-0_12 - INFO - Scraping page 24: https://www.fotocasa.es/es/comprar/viviendas/espana/todas-las-zonas/l/24
2026-01-21 03:34:47,867 - ThreadPoolExecutor-0_4 - INFO - Scraping page 26: https://www.fotocasa.es/es/comprar/viviendas/espana/todas-las-zonas/l/26
2026-01-21 03:34:47,869 - ThreadPoolExecutor-0_13 - INFO - Scraping page 28: https://www.fotocasa.es/es/comprar/viviendas/espana/todas-las-zonas/l/28
2026-01-21 03:34:47,871 - ThreadPoolExecutor-0_1 - INFO - Scraping page 27: https://www.fotocasa.es/es/comprar/viviendas/espana/todas-las-zonas/l/27
2026-01-21 03:34:47,872 - ThreadPoolExecutor-0_9 - INFO - Scraping page 29: https://www.fotocasa.es/es/comprar/viviendas/espana/todas-las-zonas/l/29
2026-01-21 03:34:47,872 - ThreadPoolExecutor-0_14 - INFO - Scraping page 30: https://www.fotocasa.es/es/comprar/viviendas/espana/todas-las-zonas/l/30
2026-01-21 03:34:47,872 - ThreadPoolExecutor-0_8 - INFO - Scraping page 31: https://www.fotocasa.es/es/comprar/viviendas/espana/todas-las-zonas/l/31
2026-01-21 03:34:47,873 - ThreadPoolExecutor-0_5 - INFO - Scraping page 32: https://www.fotocasa.es/es/comprar/viviendas/espana/todas-las-zonas/l/32
2026-01-21 03:34:47,873 - ThreadPoolExecutor-0_0 - INFO - Scraping page 33: https://www.fotocasa.es/es/comprar/viviendas/espana/todas-las-zonas/l/33
2026-01-21 03:34:47,873 - ThreadPoolExecutor-0_3 - INFO - Scraping page 35: https://www.fotocasa.es/es/comprar/viviendas/espana/todas-las-zonas/l/35
2026-01-21 03:34:47,874 - ThreadPoolExecutor-0_15 - INFO - Scraping page 34: https://www.fotocasa.es/es/comprar/viviendas/espana/todas-las-zonas/l/34
2026-01-21 03:34:47,876 - ThreadPoolExecutor-0_16 - INFO - Scraping page 37: https://www.fotocasa.es/es/comprar/viviendas/espana/todas-las-zonas/l/37
2026-01-21 03:34:47,876 - ThreadPoolExecutor-0_6 - INFO - Scraping page 36: https://www.fotocasa.es/es/comprar/viviendas/espana/todas-las-zonas/l/36
2026-01-21 03:34:47,876 - ThreadPoolExecutor-0_17 - INFO - Scraping page 38: https://www.fotocasa.es/es/comprar/viviendas/espana/todas-las-zonas/l/38
2026-01-21 03:34:47,878 - ThreadPoolExecutor-0_18 - INFO - Scraping page 39: https://www.fotocasa.es/es/comprar/viviendas/espana/todas-las-zonas/l/39
2026-01-21 03:34:47,911 - ThreadPoolExecutor-0_19 - INFO - Scraping page 40: https://www.fotocasa.es/es/comprar/viviendas/espana/todas-las-zonas/l/40
2026-01-21 03:34:50,579 - ThreadPoolExecutor-0_15 - INFO - Extracted 2 properties from page
2026-01-21 03:34:50,583 - ThreadPoolExecutor-0_4 - INFO - Extracted 2 properties from page
2026-01-21 03:34:50,586 - ThreadPoolExecutor-0_2 - INFO - Extracted 2 properties from page
2026-01-21 03:34:50,589 - ThreadPoolExecutor-0_15 - INFO - Page 34 saved with 2 properties
2026-01-21 03:34:50,590 - ThreadPoolExecutor-0_6 - INFO - Extracted 2 properties from page
2026-01-21 03:34:50,591 - ThreadPoolExecutor-0_8 - INFO - Extracted 2 properties from page
2026-01-21 03:34:50,596 - ThreadPoolExecutor-0_4 - INFO - Page 26 saved with 2 properties
2026-01-21 03:34:50,597 - ThreadPoolExecutor-0_11 - INFO - Extracted 1 properties from page
2026-01-21 03:34:50,599 - ThreadPoolExecutor-0_18 - INFO - Extracted 3 properties from page
2026-01-21 03:34:50,599 - ThreadPoolExecutor-0_7 - INFO - Extracted 2 properties from page
2026-01-21 03:34:50,601 - ThreadPoolExecutor-0_14 - INFO - Extracted 2 properties from page
2026-01-21 03:34:50,601 - ThreadPoolExecutor-0_12 - INFO - Extracted 1 properties from page
2026-01-21 03:34:50,602 - ThreadPoolExecutor-0_2 - INFO - Page 25 saved with 2 properties
2026-01-21 03:34:50,602 - MainThread - INFO - Page 34 completed (20 successful, 1 failed)
2026-01-21 03:34:50,604 - ThreadPoolExecutor-0_6 - INFO - Page 36 saved with 2 properties
2026-01-21 03:34:50,606 - ThreadPoolExecutor-0_8 - INFO - Page 31 saved with 2 properties
2026-01-21 03:34:50,606 - ThreadPoolExecutor-0_11 - INFO - Page 23 saved with 1 properties
2026-01-21 03:34:50,607 - ThreadPoolExecutor-0_18 - INFO - Page 39 saved with 3 properties
2026-01-21 03:34:50,609 - ThreadPoolExecutor-0_7 - INFO - Page 21 saved with 2 properties
2026-01-21 03:34:50,611 - ThreadPoolExecutor-0_12 - INFO - Page 24 saved with 1 properties
2026-01-21 03:34:50,611 - ThreadPoolExecutor-0_14 - INFO - Page 30 saved with 2 properties
2026-01-21 03:34:50,611 - MainThread - INFO - Page 26 completed (21 successful, 1 failed)
2026-01-21 03:34:50,616 - MainThread - INFO - Page 25 completed (22 successful, 1 failed)
2026-01-21 03:34:50,616 - MainThread - INFO - Page 36 completed (23 successful, 1 failed)
2026-01-21 03:34:50,617 - MainThread - INFO - Page 31 completed (24 successful, 1 failed)
2026-01-21 03:34:50,617 - MainThread - INFO - Page 23 completed (25 successful, 1 failed)
2026-01-21 03:34:50,617 - MainThread - INFO - Page 39 completed (26 successful, 1 failed)
2026-01-21 03:34:50,617 - MainThread - INFO - Page 21 completed (27 successful, 1 failed)
2026-01-21 03:34:50,618 - MainThread - INFO - Page 24 completed (28 successful, 1 failed)
2026-01-21 03:34:50,618 - MainThread - INFO - Page 30 completed (29 successful, 1 failed)
2026-01-21 03:34:50,941 - ThreadPoolExecutor-0_13 - INFO - Extracted 1 properties from page
2026-01-21 03:34:50,942 - ThreadPoolExecutor-0_13 - INFO - Page 28 saved with 1 properties
2026-01-21 03:34:50,943 - MainThread - INFO - Page 28 completed (30 successful, 1 failed)
2026-01-21 03:35:07,270 - ThreadPoolExecutor-0_10 - ERROR - Page 22 failed: Failed to perform, curl: (56) Recv failure: Connection was reset. See https://curl.se/libcurl/c/libcurl-errors.html first for more details.
2026-01-21 03:35:07,316 - ThreadPoolExecutor-0_1 - ERROR - Page 27 failed: Failed to perform, curl: (56) Recv failure: Connection was reset. See https://curl.se/libcurl/c/libcurl-errors.html first for more details.
2026-01-21 03:35:07,317 - ThreadPoolExecutor-0_9 - ERROR - Page 29 failed: Failed to perform, curl: (56) Recv failure: Connection was reset. See https://curl.se/libcurl/c/libcurl-errors.html first for more details.
2026-01-21 03:35:07,317 - ThreadPoolExecutor-0_5 - ERROR - Page 32 failed: Failed to perform, curl: (56) Recv failure: Connection was reset. See https://curl.se/libcurl/c/libcurl-errors.html first for more details.
2026-01-21 03:35:07,347 - ThreadPoolExecutor-0_3 - ERROR - Page 35 failed: Failed to perform, curl: (56) Recv failure: Connection was reset. See https://curl.se/libcurl/c/libcurl-errors.html first for more details.
2026-01-21 03:35:07,348 - ThreadPoolExecutor-0_16 - ERROR - Page 37 failed: Failed to perform, curl: (56) Recv failure: Connection was reset. See https://curl.se/libcurl/c/libcurl-errors.html first for more details.
2026-01-21 03:35:07,349 - ThreadPoolExecutor-0_0 - ERROR - Page 33 failed: Failed to perform, curl: (56) Recv failure: Connection was reset. See https://curl.se/libcurl/c/libcurl-errors.html first for more details.
2026-01-21 03:35:07,349 - ThreadPoolExecutor-0_19 - ERROR - Page 40 failed: Failed to perform, curl: (56) Recv failure: Connection was reset. See https://curl.se/libcurl/c/libcurl-errors.html first for more details.
2026-01-21 03:35:07,363 - ThreadPoolExecutor-0_17 - ERROR - Page 38 failed: Failed to perform, curl: (56) Recv failure: Connection was reset. See https://curl.se/libcurl/c/libcurl-errors.html first for more details.
2026-01-21 03:35:07,364 - MainThread - INFO - Scraping interrupted by user
2026-01-21 03:39:33,565 - MainThread - INFO - Starting scraper for 15203 pages with 20 threads
2026-01-21 03:39:33,565 - MainThread - INFO - Resuming from page 20
2026-01-21 03:39:33,568 - MainThread - INFO - Pages to scrape: 15184/15203
2026-01-21 03:39:33,568 - MainThread - INFO - Processing batch 1 with 20 pages
2026-01-21 03:39:33,570 - ThreadPoolExecutor-0_0 - INFO - Scraping page 10: https://www.fotocasa.es/es/comprar/viviendas/espana/todas-las-zonas/l/10
2026-01-21 03:39:33,571 - ThreadPoolExecutor-0_1 - INFO - Page 21 already scraped, skipping
2026-01-21 03:39:33,572 - ThreadPoolExecutor-0_2 - INFO - Scraping page 22: https://www.fotocasa.es/es/comprar/viviendas/espana/todas-las-zonas/l/22
2026-01-21 03:39:33,573 - ThreadPoolExecutor-0_1 - INFO - Page 24 already scraped, skipping
2026-01-21 03:39:33,573 - ThreadPoolExecutor-0_3 - INFO - Page 23 already scraped, skipping
2026-01-21 03:39:33,574 - ThreadPoolExecutor-0_4 - INFO - Page 25 already scraped, skipping
2026-01-21 03:39:33,576 - ThreadPoolExecutor-0_1 - INFO - Page 26 already scraped, skipping
2026-01-21 03:39:33,576 - ThreadPoolExecutor-0_3 - INFO - Scraping page 27: https://www.fotocasa.es/es/comprar/viviendas/espana/todas-las-zonas/l/27
2026-01-21 03:39:33,577 - ThreadPoolExecutor-0_5 - INFO - Page 28 already scraped, skipping
2026-01-21 03:39:33,578 - ThreadPoolExecutor-0_4 - INFO - Scraping page 29: https://www.fotocasa.es/es/comprar/viviendas/espana/todas-las-zonas/l/29
2026-01-21 03:39:33,578 - ThreadPoolExecutor-0_1 - INFO - Page 30 already scraped, skipping
2026-01-21 03:39:33,579 - ThreadPoolExecutor-0_6 - INFO - Page 31 already scraped, skipping
2026-01-21 03:39:33,580 - ThreadPoolExecutor-0_7 - INFO - Scraping page 32: https://www.fotocasa.es/es/comprar/viviendas/espana/todas-las-zonas/l/32
2026-01-21 03:39:33,582 - ThreadPoolExecutor-0_8 - INFO - Page 34 already scraped, skipping
2026-01-21 03:39:33,582 - ThreadPoolExecutor-0_5 - INFO - Scraping page 33: https://www.fotocasa.es/es/comprar/viviendas/espana/todas-las-zonas/l/33
2026-01-21 03:39:33,589 - ThreadPoolExecutor-0_1 - INFO - Scraping page 35: https://www.fotocasa.es/es/comprar/viviendas/espana/todas-las-zonas/l/35
2026-01-21 03:39:33,591 - ThreadPoolExecutor-0_6 - INFO - Page 36 already scraped, skipping
2026-01-21 03:39:33,591 - ThreadPoolExecutor-0_9 - INFO - Scraping page 37: https://www.fotocasa.es/es/comprar/viviendas/espana/todas-las-zonas/l/37
2026-01-21 03:39:33,595 - ThreadPoolExecutor-0_8 - INFO - Scraping page 38: https://www.fotocasa.es/es/comprar/viviendas/espana/todas-las-zonas/l/38
2026-01-21 03:39:33,598 - MainThread - INFO - Page 24 completed (1 successful, 0 failed)
2026-01-21 03:39:33,599 - ThreadPoolExecutor-0_10 - INFO - Page 39 already scraped, skipping
2026-01-21 03:39:33,610 - MainThread - INFO - Page 30 completed (2 successful, 0 failed)
2026-01-21 03:39:33,611 - MainThread - INFO - Page 26 completed (3 successful, 0 failed)
2026-01-21 03:39:33,614 - MainThread - INFO - Page 21 completed (4 successful, 0 failed)
2026-01-21 03:39:33,614 - MainThread - INFO - Page 31 completed (5 successful, 0 failed)
2026-01-21 03:39:33,614 - MainThread - INFO - Page 23 completed (6 successful, 0 failed)
2026-01-21 03:39:33,614 - MainThread - INFO - Page 25 completed (7 successful, 0 failed)
2026-01-21 03:39:33,614 - MainThread - INFO - Page 28 completed (8 successful, 0 failed)
2026-01-21 03:39:33,614 - MainThread - INFO - Page 34 completed (9 successful, 0 failed)
2026-01-21 03:39:33,614 - MainThread - INFO - Page 36 completed (10 successful, 0 failed)
2026-01-21 03:39:33,614 - MainThread - INFO - Page 39 completed (11 successful, 0 failed)
2026-01-21 03:39:35,387 - ThreadPoolExecutor-0_2 - WARNING - Could not find <section id='main-content'> in page
2026-01-21 03:39:35,387 - ThreadPoolExecutor-0_2 - WARNING - Page 22 has 0 properties
2026-01-21 03:39:35,388 - ThreadPoolExecutor-0_2 - INFO - Page 22 saved with 0 properties
2026-01-21 03:39:35,389 - MainThread - INFO - Page 22 completed (12 successful, 0 failed)
2026-01-21 03:40:15,398 - MainThread - INFO - Starting scraper for 15203 pages with 20 threads
2026-01-21 03:40:15,399 - MainThread - INFO - Resuming from page 20
2026-01-21 03:40:15,411 - MainThread - INFO - Pages to scrape: 15184/15203
2026-01-21 03:40:15,416 - MainThread - INFO - Processing batch 1 with 20 pages
2026-01-21 03:40:15,429 - ThreadPoolExecutor-0_0 - INFO - Scraping page 10: https://www.fotocasa.es/es/comprar/viviendas/espana/todas-las-zonas/l/10
2026-01-21 03:40:15,442 - ThreadPoolExecutor-0_1 - INFO - Page 21 already scraped, skipping
2026-01-21 03:40:15,452 - ThreadPoolExecutor-0_1 - INFO - Page 22 already scraped, skipping
2026-01-21 03:40:15,455 - ThreadPoolExecutor-0_2 - INFO - Page 23 already scraped, skipping
2026-01-21 03:40:15,456 - ThreadPoolExecutor-0_2 - INFO - Page 24 already scraped, skipping
2026-01-21 03:40:15,456 - ThreadPoolExecutor-0_1 - INFO - Page 25 already scraped, skipping
2026-01-21 03:40:15,476 - ThreadPoolExecutor-0_2 - INFO - Page 26 already scraped, skipping
2026-01-21 03:40:15,476 - ThreadPoolExecutor-0_1 - INFO - Scraping page 27: https://www.fotocasa.es/es/comprar/viviendas/espana/todas-las-zonas/l/27
2026-01-21 03:40:15,476 - ThreadPoolExecutor-0_2 - INFO - Page 28 already scraped, skipping
2026-01-21 03:40:15,482 - ThreadPoolExecutor-0_2 - INFO - Scraping page 29: https://www.fotocasa.es/es/comprar/viviendas/espana/todas-las-zonas/l/29
2026-01-21 03:40:15,533 - ThreadPoolExecutor-0_3 - INFO - Page 30 already scraped, skipping
2026-01-21 03:40:15,533 - ThreadPoolExecutor-0_3 - INFO - Scraping page 32: https://www.fotocasa.es/es/comprar/viviendas/espana/todas-las-zonas/l/32
2026-01-21 03:40:15,536 - ThreadPoolExecutor-0_4 - INFO - Page 31 already scraped, skipping
2026-01-21 03:40:15,547 - ThreadPoolExecutor-0_5 - INFO - Scraping page 33: https://www.fotocasa.es/es/comprar/viviendas/espana/todas-las-zonas/l/33
2026-01-21 03:40:15,553 - ThreadPoolExecutor-0_4 - INFO - Page 34 already scraped, skipping
2026-01-21 03:40:15,586 - ThreadPoolExecutor-0_4 - INFO - Scraping page 35: https://www.fotocasa.es/es/comprar/viviendas/espana/todas-las-zonas/l/35
2026-01-21 03:40:15,586 - ThreadPoolExecutor-0_6 - INFO - Page 36 already scraped, skipping
2026-01-21 03:40:15,605 - ThreadPoolExecutor-0_6 - INFO - Scraping page 37: https://www.fotocasa.es/es/comprar/viviendas/espana/todas-las-zonas/l/37
2026-01-21 03:40:15,607 - ThreadPoolExecutor-0_7 - INFO - Scraping page 38: https://www.fotocasa.es/es/comprar/viviendas/espana/todas-las-zonas/l/38
2026-01-21 03:40:15,654 - MainThread - INFO - Page 31 completed (1 successful, 0 failed)
2026-01-21 03:40:15,654 - ThreadPoolExecutor-0_8 - INFO - Page 39 already scraped, skipping
2026-01-21 03:40:15,661 - MainThread - INFO - Page 25 completed (2 successful, 0 failed)
2026-01-21 03:40:15,670 - MainThread - INFO - Page 21 completed (3 successful, 0 failed)
2026-01-21 03:40:15,676 - MainThread - INFO - Page 24 completed (4 successful, 0 failed)
2026-01-21 03:40:15,682 - MainThread - INFO - Page 23 completed (5 successful, 0 failed)
2026-01-21 03:40:15,722 - MainThread - INFO - Page 22 completed (6 successful, 0 failed)
2026-01-21 03:40:15,727 - MainThread - INFO - Page 34 completed (7 successful, 0 failed)
2026-01-21 03:40:15,732 - MainThread - INFO - Page 30 completed (8 successful, 0 failed)
2026-01-21 03:40:15,737 - MainThread - INFO - Page 36 completed (9 successful, 0 failed)
2026-01-21 03:40:15,737 - MainThread - INFO - Page 28 completed (10 successful, 0 failed)
2026-01-21 03:40:15,751 - MainThread - INFO - Page 26 completed (11 successful, 0 failed)
2026-01-21 03:40:15,761 - MainThread - INFO - Page 39 completed (12 successful, 0 failed)
2026-01-21 03:40:17,260 - ThreadPoolExecutor-0_1 - WARNING - Could not find <section id='main-content'> in page
2026-01-21 03:40:17,260 - ThreadPoolExecutor-0_1 - WARNING - Page 27 has 0 properties
2026-01-21 03:40:17,261 - ThreadPoolExecutor-0_1 - INFO - Page 27 saved with 0 properties
2026-01-21 03:40:17,262 - MainThread - INFO - Page 27 completed (13 successful, 0 failed)
2026-01-21 03:40:18,469 - ThreadPoolExecutor-0_2 - WARNING - Could not find <section id='main-content'> in page
2026-01-21 03:40:18,470 - ThreadPoolExecutor-0_2 - WARNING - Page 29 has 0 properties
2026-01-21 03:40:18,470 - ThreadPoolExecutor-0_2 - INFO - Page 29 saved with 0 properties
2026-01-21 03:40:18,472 - MainThread - INFO - Page 29 completed (14 successful, 0 failed)
2026-01-21 03:40:19,611 - ThreadPoolExecutor-0_6 - WARNING - Could not find <section id='main-content'> in page
2026-01-21 03:40:19,611 - ThreadPoolExecutor-0_6 - WARNING - Page 37 has 0 properties
2026-01-21 03:40:19,612 - ThreadPoolExecutor-0_6 - INFO - Page 37 saved with 0 properties
2026-01-21 03:40:19,613 - MainThread - INFO - Page 37 completed (15 successful, 0 failed)
2026-01-21 03:40:34,915 - ThreadPoolExecutor-0_0 - ERROR - Page 10 failed: Failed to perform, curl: (56) Recv failure: Connection was reset. See https://curl.se/libcurl/c/libcurl-errors.html first for more details.
2026-01-21 03:40:34,916 - MainThread - ERROR - Page 10 failed: Failed to perform, curl: (56) Recv failure: Connection was reset. See https://curl.se/libcurl/c/libcurl-errors.html first for more details.
2026-01-21 03:40:34,965 - ThreadPoolExecutor-0_5 - ERROR - Page 33 failed: Failed to perform, curl: (56) Recv failure: Connection was reset. See https://curl.se/libcurl/c/libcurl-errors.html first for more details.
2026-01-21 03:40:34,967 - MainThread - ERROR - Page 33 failed: Failed to perform, curl: (56) Recv failure: Connection was reset. See https://curl.se/libcurl/c/libcurl-errors.html first for more details.
2026-01-21 03:40:34,997 - ThreadPoolExecutor-0_7 - ERROR - Page 38 failed: Failed to perform, curl: (56) Recv failure: Connection was reset. See https://curl.se/libcurl/c/libcurl-errors.html first for more details.
2026-01-21 03:40:34,998 - MainThread - ERROR - Page 38 failed: Failed to perform, curl: (56) Recv failure: Connection was reset. See https://curl.se/libcurl/c/libcurl-errors.html first for more details.
2026-01-21 03:40:35,128 - ThreadPoolExecutor-0_4 - ERROR - Page 35 failed: Failed to perform, curl: (56) Recv failure: Connection was reset. See https://curl.se/libcurl/c/libcurl-errors.html first for more details.
2026-01-21 03:40:35,129 - MainThread - ERROR - Page 35 failed: Failed to perform, curl: (56) Recv failure: Connection was reset. See https://curl.se/libcurl/c/libcurl-errors.html first for more details.
2026-01-21 03:40:35,143 - ThreadPoolExecutor-0_3 - ERROR - Page 32 failed: Failed to perform, curl: (56) Recv failure: Connection was reset. See https://curl.se/libcurl/c/libcurl-errors.html first for more details.
2026-01-21 03:40:35,144 - MainThread - ERROR - Page 32 failed: Failed to perform, curl: (56) Recv failure: Connection was reset. See https://curl.se/libcurl/c/libcurl-errors.html first for more details.
2026-01-21 03:40:35,146 - MainThread - INFO - Waiting 3 seconds before next batch...
2026-01-21 03:40:38,147 - MainThread - INFO - Processing batch 2 with 20 pages
2026-01-21 03:40:38,149 - ThreadPoolExecutor-0_8 - INFO - Scraping page 40: https://www.fotocasa.es/es/comprar/viviendas/espana/todas-las-zonas/l/40
2026-01-21 03:40:38,149 - ThreadPoolExecutor-0_1 - INFO - Scraping page 41: https://www.fotocasa.es/es/comprar/viviendas/espana/todas-las-zonas/l/41
2026-01-21 03:40:38,149 - ThreadPoolExecutor-0_9 - INFO - Scraping page 42: https://www.fotocasa.es/es/comprar/viviendas/espana/todas-las-zonas/l/42
2026-01-21 03:40:38,151 - ThreadPoolExecutor-0_2 - INFO - Scraping page 43: https://www.fotocasa.es/es/comprar/viviendas/espana/todas-las-zonas/l/43
2026-01-21 03:40:38,151 - ThreadPoolExecutor-0_6 - INFO - Scraping page 45: https://www.fotocasa.es/es/comprar/viviendas/espana/todas-las-zonas/l/45
2026-01-21 03:40:38,152 - ThreadPoolExecutor-0_10 - INFO - Scraping page 44: https://www.fotocasa.es/es/comprar/viviendas/espana/todas-las-zonas/l/44
2026-01-21 03:40:38,153 - ThreadPoolExecutor-0_11 - INFO - Scraping page 48: https://www.fotocasa.es/es/comprar/viviendas/espana/todas-las-zonas/l/48
2026-01-21 03:40:38,154 - ThreadPoolExecutor-0_0 - INFO - Scraping page 46: https://www.fotocasa.es/es/comprar/viviendas/espana/todas-las-zonas/l/46
2026-01-21 03:40:38,155 - ThreadPoolExecutor-0_5 - INFO - Scraping page 47: https://www.fotocasa.es/es/comprar/viviendas/espana/todas-las-zonas/l/47
2026-01-21 03:40:38,155 - ThreadPoolExecutor-0_12 - INFO - Scraping page 49: https://www.fotocasa.es/es/comprar/viviendas/espana/todas-las-zonas/l/49
2026-01-21 03:40:38,156 - ThreadPoolExecutor-0_7 - INFO - Scraping page 50: https://www.fotocasa.es/es/comprar/viviendas/espana/todas-las-zonas/l/50
2026-01-21 03:40:38,156 - ThreadPoolExecutor-0_4 - INFO - Scraping page 51: https://www.fotocasa.es/es/comprar/viviendas/espana/todas-las-zonas/l/51
2026-01-21 03:40:38,157 - ThreadPoolExecutor-0_3 - INFO - Scraping page 52: https://www.fotocasa.es/es/comprar/viviendas/espana/todas-las-zonas/l/52
2026-01-21 03:40:38,157 - ThreadPoolExecutor-0_13 - INFO - Scraping page 53: https://www.fotocasa.es/es/comprar/viviendas/espana/todas-las-zonas/l/53
2026-01-21 03:40:38,161 - ThreadPoolExecutor-0_15 - INFO - Scraping page 55: https://www.fotocasa.es/es/comprar/viviendas/espana/todas-las-zonas/l/55
2026-01-21 03:40:38,168 - ThreadPoolExecutor-0_14 - INFO - Scraping page 54: https://www.fotocasa.es/es/comprar/viviendas/espana/todas-las-zonas/l/54
2026-01-21 03:40:38,196 - ThreadPoolExecutor-0_16 - INFO - Scraping page 56: https://www.fotocasa.es/es/comprar/viviendas/espana/todas-las-zonas/l/56
2026-01-21 03:40:38,198 - ThreadPoolExecutor-0_17 - INFO - Scraping page 57: https://www.fotocasa.es/es/comprar/viviendas/espana/todas-las-zonas/l/57
2026-01-21 03:40:38,230 - ThreadPoolExecutor-0_18 - INFO - Scraping page 58: https://www.fotocasa.es/es/comprar/viviendas/espana/todas-las-zonas/l/58
2026-01-21 03:40:38,235 - ThreadPoolExecutor-0_19 - INFO - Scraping page 59: https://www.fotocasa.es/es/comprar/viviendas/espana/todas-las-zonas/l/59
2026-01-21 03:40:39,545 - ThreadPoolExecutor-0_11 - WARNING - Could not find <section id='main-content'> in page
2026-01-21 03:40:39,551 - ThreadPoolExecutor-0_11 - WARNING - Page 48 has 0 properties
2026-01-21 03:40:39,557 - ThreadPoolExecutor-0_11 - INFO - Page 48 saved with 0 properties
2026-01-21 03:40:39,559 - MainThread - INFO - Page 48 completed (16 successful, 5 failed)
2026-01-21 03:40:39,737 - ThreadPoolExecutor-0_5 - WARNING - Could not find <section id='main-content'> in page
2026-01-21 03:40:39,762 - ThreadPoolExecutor-0_5 - WARNING - Page 47 has 0 properties
2026-01-21 03:40:39,829 - ThreadPoolExecutor-0_19 - WARNING - Could not find <section id='main-content'> in page
2026-01-21 03:40:39,830 - ThreadPoolExecutor-0_19 - WARNING - Page 59 has 0 properties
2026-01-21 03:40:39,835 - ThreadPoolExecutor-0_5 - INFO - Page 47 saved with 0 properties
2026-01-21 03:40:39,853 - ThreadPoolExecutor-0_19 - INFO - Page 59 saved with 0 properties
2026-01-21 03:40:39,945 - ThreadPoolExecutor-0_1 - WARNING - Could not find <section id='main-content'> in page
2026-01-21 03:40:39,946 - MainThread - INFO - Page 47 completed (17 successful, 5 failed)
2026-01-21 03:40:40,014 - ThreadPoolExecutor-0_1 - WARNING - Page 41 has 0 properties
2026-01-21 03:40:40,080 - ThreadPoolExecutor-0_2 - WARNING - Could not find <section id='main-content'> in page
2026-01-21 03:40:40,197 - ThreadPoolExecutor-0_16 - WARNING - Could not find <section id='main-content'> in page
2026-01-21 03:40:40,197 - MainThread - INFO - Page 59 completed (18 successful, 5 failed)
2026-01-21 03:40:40,268 - ThreadPoolExecutor-0_2 - WARNING - Page 43 has 0 properties
2026-01-21 03:40:40,282 - ThreadPoolExecutor-0_17 - WARNING - Could not find <section id='main-content'> in page
2026-01-21 03:40:40,284 - ThreadPoolExecutor-0_1 - INFO - Page 41 saved with 0 properties
2026-01-21 03:40:40,300 - ThreadPoolExecutor-0_16 - WARNING - Page 56 has 0 properties
2026-01-21 03:40:40,395 - ThreadPoolExecutor-0_12 - WARNING - Could not find <section id='main-content'> in page
2026-01-21 03:40:40,397 - ThreadPoolExecutor-0_17 - WARNING - Page 57 has 0 properties
2026-01-21 03:40:40,398 - ThreadPoolExecutor-0_2 - INFO - Page 43 saved with 0 properties
2026-01-21 03:40:40,399 - MainThread - INFO - Page 41 completed (19 successful, 5 failed)
2026-01-21 03:40:40,400 - ThreadPoolExecutor-0_12 - WARNING - Page 49 has 0 properties
2026-01-21 03:40:40,402 - ThreadPoolExecutor-0_16 - INFO - Page 56 saved with 0 properties
2026-01-21 03:40:40,402 - MainThread - INFO - Page 43 completed (20 successful, 5 failed)
2026-01-21 03:40:40,404 - ThreadPoolExecutor-0_17 - INFO - Page 57 saved with 0 properties
2026-01-21 03:40:40,405 - MainThread - INFO - Page 56 completed (21 successful, 5 failed)
2026-01-21 03:40:40,405 - ThreadPoolExecutor-0_12 - INFO - Page 49 saved with 0 properties
2026-01-21 03:40:40,405 - MainThread - INFO - Page 57 completed (22 successful, 5 failed)
2026-01-21 03:40:40,407 - MainThread - INFO - Page 49 completed (23 successful, 5 failed)
2026-01-21 03:40:40,519 - ThreadPoolExecutor-0_0 - WARNING - Could not find <section id='main-content'> in page
2026-01-21 03:40:40,519 - ThreadPoolExecutor-0_0 - WARNING - Page 46 has 0 properties
2026-01-21 03:40:40,520 - ThreadPoolExecutor-0_0 - INFO - Page 46 saved with 0 properties
2026-01-21 03:40:40,521 - MainThread - INFO - Page 46 completed (24 successful, 5 failed)
2026-01-21 03:40:41,409 - ThreadPoolExecutor-0_6 - WARNING - Could not find <section id='main-content'> in page
2026-01-21 03:40:41,409 - ThreadPoolExecutor-0_6 - WARNING - Page 45 has 0 properties
2026-01-21 03:40:41,411 - ThreadPoolExecutor-0_6 - INFO - Page 45 saved with 0 properties
2026-01-21 03:40:41,412 - MainThread - INFO - Page 45 completed (25 successful, 5 failed)
2026-01-21 03:40:57,550 - ThreadPoolExecutor-0_9 - ERROR - Page 42 failed: Failed to perform, curl: (56) Recv failure: Connection was reset. See https://curl.se/libcurl/c/libcurl-errors.html first for more details.
2026-01-21 03:40:57,550 - ThreadPoolExecutor-0_10 - ERROR - Page 44 failed: Failed to perform, curl: (56) Recv failure: Connection was reset. See https://curl.se/libcurl/c/libcurl-errors.html first for more details.
2026-01-21 03:40:57,551 - MainThread - ERROR - Page 42 failed: Failed to perform, curl: (56) Recv failure: Connection was reset. See https://curl.se/libcurl/c/libcurl-errors.html first for more details.
2026-01-21 03:40:57,552 - MainThread - ERROR - Page 44 failed: Failed to perform, curl: (56) Recv failure: Connection was reset. See https://curl.se/libcurl/c/libcurl-errors.html first for more details.
2026-01-21 03:40:57,565 - ThreadPoolExecutor-0_8 - ERROR - Page 40 failed: Failed to perform, curl: (56) Recv failure: Connection was reset. See https://curl.se/libcurl/c/libcurl-errors.html first for more details.
2026-01-21 03:40:57,565 - ThreadPoolExecutor-0_13 - ERROR - Page 53 failed: Failed to perform, curl: (56) Recv failure: Connection was reset. See https://curl.se/libcurl/c/libcurl-errors.html first for more details.
2026-01-21 03:40:57,565 - MainThread - ERROR - Page 40 failed: Failed to perform, curl: (56) Recv failure: Connection was reset. See https://curl.se/libcurl/c/libcurl-errors.html first for more details.
2026-01-21 03:40:57,567 - MainThread - ERROR - Page 53 failed: Failed to perform, curl: (56) Recv failure: Connection was reset. See https://curl.se/libcurl/c/libcurl-errors.html first for more details.
2026-01-21 03:40:57,580 - ThreadPoolExecutor-0_14 - ERROR - Page 54 failed: Failed to perform, curl: (56) Recv failure: Connection was reset. See https://curl.se/libcurl/c/libcurl-errors.html first for more details.
2026-01-21 03:40:57,581 - ThreadPoolExecutor-0_7 - ERROR - Page 50 failed: Failed to perform, curl: (56) Recv failure: Connection was reset. See https://curl.se/libcurl/c/libcurl-errors.html first for more details.
2026-01-21 03:40:57,582 - MainThread - ERROR - Page 54 failed: Failed to perform, curl: (56) Recv failure: Connection was reset. See https://curl.se/libcurl/c/libcurl-errors.html first for more details.
2026-01-21 03:40:57,582 - MainThread - ERROR - Page 50 failed: Failed to perform, curl: (56) Recv failure: Connection was reset. See https://curl.se/libcurl/c/libcurl-errors.html first for more details.
2026-01-21 03:40:57,595 - ThreadPoolExecutor-0_3 - ERROR - Page 52 failed: Failed to perform, curl: (56) Recv failure: Connection was reset. See https://curl.se/libcurl/c/libcurl-errors.html first for more details.
2026-01-21 03:40:57,598 - ThreadPoolExecutor-0_4 - ERROR - Page 51 failed: Failed to perform, curl: (56) Recv failure: Connection was reset. See https://curl.se/libcurl/c/libcurl-errors.html first for more details.
2026-01-21 03:40:57,599 - MainThread - ERROR - Page 52 failed: Failed to perform, curl: (56) Recv failure: Connection was reset. See https://curl.se/libcurl/c/libcurl-errors.html first for more details.
2026-01-21 03:40:57,599 - MainThread - ERROR - Page 51 failed: Failed to perform, curl: (56) Recv failure: Connection was reset. See https://curl.se/libcurl/c/libcurl-errors.html first for more details.
2026-01-21 03:40:57,610 - ThreadPoolExecutor-0_18 - ERROR - Page 58 failed: Failed to perform, curl: (56) Recv failure: Connection was reset. See https://curl.se/libcurl/c/libcurl-errors.html first for more details.
2026-01-21 03:40:57,611 - ThreadPoolExecutor-0_15 - ERROR - Page 55 failed: Failed to perform, curl: (56) Recv failure: Connection was reset. See https://curl.se/libcurl/c/libcurl-errors.html first for more details.
2026-01-21 03:40:57,612 - MainThread - ERROR - Page 55 failed: Failed to perform, curl: (56) Recv failure: Connection was reset. See https://curl.se/libcurl/c/libcurl-errors.html first for more details.
2026-01-21 03:40:57,613 - MainThread - ERROR - Page 58 failed: Failed to perform, curl: (56) Recv failure: Connection was reset. See https://curl.se/libcurl/c/libcurl-errors.html first for more details.
2026-01-21 03:40:57,614 - MainThread - INFO - Waiting 3 seconds before next batch...
2026-01-21 03:41:00,615 - MainThread - INFO - Processing batch 3 with 20 pages
2026-01-21 03:41:00,615 - ThreadPoolExecutor-0_5 - INFO - Scraping page 61: https://www.fotocasa.es/es/comprar/viviendas/espana/todas-las-zonas/l/61
2026-01-21 03:41:00,616 - ThreadPoolExecutor-0_11 - INFO - Scraping page 60: https://www.fotocasa.es/es/comprar/viviendas/espana/todas-las-zonas/l/60
2026-01-21 03:41:00,616 - ThreadPoolExecutor-0_1 - INFO - Scraping page 63: https://www.fotocasa.es/es/comprar/viviendas/espana/todas-las-zonas/l/63
2026-01-21 03:41:00,616 - ThreadPoolExecutor-0_2 - INFO - Scraping page 64: https://www.fotocasa.es/es/comprar/viviendas/espana/todas-las-zonas/l/64
2026-01-21 03:41:00,617 - ThreadPoolExecutor-0_19 - INFO - Scraping page 62: https://www.fotocasa.es/es/comprar/viviendas/espana/todas-las-zonas/l/62
2026-01-21 03:41:00,617 - ThreadPoolExecutor-0_16 - INFO - Scraping page 65: https://www.fotocasa.es/es/comprar/viviendas/espana/todas-las-zonas/l/65
2026-01-21 03:41:00,618 - ThreadPoolExecutor-0_17 - INFO - Scraping page 66: https://www.fotocasa.es/es/comprar/viviendas/espana/todas-las-zonas/l/66
2026-01-21 03:41:00,618 - ThreadPoolExecutor-0_12 - INFO - Scraping page 67: https://www.fotocasa.es/es/comprar/viviendas/espana/todas-las-zonas/l/67
2026-01-21 03:41:00,619 - ThreadPoolExecutor-0_0 - INFO - Scraping page 68: https://www.fotocasa.es/es/comprar/viviendas/espana/todas-las-zonas/l/68
2026-01-21 03:41:00,621 - ThreadPoolExecutor-0_6 - INFO - Scraping page 69: https://www.fotocasa.es/es/comprar/viviendas/espana/todas-las-zonas/l/69
2026-01-21 03:41:00,621 - ThreadPoolExecutor-0_10 - INFO - Scraping page 71: https://www.fotocasa.es/es/comprar/viviendas/espana/todas-las-zonas/l/71
2026-01-21 03:41:00,621 - ThreadPoolExecutor-0_9 - INFO - Scraping page 70: https://www.fotocasa.es/es/comprar/viviendas/espana/todas-las-zonas/l/70
2026-01-21 03:41:00,623 - ThreadPoolExecutor-0_13 - INFO - Scraping page 73: https://www.fotocasa.es/es/comprar/viviendas/espana/todas-las-zonas/l/73
2026-01-21 03:41:00,623 - ThreadPoolExecutor-0_8 - INFO - Scraping page 72: https://www.fotocasa.es/es/comprar/viviendas/espana/todas-las-zonas/l/72
2026-01-21 03:41:00,623 - ThreadPoolExecutor-0_14 - INFO - Scraping page 74: https://www.fotocasa.es/es/comprar/viviendas/espana/todas-las-zonas/l/74
2026-01-21 03:41:00,624 - ThreadPoolExecutor-0_7 - INFO - Scraping page 75: https://www.fotocasa.es/es/comprar/viviendas/espana/todas-las-zonas/l/75
2026-01-21 03:41:00,625 - ThreadPoolExecutor-0_3 - INFO - Scraping page 76: https://www.fotocasa.es/es/comprar/viviendas/espana/todas-las-zonas/l/76
2026-01-21 03:41:00,625 - ThreadPoolExecutor-0_4 - INFO - Scraping page 77: https://www.fotocasa.es/es/comprar/viviendas/espana/todas-las-zonas/l/77
2026-01-21 03:41:00,629 - ThreadPoolExecutor-0_15 - INFO - Scraping page 78: https://www.fotocasa.es/es/comprar/viviendas/espana/todas-las-zonas/l/78
2026-01-21 03:41:00,630 - ThreadPoolExecutor-0_18 - INFO - Scraping page 79: https://www.fotocasa.es/es/comprar/viviendas/espana/todas-las-zonas/l/79
2026-01-21 03:41:01,991 - ThreadPoolExecutor-0_1 - WARNING - Could not find <section id='main-content'> in page
2026-01-21 03:41:01,992 - ThreadPoolExecutor-0_1 - WARNING - Page 63 has 0 properties
2026-01-21 03:41:01,993 - ThreadPoolExecutor-0_1 - INFO - Page 63 saved with 0 properties
2026-01-21 03:41:01,997 - MainThread - INFO - Page 63 completed (26 successful, 15 failed)
2026-01-21 03:41:02,248 - ThreadPoolExecutor-0_7 - WARNING - Could not find <section id='main-content'> in page
2026-01-21 03:41:02,330 - ThreadPoolExecutor-0_7 - WARNING - Page 75 has 0 properties
2026-01-21 03:41:02,370 - ThreadPoolExecutor-0_18 - WARNING - Could not find <section id='main-content'> in page
2026-01-21 03:41:02,370 - ThreadPoolExecutor-0_18 - WARNING - Page 79 has 0 properties
2026-01-21 03:41:02,371 - ThreadPoolExecutor-0_7 - INFO - Page 75 saved with 0 properties
2026-01-21 03:41:02,372 - MainThread - INFO - Page 75 completed (27 successful, 15 failed)
2026-01-21 03:41:02,373 - ThreadPoolExecutor-0_18 - INFO - Page 79 saved with 0 properties
2026-01-21 03:41:02,375 - MainThread - INFO - Page 79 completed (28 successful, 15 failed)
2026-01-21 03:41:02,581 - ThreadPoolExecutor-0_8 - WARNING - Could not find <section id='main-content'> in page
2026-01-21 03:41:02,608 - ThreadPoolExecutor-0_8 - WARNING - Page 72 has 0 properties
2026-01-21 03:41:02,630 - ThreadPoolExecutor-0_12 - WARNING - Could not find <section id='main-content'> in page
2026-01-21 03:41:02,630 - ThreadPoolExecutor-0_12 - WARNING - Page 67 has 0 properties
2026-01-21 03:41:02,632 - ThreadPoolExecutor-0_8 - INFO - Page 72 saved with 0 properties
2026-01-21 03:41:02,634 - MainThread - INFO - Page 72 completed (29 successful, 15 failed)
2026-01-21 03:41:02,634 - ThreadPoolExecutor-0_12 - INFO - Page 67 saved with 0 properties
2026-01-21 03:41:02,635 - MainThread - INFO - Page 67 completed (30 successful, 15 failed)
2026-01-21 03:41:03,172 - ThreadPoolExecutor-0_15 - WARNING - Could not find <section id='main-content'> in page
2026-01-21 03:41:03,172 - ThreadPoolExecutor-0_15 - WARNING - Page 78 has 0 properties
2026-01-21 03:41:03,173 - ThreadPoolExecutor-0_15 - INFO - Page 78 saved with 0 properties
2026-01-21 03:41:03,175 - MainThread - INFO - Page 78 completed (31 successful, 15 failed)
2026-01-21 03:41:04,093 - ThreadPoolExecutor-0_4 - WARNING - Could not find <section id='main-content'> in page
2026-01-21 03:41:04,093 - ThreadPoolExecutor-0_4 - WARNING - Page 77 has 0 properties
2026-01-21 03:41:04,100 - ThreadPoolExecutor-0_4 - INFO - Page 77 saved with 0 properties
2026-01-21 03:41:04,102 - MainThread - INFO - Page 77 completed (32 successful, 15 failed)
2026-01-21 03:41:04,205 - ThreadPoolExecutor-0_14 - WARNING - Could not find <section id='main-content'> in page
2026-01-21 03:41:04,245 - ThreadPoolExecutor-0_14 - WARNING - Page 74 has 0 properties
2026-01-21 03:41:04,376 - ThreadPoolExecutor-0_3 - WARNING - Could not find <section id='main-content'> in page
2026-01-21 03:41:04,377 - ThreadPoolExecutor-0_14 - INFO - Page 74 saved with 0 properties
2026-01-21 03:41:04,377 - ThreadPoolExecutor-0_3 - WARNING - Page 76 has 0 properties
2026-01-21 03:41:04,378 - MainThread - INFO - Page 74 completed (33 successful, 15 failed)
2026-01-21 03:41:04,380 - ThreadPoolExecutor-0_3 - INFO - Page 76 saved with 0 properties
2026-01-21 03:41:04,380 - MainThread - INFO - Page 76 completed (34 successful, 15 failed)
2026-01-21 03:41:05,107 - ThreadPoolExecutor-0_16 - WARNING - Could not find <section id='main-content'> in page
2026-01-21 03:41:05,108 - ThreadPoolExecutor-0_16 - WARNING - Page 65 has 0 properties
2026-01-21 03:41:05,108 - ThreadPoolExecutor-0_16 - INFO - Page 65 saved with 0 properties
2026-01-21 03:41:05,110 - MainThread - INFO - Page 65 completed (35 successful, 15 failed)
2026-01-21 03:41:20,163 - ThreadPoolExecutor-0_5 - ERROR - Page 61 failed: Failed to perform, curl: (56) Recv failure: Connection was reset. See https://curl.se/libcurl/c/libcurl-errors.html first for more details.
2026-01-21 03:41:20,164 - ThreadPoolExecutor-0_6 - ERROR - Page 69 failed: Failed to perform, curl: (56) Recv failure: Connection was reset. See https://curl.se/libcurl/c/libcurl-errors.html first for more details.
2026-01-21 03:41:20,165 - ThreadPoolExecutor-0_19 - ERROR - Page 62 failed: Failed to perform, curl: (56) Recv failure: Connection was reset. See https://curl.se/libcurl/c/libcurl-errors.html first for more details.
2026-01-21 03:41:20,166 - ThreadPoolExecutor-0_11 - ERROR - Page 60 failed: Failed to perform, curl: (56) Recv failure: Connection was reset. See https://curl.se/libcurl/c/libcurl-errors.html first for more details.
2026-01-21 03:41:20,166 - ThreadPoolExecutor-0_9 - ERROR - Page 70 failed: Failed to perform, curl: (56) Recv failure: Connection was reset. See https://curl.se/libcurl/c/libcurl-errors.html first for more details.
2026-01-21 03:41:20,166 - ThreadPoolExecutor-0_13 - ERROR - Page 73 failed: Failed to perform, curl: (56) Recv failure: Connection was reset. See https://curl.se/libcurl/c/libcurl-errors.html first for more details.
2026-01-21 03:41:20,193 - MainThread - ERROR - Page 62 failed: Failed to perform, curl: (56) Recv failure: Connection was reset. See https://curl.se/libcurl/c/libcurl-errors.html first for more details.
2026-01-21 03:41:20,194 - ThreadPoolExecutor-0_10 - ERROR - Page 71 failed: Failed to perform, curl: (56) Recv failure: Connection was reset. See https://curl.se/libcurl/c/libcurl-errors.html first for more details.
2026-01-21 03:41:20,195 - ThreadPoolExecutor-0_2 - ERROR - Page 64 failed: Failed to perform, curl: (56) Recv failure: Connection was reset. See https://curl.se/libcurl/c/libcurl-errors.html first for more details.
2026-01-21 03:41:20,195 - ThreadPoolExecutor-0_0 - ERROR - Page 68 failed: Failed to perform, curl: (56) Recv failure: Connection was reset. See https://curl.se/libcurl/c/libcurl-errors.html first for more details.
2026-01-21 03:41:20,196 - ThreadPoolExecutor-0_17 - ERROR - Page 66 failed: Failed to perform, curl: (56) Recv failure: Connection was reset. See https://curl.se/libcurl/c/libcurl-errors.html first for more details.
2026-01-21 03:41:20,276 - MainThread - ERROR - Page 61 failed: Failed to perform, curl: (56) Recv failure: Connection was reset. See https://curl.se/libcurl/c/libcurl-errors.html first for more details.
2026-01-21 03:41:20,325 - MainThread - ERROR - Page 73 failed: Failed to perform, curl: (56) Recv failure: Connection was reset. See https://curl.se/libcurl/c/libcurl-errors.html first for more details.
2026-01-21 03:41:20,424 - MainThread - ERROR - Page 69 failed: Failed to perform, curl: (56) Recv failure: Connection was reset. See https://curl.se/libcurl/c/libcurl-errors.html first for more details.
2026-01-21 03:41:20,495 - MainThread - ERROR - Page 60 failed: Failed to perform, curl: (56) Recv failure: Connection was reset. See https://curl.se/libcurl/c/libcurl-errors.html first for more details.
2026-01-21 03:41:20,544 - MainThread - ERROR - Page 68 failed: Failed to perform, curl: (56) Recv failure: Connection was reset. See https://curl.se/libcurl/c/libcurl-errors.html first for more details.
2026-01-21 03:41:20,636 - MainThread - ERROR - Page 70 failed: Failed to perform, curl: (56) Recv failure: Connection was reset. See https://curl.se/libcurl/c/libcurl-errors.html first for more details.
2026-01-21 03:41:20,695 - MainThread - ERROR - Page 66 failed: Failed to perform, curl: (56) Recv failure: Connection was reset. See https://curl.se/libcurl/c/libcurl-errors.html first for more details.
2026-01-21 03:41:20,777 - MainThread - ERROR - Page 64 failed: Failed to perform, curl: (56) Recv failure: Connection was reset. See https://curl.se/libcurl/c/libcurl-errors.html first for more details.
2026-01-21 03:41:20,795 - MainThread - ERROR - Page 71 failed: Failed to perform, curl: (56) Recv failure: Connection was reset. See https://curl.se/libcurl/c/libcurl-errors.html first for more details.
2026-01-21 03:41:20,914 - MainThread - INFO - Waiting 3 seconds before next batch...
2026-01-21 03:41:24,052 - MainThread - INFO - Processing batch 4 with 20 pages
2026-01-21 03:41:24,076 - ThreadPoolExecutor-0_1 - INFO - Scraping page 80: https://www.fotocasa.es/es/comprar/viviendas/espana/todas-las-zonas/l/80
2026-01-21 03:41:24,076 - ThreadPoolExecutor-0_7 - INFO - Scraping page 81: https://www.fotocasa.es/es/comprar/viviendas/espana/todas-las-zonas/l/81
2026-01-21 03:41:24,077 - ThreadPoolExecutor-0_18 - INFO - Scraping page 82: https://www.fotocasa.es/es/comprar/viviendas/espana/todas-las-zonas/l/82
2026-01-21 03:41:24,079 - ThreadPoolExecutor-0_8 - INFO - Scraping page 83: https://www.fotocasa.es/es/comprar/viviendas/espana/todas-las-zonas/l/83
2026-01-21 03:41:24,084 - ThreadPoolExecutor-0_12 - INFO - Scraping page 84: https://www.fotocasa.es/es/comprar/viviendas/espana/todas-las-zonas/l/84
2026-01-21 03:41:24,085 - ThreadPoolExecutor-0_15 - INFO - Scraping page 85: https://www.fotocasa.es/es/comprar/viviendas/espana/todas-las-zonas/l/85
2026-01-21 03:41:24,085 - ThreadPoolExecutor-0_4 - INFO - Scraping page 86: https://www.fotocasa.es/es/comprar/viviendas/espana/todas-las-zonas/l/86
2026-01-21 03:41:24,089 - ThreadPoolExecutor-0_14 - INFO - Scraping page 87: https://www.fotocasa.es/es/comprar/viviendas/espana/todas-las-zonas/l/87
2026-01-21 03:41:24,138 - ThreadPoolExecutor-0_3 - INFO - Scraping page 88: https://www.fotocasa.es/es/comprar/viviendas/espana/todas-las-zonas/l/88
2026-01-21 03:41:24,139 - ThreadPoolExecutor-0_16 - INFO - Scraping page 89: https://www.fotocasa.es/es/comprar/viviendas/espana/todas-las-zonas/l/89
2026-01-21 03:41:24,139 - ThreadPoolExecutor-0_19 - INFO - Scraping page 90: https://www.fotocasa.es/es/comprar/viviendas/espana/todas-las-zonas/l/90
2026-01-21 03:41:24,139 - ThreadPoolExecutor-0_13 - INFO - Scraping page 92: https://www.fotocasa.es/es/comprar/viviendas/espana/todas-las-zonas/l/92
2026-01-21 03:41:24,139 - ThreadPoolExecutor-0_5 - INFO - Scraping page 91: https://www.fotocasa.es/es/comprar/viviendas/espana/todas-las-zonas/l/91
2026-01-21 03:41:24,142 - ThreadPoolExecutor-0_0 - INFO - Scraping page 95: https://www.fotocasa.es/es/comprar/viviendas/espana/todas-las-zonas/l/95
2026-01-21 03:41:24,141 - ThreadPoolExecutor-0_6 - INFO - Scraping page 93: https://www.fotocasa.es/es/comprar/viviendas/espana/todas-las-zonas/l/93
2026-01-21 03:41:24,143 - ThreadPoolExecutor-0_9 - INFO - Scraping page 96: https://www.fotocasa.es/es/comprar/viviendas/espana/todas-las-zonas/l/96
2026-01-21 03:41:24,143 - ThreadPoolExecutor-0_11 - INFO - Scraping page 94: https://www.fotocasa.es/es/comprar/viviendas/espana/todas-las-zonas/l/94
2026-01-21 03:41:24,143 - ThreadPoolExecutor-0_17 - INFO - Scraping page 97: https://www.fotocasa.es/es/comprar/viviendas/espana/todas-las-zonas/l/97
2026-01-21 03:41:24,143 - ThreadPoolExecutor-0_2 - INFO - Scraping page 98: https://www.fotocasa.es/es/comprar/viviendas/espana/todas-las-zonas/l/98
2026-01-21 03:41:24,144 - ThreadPoolExecutor-0_10 - INFO - Scraping page 99: https://www.fotocasa.es/es/comprar/viviendas/espana/todas-las-zonas/l/99
2026-01-21 03:41:27,404 - ThreadPoolExecutor-0_5 - WARNING - Could not find <section id='main-content'> in page
2026-01-21 03:41:27,545 - ThreadPoolExecutor-0_15 - WARNING - Could not find <section id='main-content'> in page
2026-01-21 03:41:28,779 - ThreadPoolExecutor-0_10 - WARNING - Could not find <section id='main-content'> in page
2026-01-21 03:41:28,811 - ThreadPoolExecutor-0_4 - WARNING - Could not find <section id='main-content'> in page
2026-01-21 03:41:28,843 - ThreadPoolExecutor-0_5 - WARNING - Page 91 has 0 properties
2026-01-21 03:41:28,983 - ThreadPoolExecutor-0_15 - WARNING - Page 85 has 0 properties
2026-01-21 03:41:29,085 - ThreadPoolExecutor-0_16 - WARNING - Could not find <section id='main-content'> in page
2026-01-21 03:41:29,095 - ThreadPoolExecutor-0_9 - WARNING - Could not find <section id='main-content'> in page
2026-01-21 03:41:29,095 - ThreadPoolExecutor-0_5 - INFO - Page 91 saved with 0 properties
2026-01-21 03:41:29,168 - ThreadPoolExecutor-0_4 - WARNING - Page 86 has 0 properties
2026-01-21 03:41:29,239 - ThreadPoolExecutor-0_10 - WARNING - Page 99 has 0 properties
2026-01-21 03:41:29,322 - ThreadPoolExecutor-0_0 - WARNING - Could not find <section id='main-content'> in page
2026-01-21 03:41:29,330 - ThreadPoolExecutor-0_3 - WARNING - Could not find <section id='main-content'> in page
2026-01-21 03:41:29,345 - ThreadPoolExecutor-0_15 - INFO - Page 85 saved with 0 properties
2026-01-21 03:41:29,361 - ThreadPoolExecutor-0_16 - WARNING - Page 89 has 0 properties
2026-01-21 03:41:29,371 - ThreadPoolExecutor-0_6 - WARNING - Could not find <section id='main-content'> in page
2026-01-21 03:41:29,372 - ThreadPoolExecutor-0_9 - WARNING - Page 96 has 0 properties
2026-01-21 03:41:29,373 - MainThread - INFO - Page 91 completed (36 successful, 25 failed)
2026-01-21 03:41:29,373 - ThreadPoolExecutor-0_0 - WARNING - Page 95 has 0 properties
2026-01-21 03:41:29,374 - ThreadPoolExecutor-0_4 - INFO - Page 86 saved with 0 properties
2026-01-21 03:41:29,374 - ThreadPoolExecutor-0_3 - WARNING - Page 88 has 0 properties
2026-01-21 03:41:29,375 - ThreadPoolExecutor-0_10 - INFO - Page 99 saved with 0 properties
2026-01-21 03:41:29,375 - ThreadPoolExecutor-0_6 - WARNING - Page 93 has 0 properties
2026-01-21 03:41:29,377 - MainThread - INFO - Page 85 completed (37 successful, 25 failed)
2026-01-21 03:41:29,378 - ThreadPoolExecutor-0_16 - INFO - Page 89 saved with 0 properties
2026-01-21 03:41:29,378 - ThreadPoolExecutor-0_9 - INFO - Page 96 saved with 0 properties
2026-01-21 03:41:29,379 - ThreadPoolExecutor-0_0 - INFO - Page 95 saved with 0 properties
2026-01-21 03:41:29,383 - MainThread - INFO - Page 86 completed (38 successful, 25 failed)
2026-01-21 03:41:29,383 - ThreadPoolExecutor-0_3 - INFO - Page 88 saved with 0 properties
2026-01-21 03:41:29,384 - ThreadPoolExecutor-0_6 - INFO - Page 93 saved with 0 properties
2026-01-21 03:41:29,387 - MainThread - INFO - Page 99 completed (39 successful, 25 failed)
2026-01-21 03:41:29,389 - MainThread - INFO - Page 89 completed (40 successful, 25 failed)
2026-01-21 03:41:29,389 - MainThread - INFO - Page 96 completed (41 successful, 25 failed)
2026-01-21 03:41:29,390 - MainThread - INFO - Page 95 completed (42 successful, 25 failed)
2026-01-21 03:41:29,390 - MainThread - INFO - Page 88 completed (43 successful, 25 failed)
2026-01-21 03:41:29,390 - MainThread - INFO - Page 93 completed (44 successful, 25 failed)
2026-01-21 03:41:43,697 - ThreadPoolExecutor-0_18 - ERROR - Page 82 failed: Failed to perform, curl: (56) Recv failure: Connection was reset. See https://curl.se/libcurl/c/libcurl-errors.html first for more details.
2026-01-21 03:41:43,698 - MainThread - ERROR - Page 82 failed: Failed to perform, curl: (56) Recv failure: Connection was reset. See https://curl.se/libcurl/c/libcurl-errors.html first for more details.
2026-01-21 03:41:43,774 - ThreadPoolExecutor-0_2 - ERROR - Page 98 failed: Failed to perform, curl: (56) Recv failure: Connection was reset. See https://curl.se/libcurl/c/libcurl-errors.html first for more details.
2026-01-21 03:41:43,775 - ThreadPoolExecutor-0_13 - ERROR - Page 92 failed: Failed to perform, curl: (56) Recv failure: Connection was reset. See https://curl.se/libcurl/c/libcurl-errors.html first for more details.
2026-01-21 03:41:43,775 - ThreadPoolExecutor-0_12 - ERROR - Page 84 failed: Failed to perform, curl: (56) Recv failure: Connection was reset. See https://curl.se/libcurl/c/libcurl-errors.html first for more details.
2026-01-21 03:41:43,775 - MainThread - ERROR - Page 92 failed: Failed to perform, curl: (56) Recv failure: Connection was reset. See https://curl.se/libcurl/c/libcurl-errors.html first for more details.
2026-01-21 03:41:43,808 - MainThread - ERROR - Page 98 failed: Failed to perform, curl: (56) Recv failure: Connection was reset. See https://curl.se/libcurl/c/libcurl-errors.html first for more details.
2026-01-21 03:41:43,808 - MainThread - ERROR - Page 84 failed: Failed to perform, curl: (56) Recv failure: Connection was reset. See https://curl.se/libcurl/c/libcurl-errors.html first for more details.
2026-01-21 03:41:43,835 - ThreadPoolExecutor-0_1 - ERROR - Page 80 failed: Failed to perform, curl: (56) Recv failure: Connection was reset. See https://curl.se/libcurl/c/libcurl-errors.html first for more details.
2026-01-21 03:41:43,836 - MainThread - ERROR - Page 80 failed: Failed to perform, curl: (56) Recv failure: Connection was reset. See https://curl.se/libcurl/c/libcurl-errors.html first for more details.
2026-01-21 03:41:43,992 - ThreadPoolExecutor-0_19 - ERROR - Page 90 failed: Failed to perform, curl: (56) Recv failure: Connection was reset. See https://curl.se/libcurl/c/libcurl-errors.html first for more details.
2026-01-21 03:41:43,993 - MainThread - ERROR - Page 90 failed: Failed to perform, curl: (56) Recv failure: Connection was reset. See https://curl.se/libcurl/c/libcurl-errors.html first for more details.
2026-01-21 03:41:44,023 - ThreadPoolExecutor-0_14 - ERROR - Page 87 failed: Failed to perform, curl: (56) Recv failure: Connection was reset. See https://curl.se/libcurl/c/libcurl-errors.html first for more details.
2026-01-21 03:41:44,024 - ThreadPoolExecutor-0_17 - ERROR - Page 97 failed: Failed to perform, curl: (56) Recv failure: Connection was reset. See https://curl.se/libcurl/c/libcurl-errors.html first for more details.
2026-01-21 03:41:44,024 - ThreadPoolExecutor-0_11 - ERROR - Page 94 failed: Failed to perform, curl: (56) Recv failure: Connection was reset. See https://curl.se/libcurl/c/libcurl-errors.html first for more details.
2026-01-21 03:41:44,025 - MainThread - ERROR - Page 87 failed: Failed to perform, curl: (56) Recv failure: Connection was reset. See https://curl.se/libcurl/c/libcurl-errors.html first for more details.
2026-01-21 03:41:44,025 - MainThread - ERROR - Page 97 failed: Failed to perform, curl: (56) Recv failure: Connection was reset. See https://curl.se/libcurl/c/libcurl-errors.html first for more details.
2026-01-21 03:41:44,025 - MainThread - ERROR - Page 94 failed: Failed to perform, curl: (56) Recv failure: Connection was reset. See https://curl.se/libcurl/c/libcurl-errors.html first for more details.
2026-01-21 03:41:44,038 - ThreadPoolExecutor-0_7 - ERROR - Page 81 failed: Failed to perform, curl: (56) Recv failure: Connection was reset. See https://curl.se/libcurl/c/libcurl-errors.html first for more details.
2026-01-21 03:41:44,039 - ThreadPoolExecutor-0_8 - ERROR - Page 83 failed: Failed to perform, curl: (56) Recv failure: Connection was reset. See https://curl.se/libcurl/c/libcurl-errors.html first for more details.
2026-01-21 03:41:44,039 - MainThread - ERROR - Page 81 failed: Failed to perform, curl: (56) Recv failure: Connection was reset. See https://curl.se/libcurl/c/libcurl-errors.html first for more details.
2026-01-21 03:41:44,040 - MainThread - ERROR - Page 83 failed: Failed to perform, curl: (56) Recv failure: Connection was reset. See https://curl.se/libcurl/c/libcurl-errors.html first for more details.
2026-01-21 03:41:44,041 - MainThread - INFO - Waiting 3 seconds before next batch...
2026-01-21 03:41:47,120 - MainThread - INFO - Processing batch 5 with 20 pages
2026-01-21 03:41:47,122 - ThreadPoolExecutor-0_5 - INFO - Scraping page 100: https://www.fotocasa.es/es/comprar/viviendas/espana/todas-las-zonas/l/100
2026-01-21 03:41:47,122 - ThreadPoolExecutor-0_15 - INFO - Scraping page 101: https://www.fotocasa.es/es/comprar/viviendas/espana/todas-las-zonas/l/101
2026-01-21 03:41:47,122 - ThreadPoolExecutor-0_4 - INFO - Scraping page 102: https://www.fotocasa.es/es/comprar/viviendas/espana/todas-las-zonas/l/102
2026-01-21 03:41:47,144 - ThreadPoolExecutor-0_3 - INFO - Scraping page 107: https://www.fotocasa.es/es/comprar/viviendas/espana/todas-las-zonas/l/107
2026-01-21 03:41:47,122 - ThreadPoolExecutor-0_10 - INFO - Scraping page 103: https://www.fotocasa.es/es/comprar/viviendas/espana/todas-las-zonas/l/103
2026-01-21 03:41:47,123 - ThreadPoolExecutor-0_9 - INFO - Scraping page 105: https://www.fotocasa.es/es/comprar/viviendas/espana/todas-las-zonas/l/105
2026-01-21 03:41:47,152 - ThreadPoolExecutor-0_18 - INFO - Scraping page 109: https://www.fotocasa.es/es/comprar/viviendas/espana/todas-las-zonas/l/109
2026-01-21 03:41:47,152 - ThreadPoolExecutor-0_6 - INFO - Scraping page 108: https://www.fotocasa.es/es/comprar/viviendas/espana/todas-las-zonas/l/108
2026-01-21 03:41:47,123 - ThreadPoolExecutor-0_0 - INFO - Scraping page 106: https://www.fotocasa.es/es/comprar/viviendas/espana/todas-las-zonas/l/106
2026-01-21 03:41:47,153 - ThreadPoolExecutor-0_13 - INFO - Scraping page 110: https://www.fotocasa.es/es/comprar/viviendas/espana/todas-las-zonas/l/110
2026-01-21 03:41:47,123 - ThreadPoolExecutor-0_16 - INFO - Scraping page 104: https://www.fotocasa.es/es/comprar/viviendas/espana/todas-las-zonas/l/104
2026-01-21 03:41:47,155 - ThreadPoolExecutor-0_2 - INFO - Scraping page 111: https://www.fotocasa.es/es/comprar/viviendas/espana/todas-las-zonas/l/111
2026-01-21 03:41:47,158 - ThreadPoolExecutor-0_1 - INFO - Scraping page 113: https://www.fotocasa.es/es/comprar/viviendas/espana/todas-las-zonas/l/113
2026-01-21 03:41:47,158 - ThreadPoolExecutor-0_19 - INFO - Scraping page 114: https://www.fotocasa.es/es/comprar/viviendas/espana/todas-las-zonas/l/114
2026-01-21 03:41:47,158 - ThreadPoolExecutor-0_17 - INFO - Scraping page 115: https://www.fotocasa.es/es/comprar/viviendas/espana/todas-las-zonas/l/115
2026-01-21 03:41:47,158 - ThreadPoolExecutor-0_12 - INFO - Scraping page 112: https://www.fotocasa.es/es/comprar/viviendas/espana/todas-las-zonas/l/112
2026-01-21 03:41:47,171 - ThreadPoolExecutor-0_8 - INFO - Scraping page 119: https://www.fotocasa.es/es/comprar/viviendas/espana/todas-las-zonas/l/119
2026-01-21 03:41:47,172 - ThreadPoolExecutor-0_11 - INFO - Scraping page 117: https://www.fotocasa.es/es/comprar/viviendas/espana/todas-las-zonas/l/117
2026-01-21 03:41:47,172 - ThreadPoolExecutor-0_7 - INFO - Scraping page 118: https://www.fotocasa.es/es/comprar/viviendas/espana/todas-las-zonas/l/118
2026-01-21 03:41:47,515 - ThreadPoolExecutor-0_14 - INFO - Scraping page 116: https://www.fotocasa.es/es/comprar/viviendas/espana/todas-las-zonas/l/116
2026-01-21 03:41:53,307 - ThreadPoolExecutor-0_3 - WARNING - Could not find <section id='main-content'> in page
2026-01-21 03:41:53,309 - ThreadPoolExecutor-0_3 - WARNING - Page 107 has 0 properties
2026-01-21 03:41:53,447 - ThreadPoolExecutor-0_6 - WARNING - Could not find <section id='main-content'> in page
2026-01-21 03:41:53,505 - ThreadPoolExecutor-0_19 - WARNING - Could not find <section id='main-content'> in page
2026-01-21 03:41:53,554 - ThreadPoolExecutor-0_8 - WARNING - Could not find <section id='main-content'> in page
2026-01-21 03:41:53,554 - ThreadPoolExecutor-0_6 - WARNING - Page 108 has 0 properties
2026-01-21 03:41:53,554 - ThreadPoolExecutor-0_19 - WARNING - Page 114 has 0 properties
2026-01-21 03:41:53,578 - ThreadPoolExecutor-0_3 - INFO - Page 107 saved with 0 properties
2026-01-21 03:41:53,658 - ThreadPoolExecutor-0_8 - WARNING - Page 119 has 0 properties
2026-01-21 03:41:53,666 - ThreadPoolExecutor-0_5 - WARNING - Could not find <section id='main-content'> in page
2026-01-21 03:41:54,097 - ThreadPoolExecutor-0_17 - WARNING - Could not find <section id='main-content'> in page
2026-01-21 03:41:54,226 - ThreadPoolExecutor-0_10 - WARNING - Could not find <section id='main-content'> in page
2026-01-21 03:41:54,211 - ThreadPoolExecutor-0_9 - WARNING - Could not find <section id='main-content'> in page
2026-01-21 03:41:54,311 - ThreadPoolExecutor-0_15 - WARNING - Could not find <section id='main-content'> in page
2026-01-21 03:41:54,326 - ThreadPoolExecutor-0_6 - INFO - Page 108 saved with 0 properties
2026-01-21 03:41:54,856 - ThreadPoolExecutor-0_19 - INFO - Page 114 saved with 0 properties
2026-01-21 03:41:54,968 - MainThread - INFO - Page 107 completed (45 successful, 36 failed)
2026-01-21 03:41:55,023 - ThreadPoolExecutor-0_2 - WARNING - Could not find <section id='main-content'> in page
2026-01-21 03:41:55,129 - ThreadPoolExecutor-0_17 - WARNING - Page 115 has 0 properties
2026-01-21 03:41:55,137 - ThreadPoolExecutor-0_12 - WARNING - Could not find <section id='main-content'> in page
2026-01-21 03:41:55,137 - ThreadPoolExecutor-0_8 - INFO - Page 119 saved with 0 properties
2026-01-21 03:41:55,138 - ThreadPoolExecutor-0_10 - WARNING - Page 103 has 0 properties
2026-01-21 03:41:55,139 - ThreadPoolExecutor-0_9 - WARNING - Page 105 has 0 properties
2026-01-21 03:41:55,139 - ThreadPoolExecutor-0_15 - WARNING - Page 101 has 0 properties
2026-01-21 03:41:55,143 - ThreadPoolExecutor-0_5 - WARNING - Page 100 has 0 properties
2026-01-21 03:41:55,145 - MainThread - INFO - Page 108 completed (46 successful, 36 failed)
2026-01-21 03:41:55,151 - ThreadPoolExecutor-0_2 - WARNING - Page 111 has 0 properties
2026-01-21 03:41:55,159 - ThreadPoolExecutor-0_17 - INFO - Page 115 saved with 0 properties
2026-01-21 03:41:55,159 - ThreadPoolExecutor-0_12 - WARNING - Page 112 has 0 properties
2026-01-21 03:41:55,162 - ThreadPoolExecutor-0_10 - INFO - Page 103 saved with 0 properties
2026-01-21 03:41:55,163 - ThreadPoolExecutor-0_15 - INFO - Page 101 saved with 0 properties
2026-01-21 03:41:55,169 - ThreadPoolExecutor-0_5 - INFO - Page 100 saved with 0 properties
2026-01-21 03:41:55,169 - ThreadPoolExecutor-0_9 - INFO - Page 105 saved with 0 properties
2026-01-21 03:41:55,169 - MainThread - INFO - Page 114 completed (47 successful, 36 failed)
2026-01-21 03:41:55,175 - ThreadPoolExecutor-0_2 - INFO - Page 111 saved with 0 properties
2026-01-21 03:41:55,177 - ThreadPoolExecutor-0_12 - INFO - Page 112 saved with 0 properties
2026-01-21 03:41:55,205 - MainThread - INFO - Page 119 completed (48 successful, 36 failed)
2026-01-21 03:41:55,210 - MainThread - INFO - Page 115 completed (49 successful, 36 failed)
2026-01-21 03:41:55,212 - MainThread - INFO - Page 103 completed (50 successful, 36 failed)
2026-01-21 03:41:55,213 - MainThread - INFO - Page 101 completed (51 successful, 36 failed)
2026-01-21 03:41:55,213 - MainThread - INFO - Page 100 completed (52 successful, 36 failed)
2026-01-21 03:41:55,214 - MainThread - INFO - Page 105 completed (53 successful, 36 failed)
2026-01-21 03:41:55,214 - MainThread - INFO - Page 111 completed (54 successful, 36 failed)
2026-01-21 03:41:55,215 - MainThread - INFO - Page 112 completed (55 successful, 36 failed)
2026-01-21 03:42:07,189 - ThreadPoolExecutor-0_18 - ERROR - Page 109 failed: Failed to perform, curl: (56) Recv failure: Connection was reset. See https://curl.se/libcurl/c/libcurl-errors.html first for more details.
2026-01-21 03:42:07,215 - MainThread - ERROR - Page 109 failed: Failed to perform, curl: (56) Recv failure: Connection was reset. See https://curl.se/libcurl/c/libcurl-errors.html first for more details.
2026-01-21 03:42:07,362 - ThreadPoolExecutor-0_13 - ERROR - Page 110 failed: Failed to perform, curl: (56) Recv failure: Connection was reset. See https://curl.se/libcurl/c/libcurl-errors.html first for more details.
2026-01-21 03:42:07,363 - ThreadPoolExecutor-0_11 - ERROR - Page 117 failed: Failed to perform, curl: (56) Recv failure: Connection was reset. See https://curl.se/libcurl/c/libcurl-errors.html first for more details.
2026-01-21 03:42:07,364 - ThreadPoolExecutor-0_7 - ERROR - Page 118 failed: Failed to perform, curl: (56) Recv failure: Connection was reset. See https://curl.se/libcurl/c/libcurl-errors.html first for more details.
2026-01-21 03:42:07,388 - MainThread - ERROR - Page 110 failed: Failed to perform, curl: (56) Recv failure: Connection was reset. See https://curl.se/libcurl/c/libcurl-errors.html first for more details.
2026-01-21 03:42:07,390 - MainThread - ERROR - Page 117 failed: Failed to perform, curl: (56) Recv failure: Connection was reset. See https://curl.se/libcurl/c/libcurl-errors.html first for more details.
2026-01-21 03:42:07,391 - MainThread - ERROR - Page 118 failed: Failed to perform, curl: (56) Recv failure: Connection was reset. See https://curl.se/libcurl/c/libcurl-errors.html first for more details.
2026-01-21 03:42:07,404 - ThreadPoolExecutor-0_16 - ERROR - Page 104 failed: Failed to perform, curl: (56) Recv failure: Connection was reset. See https://curl.se/libcurl/c/libcurl-errors.html first for more details.
2026-01-21 03:42:07,404 - ThreadPoolExecutor-0_4 - ERROR - Page 102 failed: Failed to perform, curl: (56) Recv failure: Connection was reset. See https://curl.se/libcurl/c/libcurl-errors.html first for more details.
2026-01-21 03:42:07,404 - ThreadPoolExecutor-0_1 - ERROR - Page 113 failed: Failed to perform, curl: (56) Recv failure: Connection was reset. See https://curl.se/libcurl/c/libcurl-errors.html first for more details.
2026-01-21 03:42:07,437 - ThreadPoolExecutor-0_14 - ERROR - Page 116 failed: Failed to perform, curl: (56) Recv failure: Connection was reset. See https://curl.se/libcurl/c/libcurl-errors.html first for more details.
2026-01-21 03:42:07,437 - ThreadPoolExecutor-0_0 - ERROR - Page 106 failed: Failed to perform, curl: (56) Recv failure: Connection was reset. See https://curl.se/libcurl/c/libcurl-errors.html first for more details.
2026-01-21 03:42:07,442 - MainThread - ERROR - Page 104 failed: Failed to perform, curl: (56) Recv failure: Connection was reset. See https://curl.se/libcurl/c/libcurl-errors.html first for more details.
2026-01-21 03:42:07,442 - MainThread - ERROR - Page 102 failed: Failed to perform, curl: (56) Recv failure: Connection was reset. See https://curl.se/libcurl/c/libcurl-errors.html first for more details.
2026-01-21 03:42:07,442 - MainThread - ERROR - Page 113 failed: Failed to perform, curl: (56) Recv failure: Connection was reset. See https://curl.se/libcurl/c/libcurl-errors.html first for more details.
2026-01-21 03:42:07,447 - MainThread - ERROR - Page 116 failed: Failed to perform, curl: (56) Recv failure: Connection was reset. See https://curl.se/libcurl/c/libcurl-errors.html first for more details.
2026-01-21 03:42:07,447 - MainThread - ERROR - Page 106 failed: Failed to perform, curl: (56) Recv failure: Connection was reset. See https://curl.se/libcurl/c/libcurl-errors.html first for more details.
2026-01-21 03:42:07,462 - MainThread - INFO - Waiting 3 seconds before next batch...
2026-01-21 03:42:10,522 - MainThread - INFO - Processing batch 6 with 20 pages
2026-01-21 03:42:10,610 - ThreadPoolExecutor-0_3 - INFO - Scraping page 120: https://www.fotocasa.es/es/comprar/viviendas/espana/todas-las-zonas/l/120
2026-01-21 03:42:10,610 - ThreadPoolExecutor-0_6 - INFO - Scraping page 121: https://www.fotocasa.es/es/comprar/viviendas/espana/todas-las-zonas/l/121
2026-01-21 03:42:10,610 - ThreadPoolExecutor-0_19 - INFO - Scraping page 122: https://www.fotocasa.es/es/comprar/viviendas/espana/todas-las-zonas/l/122
2026-01-21 03:42:10,610 - ThreadPoolExecutor-0_8 - INFO - Scraping page 123: https://www.fotocasa.es/es/comprar/viviendas/espana/todas-las-zonas/l/123
2026-01-21 03:42:10,610 - ThreadPoolExecutor-0_17 - INFO - Scraping page 124: https://www.fotocasa.es/es/comprar/viviendas/espana/todas-las-zonas/l/124
2026-01-21 03:42:10,611 - ThreadPoolExecutor-0_10 - INFO - Scraping page 125: https://www.fotocasa.es/es/comprar/viviendas/espana/todas-las-zonas/l/125
2026-01-21 03:42:10,611 - ThreadPoolExecutor-0_15 - INFO - Scraping page 126: https://www.fotocasa.es/es/comprar/viviendas/espana/todas-las-zonas/l/126
2026-01-21 03:42:10,611 - ThreadPoolExecutor-0_5 - INFO - Scraping page 127: https://www.fotocasa.es/es/comprar/viviendas/espana/todas-las-zonas/l/127
2026-01-21 03:42:10,611 - ThreadPoolExecutor-0_9 - INFO - Scraping page 128: https://www.fotocasa.es/es/comprar/viviendas/espana/todas-las-zonas/l/128
2026-01-21 03:42:10,611 - ThreadPoolExecutor-0_2 - INFO - Scraping page 129: https://www.fotocasa.es/es/comprar/viviendas/espana/todas-las-zonas/l/129
2026-01-21 03:42:10,612 - ThreadPoolExecutor-0_12 - INFO - Scraping page 130: https://www.fotocasa.es/es/comprar/viviendas/espana/todas-las-zonas/l/130
2026-01-21 03:42:10,612 - ThreadPoolExecutor-0_18 - INFO - Scraping page 131: https://www.fotocasa.es/es/comprar/viviendas/espana/todas-las-zonas/l/131
2026-01-21 03:42:10,612 - ThreadPoolExecutor-0_11 - INFO - Scraping page 133: https://www.fotocasa.es/es/comprar/viviendas/espana/todas-las-zonas/l/133
2026-01-21 03:42:10,612 - ThreadPoolExecutor-0_13 - INFO - Scraping page 132: https://www.fotocasa.es/es/comprar/viviendas/espana/todas-las-zonas/l/132
2026-01-21 03:42:10,612 - ThreadPoolExecutor-0_7 - INFO - Scraping page 134: https://www.fotocasa.es/es/comprar/viviendas/espana/todas-las-zonas/l/134
2026-01-21 03:42:10,612 - ThreadPoolExecutor-0_16 - INFO - Scraping page 135: https://www.fotocasa.es/es/comprar/viviendas/espana/todas-las-zonas/l/135
2026-01-21 03:42:10,612 - ThreadPoolExecutor-0_4 - INFO - Scraping page 136: https://www.fotocasa.es/es/comprar/viviendas/espana/todas-las-zonas/l/136
2026-01-21 03:42:10,613 - ThreadPoolExecutor-0_14 - INFO - Scraping page 138: https://www.fotocasa.es/es/comprar/viviendas/espana/todas-las-zonas/l/138
2026-01-21 03:42:10,613 - ThreadPoolExecutor-0_1 - INFO - Scraping page 137: https://www.fotocasa.es/es/comprar/viviendas/espana/todas-las-zonas/l/137
2026-01-21 03:42:10,613 - ThreadPoolExecutor-0_0 - INFO - Scraping page 139: https://www.fotocasa.es/es/comprar/viviendas/espana/todas-las-zonas/l/139
2026-01-21 03:42:12,443 - ThreadPoolExecutor-0_6 - WARNING - Could not find <section id='main-content'> in page
2026-01-21 03:42:12,545 - ThreadPoolExecutor-0_6 - WARNING - Page 121 has 0 properties
2026-01-21 03:42:12,703 - ThreadPoolExecutor-0_6 - INFO - Page 121 saved with 0 properties
2026-01-21 03:42:12,777 - ThreadPoolExecutor-0_9 - WARNING - Could not find <section id='main-content'> in page
2026-01-21 03:42:12,906 - MainThread - INFO - Page 121 completed (56 successful, 45 failed)
2026-01-21 03:42:12,907 - ThreadPoolExecutor-0_15 - WARNING - Could not find <section id='main-content'> in page
2026-01-21 03:42:12,914 - ThreadPoolExecutor-0_9 - WARNING - Page 128 has 0 properties
2026-01-21 03:42:12,915 - ThreadPoolExecutor-0_15 - WARNING - Page 126 has 0 properties
2026-01-21 03:42:12,917 - ThreadPoolExecutor-0_15 - INFO - Page 126 saved with 0 properties
2026-01-21 03:42:12,919 - MainThread - INFO - Page 126 completed (57 successful, 45 failed)
2026-01-21 03:42:12,919 - ThreadPoolExecutor-0_9 - INFO - Page 128 saved with 0 properties
2026-01-21 03:42:12,921 - MainThread - INFO - Page 128 completed (58 successful, 45 failed)
2026-01-21 03:42:13,276 - ThreadPoolExecutor-0_2 - WARNING - Could not find <section id='main-content'> in page
2026-01-21 03:42:13,280 - ThreadPoolExecutor-0_2 - WARNING - Page 129 has 0 properties
2026-01-21 03:42:13,281 - ThreadPoolExecutor-0_2 - INFO - Page 129 saved with 0 properties
2026-01-21 03:42:13,293 - MainThread - INFO - Page 129 completed (59 successful, 45 failed)
2026-01-21 03:42:30,189 - ThreadPoolExecutor-0_3 - ERROR - Page 120 failed: Failed to perform, curl: (56) Recv failure: Connection was reset. See https://curl.se/libcurl/c/libcurl-errors.html first for more details.
2026-01-21 03:42:30,209 - MainThread - ERROR - Page 120 failed: Failed to perform, curl: (56) Recv failure: Connection was reset. See https://curl.se/libcurl/c/libcurl-errors.html first for more details.
2026-01-21 03:42:30,241 - ThreadPoolExecutor-0_19 - ERROR - Page 122 failed: Failed to perform, curl: (56) Recv failure: Connection was reset. See https://curl.se/libcurl/c/libcurl-errors.html first for more details.
2026-01-21 03:42:30,242 - MainThread - ERROR - Page 122 failed: Failed to perform, curl: (56) Recv failure: Connection was reset. See https://curl.se/libcurl/c/libcurl-errors.html first for more details.
2026-01-21 03:42:30,333 - ThreadPoolExecutor-0_10 - ERROR - Page 125 failed: Failed to perform, curl: (56) Recv failure: Connection was reset. See https://curl.se/libcurl/c/libcurl-errors.html first for more details.
2026-01-21 03:42:30,334 - MainThread - ERROR - Page 125 failed: Failed to perform, curl: (56) Recv failure: Connection was reset. See https://curl.se/libcurl/c/libcurl-errors.html first for more details.
2026-01-21 03:42:30,609 - ThreadPoolExecutor-0_8 - ERROR - Page 123 failed: Failed to perform, curl: (56) Recv failure: Connection was reset. See https://curl.se/libcurl/c/libcurl-errors.html first for more details.
2026-01-21 03:42:30,612 - MainThread - ERROR - Page 123 failed: Failed to perform, curl: (56) Recv failure: Connection was reset. See https://curl.se/libcurl/c/libcurl-errors.html first for more details.
2026-01-21 03:42:30,617 - ThreadPoolExecutor-0_5 - ERROR - Page 127 failed: Failed to perform, curl: (56) Recv failure: Connection was reset. See https://curl.se/libcurl/c/libcurl-errors.html first for more details.
2026-01-21 03:42:30,621 - MainThread - ERROR - Page 127 failed: Failed to perform, curl: (56) Recv failure: Connection was reset. See https://curl.se/libcurl/c/libcurl-errors.html first for more details.
2026-01-21 03:42:30,705 - ThreadPoolExecutor-0_17 - ERROR - Page 124 failed: Failed to perform, curl: (56) Recv failure: Connection was reset. See https://curl.se/libcurl/c/libcurl-errors.html first for more details.
2026-01-21 03:42:30,709 - MainThread - ERROR - Page 124 failed: Failed to perform, curl: (56) Recv failure: Connection was reset. See https://curl.se/libcurl/c/libcurl-errors.html first for more details.
2026-01-21 03:42:30,721 - ThreadPoolExecutor-0_11 - ERROR - Page 133 failed: Failed to perform, curl: (56) Recv failure: Connection was reset. See https://curl.se/libcurl/c/libcurl-errors.html first for more details.
2026-01-21 03:42:30,725 - MainThread - ERROR - Page 133 failed: Failed to perform, curl: (56) Recv failure: Connection was reset. See https://curl.se/libcurl/c/libcurl-errors.html first for more details.
2026-01-21 03:42:30,937 - ThreadPoolExecutor-0_16 - ERROR - Page 135 failed: Failed to perform, curl: (56) Recv failure: Connection was reset. See https://curl.se/libcurl/c/libcurl-errors.html first for more details.
2026-01-21 03:42:30,938 - ThreadPoolExecutor-0_1 - ERROR - Page 137 failed: Failed to perform, curl: (56) Recv failure: Connection was reset. See https://curl.se/libcurl/c/libcurl-errors.html first for more details.
2026-01-21 03:42:30,938 - MainThread - ERROR - Page 135 failed: Failed to perform, curl: (56) Recv failure: Connection was reset. See https://curl.se/libcurl/c/libcurl-errors.html first for more details.
2026-01-21 03:42:30,939 - MainThread - ERROR - Page 137 failed: Failed to perform, curl: (56) Recv failure: Connection was reset. See https://curl.se/libcurl/c/libcurl-errors.html first for more details.
2026-01-21 03:42:31,236 - ThreadPoolExecutor-0_14 - ERROR - Page 138 failed: Failed to perform, curl: (56) Recv failure: Connection was reset. See https://curl.se/libcurl/c/libcurl-errors.html first for more details.
2026-01-21 03:42:31,279 - ThreadPoolExecutor-0_4 - ERROR - Page 136 failed: Failed to perform, curl: (56) Recv failure: Connection was reset. See https://curl.se/libcurl/c/libcurl-errors.html first for more details.
2026-01-21 03:42:31,544 - ThreadPoolExecutor-0_18 - ERROR - Page 131 failed: Failed to perform, curl: (56) Recv failure: Connection was reset. See https://curl.se/libcurl/c/libcurl-errors.html first for more details.
2026-01-21 03:42:31,544 - ThreadPoolExecutor-0_0 - ERROR - Page 139 failed: Failed to perform, curl: (56) Recv failure: Connection was reset. See https://curl.se/libcurl/c/libcurl-errors.html first for more details.
2026-01-21 03:42:31,544 - ThreadPoolExecutor-0_12 - ERROR - Page 130 failed: Failed to perform, curl: (56) Recv failure: Connection was reset. See https://curl.se/libcurl/c/libcurl-errors.html first for more details.
2026-01-21 03:42:31,593 - ThreadPoolExecutor-0_7 - ERROR - Page 134 failed: Failed to perform, curl: (56) Recv failure: Connection was reset. See https://curl.se/libcurl/c/libcurl-errors.html first for more details.
2026-01-21 03:42:31,595 - ThreadPoolExecutor-0_13 - ERROR - Page 132 failed: Failed to perform, curl: (56) Recv failure: Connection was reset. See https://curl.se/libcurl/c/libcurl-errors.html first for more details.
2026-01-21 03:42:31,597 - MainThread - ERROR - Page 138 failed: Failed to perform, curl: (56) Recv failure: Connection was reset. See https://curl.se/libcurl/c/libcurl-errors.html first for more details.
2026-01-21 03:42:31,622 - MainThread - ERROR - Page 136 failed: Failed to perform, curl: (56) Recv failure: Connection was reset. See https://curl.se/libcurl/c/libcurl-errors.html first for more details.
2026-01-21 03:42:31,623 - MainThread - ERROR - Page 131 failed: Failed to perform, curl: (56) Recv failure: Connection was reset. See https://curl.se/libcurl/c/libcurl-errors.html first for more details.
2026-01-21 03:42:31,624 - MainThread - ERROR - Page 139 failed: Failed to perform, curl: (56) Recv failure: Connection was reset. See https://curl.se/libcurl/c/libcurl-errors.html first for more details.
2026-01-21 03:42:31,626 - MainThread - ERROR - Page 130 failed: Failed to perform, curl: (56) Recv failure: Connection was reset. See https://curl.se/libcurl/c/libcurl-errors.html first for more details.
2026-01-21 03:42:31,626 - MainThread - ERROR - Page 134 failed: Failed to perform, curl: (56) Recv failure: Connection was reset. See https://curl.se/libcurl/c/libcurl-errors.html first for more details.
2026-01-21 03:42:31,627 - MainThread - ERROR - Page 132 failed: Failed to perform, curl: (56) Recv failure: Connection was reset. See https://curl.se/libcurl/c/libcurl-errors.html first for more details.
2026-01-21 03:42:31,628 - MainThread - INFO - Waiting 3 seconds before next batch...
2026-01-21 03:42:34,629 - MainThread - INFO - Processing batch 7 with 20 pages
2026-01-21 03:42:34,631 - ThreadPoolExecutor-0_6 - INFO - Scraping page 140: https://www.fotocasa.es/es/comprar/viviendas/espana/todas-las-zonas/l/140
2026-01-21 03:42:34,631 - ThreadPoolExecutor-0_15 - INFO - Scraping page 141: https://www.fotocasa.es/es/comprar/viviendas/espana/todas-las-zonas/l/141
2026-01-21 03:42:34,632 - ThreadPoolExecutor-0_9 - INFO - Scraping page 142: https://www.fotocasa.es/es/comprar/viviendas/espana/todas-las-zonas/l/142
2026-01-21 03:42:34,632 - ThreadPoolExecutor-0_3 - INFO - Scraping page 144: https://www.fotocasa.es/es/comprar/viviendas/espana/todas-las-zonas/l/144
2026-01-21 03:42:34,632 - ThreadPoolExecutor-0_19 - INFO - Scraping page 145: https://www.fotocasa.es/es/comprar/viviendas/espana/todas-las-zonas/l/145
2026-01-21 03:42:34,632 - ThreadPoolExecutor-0_10 - INFO - Scraping page 146: https://www.fotocasa.es/es/comprar/viviendas/espana/todas-las-zonas/l/146
2026-01-21 03:42:34,633 - ThreadPoolExecutor-0_8 - INFO - Scraping page 147: https://www.fotocasa.es/es/comprar/viviendas/espana/todas-las-zonas/l/147
2026-01-21 03:42:34,633 - ThreadPoolExecutor-0_2 - INFO - Scraping page 143: https://www.fotocasa.es/es/comprar/viviendas/espana/todas-las-zonas/l/143
2026-01-21 03:42:34,633 - ThreadPoolExecutor-0_17 - INFO - Scraping page 149: https://www.fotocasa.es/es/comprar/viviendas/espana/todas-las-zonas/l/149
2026-01-21 03:42:34,633 - ThreadPoolExecutor-0_11 - INFO - Scraping page 150: https://www.fotocasa.es/es/comprar/viviendas/espana/todas-las-zonas/l/150
2026-01-21 03:42:34,634 - ThreadPoolExecutor-0_5 - INFO - Scraping page 148: https://www.fotocasa.es/es/comprar/viviendas/espana/todas-las-zonas/l/148
2026-01-21 03:42:34,634 - ThreadPoolExecutor-0_16 - INFO - Scraping page 151: https://www.fotocasa.es/es/comprar/viviendas/espana/todas-las-zonas/l/151
2026-01-21 03:42:34,634 - ThreadPoolExecutor-0_14 - INFO - Scraping page 153: https://www.fotocasa.es/es/comprar/viviendas/espana/todas-las-zonas/l/153
2026-01-21 03:42:34,634 - ThreadPoolExecutor-0_4 - INFO - Scraping page 154: https://www.fotocasa.es/es/comprar/viviendas/espana/todas-las-zonas/l/154
2026-01-21 03:42:34,634 - ThreadPoolExecutor-0_18 - INFO - Scraping page 155: https://www.fotocasa.es/es/comprar/viviendas/espana/todas-las-zonas/l/155
2026-01-21 03:42:34,635 - ThreadPoolExecutor-0_0 - INFO - Scraping page 156: https://www.fotocasa.es/es/comprar/viviendas/espana/todas-las-zonas/l/156
2026-01-21 03:42:34,636 - ThreadPoolExecutor-0_12 - INFO - Scraping page 157: https://www.fotocasa.es/es/comprar/viviendas/espana/todas-las-zonas/l/157
2026-01-21 03:42:34,637 - ThreadPoolExecutor-0_1 - INFO - Scraping page 152: https://www.fotocasa.es/es/comprar/viviendas/espana/todas-las-zonas/l/152
2026-01-21 03:42:34,637 - ThreadPoolExecutor-0_7 - INFO - Scraping page 158: https://www.fotocasa.es/es/comprar/viviendas/espana/todas-las-zonas/l/158
2026-01-21 03:42:34,637 - ThreadPoolExecutor-0_13 - INFO - Scraping page 159: https://www.fotocasa.es/es/comprar/viviendas/espana/todas-las-zonas/l/159
2026-01-21 03:42:36,184 - ThreadPoolExecutor-0_17 - WARNING - Could not find <section id='main-content'> in page
2026-01-21 03:42:36,184 - ThreadPoolExecutor-0_17 - WARNING - Page 149 has 0 properties
2026-01-21 03:42:36,186 - ThreadPoolExecutor-0_17 - INFO - Page 149 saved with 0 properties
2026-01-21 03:42:36,189 - MainThread - INFO - Page 149 completed (60 successful, 61 failed)
2026-01-21 03:42:36,611 - ThreadPoolExecutor-0_11 - WARNING - Could not find <section id='main-content'> in page
2026-01-21 03:42:36,714 - ThreadPoolExecutor-0_10 - WARNING - Could not find <section id='main-content'> in page
2026-01-21 03:42:36,797 - ThreadPoolExecutor-0_8 - WARNING - Could not find <section id='main-content'> in page
2026-01-21 03:42:36,932 - ThreadPoolExecutor-0_11 - WARNING - Page 150 has 0 properties
2026-01-21 03:42:36,947 - ThreadPoolExecutor-0_10 - WARNING - Page 146 has 0 properties
2026-01-21 03:42:36,984 - ThreadPoolExecutor-0_5 - WARNING - Could not find <section id='main-content'> in page
2026-01-21 03:42:36,984 - ThreadPoolExecutor-0_8 - WARNING - Page 147 has 0 properties
2026-01-21 03:42:37,041 - ThreadPoolExecutor-0_1 - WARNING - Could not find <section id='main-content'> in page
2026-01-21 03:42:37,042 - ThreadPoolExecutor-0_5 - WARNING - Page 148 has 0 properties
2026-01-21 03:42:37,042 - ThreadPoolExecutor-0_11 - INFO - Page 150 saved with 0 properties
2026-01-21 03:42:37,043 - ThreadPoolExecutor-0_10 - INFO - Page 146 saved with 0 properties
2026-01-21 03:42:37,043 - ThreadPoolExecutor-0_1 - WARNING - Page 152 has 0 properties
2026-01-21 03:42:37,044 - ThreadPoolExecutor-0_8 - INFO - Page 147 saved with 0 properties
2026-01-21 03:42:37,045 - MainThread - INFO - Page 150 completed (61 successful, 61 failed)
2026-01-21 03:42:37,048 - ThreadPoolExecutor-0_5 - INFO - Page 148 saved with 0 properties
2026-01-21 03:42:37,050 - ThreadPoolExecutor-0_1 - INFO - Page 152 saved with 0 properties
2026-01-21 03:42:37,051 - MainThread - INFO - Page 146 completed (62 successful, 61 failed)
2026-01-21 03:42:37,054 - MainThread - INFO - Page 147 completed (63 successful, 61 failed)
2026-01-21 03:42:37,054 - MainThread - INFO - Page 148 completed (64 successful, 61 failed)
2026-01-21 03:42:37,054 - MainThread - INFO - Page 152 completed (65 successful, 61 failed)
2026-01-21 03:42:38,636 - ThreadPoolExecutor-0_16 - WARNING - Could not find <section id='main-content'> in page
2026-01-21 03:42:38,668 - ThreadPoolExecutor-0_16 - WARNING - Page 151 has 0 properties
2026-01-21 03:42:38,812 - ThreadPoolExecutor-0_12 - WARNING - Could not find <section id='main-content'> in page
2026-01-21 03:42:38,820 - ThreadPoolExecutor-0_16 - INFO - Page 151 saved with 0 properties
2026-01-21 03:42:38,824 - ThreadPoolExecutor-0_12 - WARNING - Page 157 has 0 properties
2026-01-21 03:42:38,825 - MainThread - INFO - Page 151 completed (66 successful, 61 failed)
2026-01-21 03:42:38,829 - ThreadPoolExecutor-0_12 - INFO - Page 157 saved with 0 properties
2026-01-21 03:42:38,840 - MainThread - INFO - Page 157 completed (67 successful, 61 failed)
2026-01-21 03:42:39,330 - ThreadPoolExecutor-0_9 - WARNING - Could not find <section id='main-content'> in page
2026-01-21 03:42:39,437 - ThreadPoolExecutor-0_9 - WARNING - Page 142 has 0 properties
2026-01-21 03:42:39,549 - ThreadPoolExecutor-0_9 - INFO - Page 142 saved with 0 properties
2026-01-21 03:42:39,551 - ThreadPoolExecutor-0_7 - WARNING - Could not find <section id='main-content'> in page
2026-01-21 03:42:39,562 - MainThread - INFO - Page 142 completed (68 successful, 61 failed)
2026-01-21 03:42:39,564 - ThreadPoolExecutor-0_7 - WARNING - Page 158 has 0 properties
2026-01-21 03:42:39,567 - ThreadPoolExecutor-0_7 - INFO - Page 158 saved with 0 properties
2026-01-21 03:42:39,571 - MainThread - INFO - Page 158 completed (69 successful, 61 failed)
2026-01-21 03:42:54,031 - ThreadPoolExecutor-0_6 - ERROR - Page 140 failed: Failed to perform, curl: (56) Recv failure: Connection was reset. See https://curl.se/libcurl/c/libcurl-errors.html first for more details.
2026-01-21 03:42:54,031 - ThreadPoolExecutor-0_15 - ERROR - Page 141 failed: Failed to perform, curl: (56) Recv failure: Connection was reset. See https://curl.se/libcurl/c/libcurl-errors.html first for more details.
2026-01-21 03:42:54,032 - MainThread - ERROR - Page 140 failed: Failed to perform, curl: (56) Recv failure: Connection was reset. See https://curl.se/libcurl/c/libcurl-errors.html first for more details.
2026-01-21 03:42:54,033 - MainThread - ERROR - Page 141 failed: Failed to perform, curl: (56) Recv failure: Connection was reset. See https://curl.se/libcurl/c/libcurl-errors.html first for more details.
2026-01-21 03:42:54,063 - ThreadPoolExecutor-0_3 - ERROR - Page 144 failed: Failed to perform, curl: (56) Recv failure: Connection was reset. See https://curl.se/libcurl/c/libcurl-errors.html first for more details.
2026-01-21 03:42:54,064 - MainThread - ERROR - Page 144 failed: Failed to perform, curl: (56) Recv failure: Connection was reset. See https://curl.se/libcurl/c/libcurl-errors.html first for more details.
2026-01-21 03:42:54,140 - ThreadPoolExecutor-0_2 - ERROR - Page 143 failed: Failed to perform, curl: (56) Recv failure: Connection was reset. See https://curl.se/libcurl/c/libcurl-errors.html first for more details.
2026-01-21 03:42:54,141 - MainThread - ERROR - Page 143 failed: Failed to perform, curl: (56) Recv failure: Connection was reset. See https://curl.se/libcurl/c/libcurl-errors.html first for more details.
2026-01-21 03:42:54,188 - ThreadPoolExecutor-0_19 - ERROR - Page 145 failed: Failed to perform, curl: (56) Recv failure: Connection was reset. See https://curl.se/libcurl/c/libcurl-errors.html first for more details.
2026-01-21 03:42:54,189 - MainThread - ERROR - Page 145 failed: Failed to perform, curl: (56) Recv failure: Connection was reset. See https://curl.se/libcurl/c/libcurl-errors.html first for more details.
2026-01-21 03:42:54,218 - ThreadPoolExecutor-0_14 - ERROR - Page 153 failed: Failed to perform, curl: (56) Recv failure: Connection was reset. See https://curl.se/libcurl/c/libcurl-errors.html first for more details.
2026-01-21 03:42:54,220 - MainThread - ERROR - Page 153 failed: Failed to perform, curl: (56) Recv failure: Connection was reset. See https://curl.se/libcurl/c/libcurl-errors.html first for more details.
2026-01-21 03:42:54,233 - ThreadPoolExecutor-0_0 - ERROR - Page 156 failed: Failed to perform, curl: (56) Recv failure: Connection was reset. See https://curl.se/libcurl/c/libcurl-errors.html first for more details.
2026-01-21 03:42:54,233 - MainThread - ERROR - Page 156 failed: Failed to perform, curl: (56) Recv failure: Connection was reset. See https://curl.se/libcurl/c/libcurl-errors.html first for more details.
2026-01-21 03:42:54,249 - ThreadPoolExecutor-0_18 - ERROR - Page 155 failed: Failed to perform, curl: (56) Recv failure: Connection was reset. See https://curl.se/libcurl/c/libcurl-errors.html first for more details.
2026-01-21 03:42:54,250 - MainThread - ERROR - Page 155 failed: Failed to perform, curl: (56) Recv failure: Connection was reset. See https://curl.se/libcurl/c/libcurl-errors.html first for more details.
2026-01-21 03:42:54,295 - ThreadPoolExecutor-0_4 - ERROR - Page 154 failed: Failed to perform, curl: (56) Recv failure: Connection was reset. See https://curl.se/libcurl/c/libcurl-errors.html first for more details.
2026-01-21 03:42:54,297 - MainThread - ERROR - Page 154 failed: Failed to perform, curl: (56) Recv failure: Connection was reset. See https://curl.se/libcurl/c/libcurl-errors.html first for more details.
2026-01-21 03:42:54,328 - ThreadPoolExecutor-0_13 - ERROR - Page 159 failed: Failed to perform, curl: (56) Recv failure: Connection was reset. See https://curl.se/libcurl/c/libcurl-errors.html first for more details.
2026-01-21 03:42:54,329 - MainThread - ERROR - Page 159 failed: Failed to perform, curl: (56) Recv failure: Connection was reset. See https://curl.se/libcurl/c/libcurl-errors.html first for more details.
2026-01-21 03:42:54,331 - MainThread - INFO - Waiting 3 seconds before next batch...
2026-01-21 03:42:57,332 - MainThread - INFO - Processing batch 8 with 20 pages
2026-01-21 03:42:57,333 - ThreadPoolExecutor-0_11 - INFO - Scraping page 161: https://www.fotocasa.es/es/comprar/viviendas/espana/todas-las-zonas/l/161
2026-01-21 03:42:57,333 - ThreadPoolExecutor-0_17 - INFO - Scraping page 160: https://www.fotocasa.es/es/comprar/viviendas/espana/todas-las-zonas/l/160
2026-01-21 03:42:57,334 - ThreadPoolExecutor-0_10 - INFO - Scraping page 162: https://www.fotocasa.es/es/comprar/viviendas/espana/todas-las-zonas/l/162
2026-01-21 03:42:57,334 - ThreadPoolExecutor-0_5 - INFO - Scraping page 164: https://www.fotocasa.es/es/comprar/viviendas/espana/todas-las-zonas/l/164
2026-01-21 03:42:57,334 - ThreadPoolExecutor-0_1 - INFO - Scraping page 165: https://www.fotocasa.es/es/comprar/viviendas/espana/todas-las-zonas/l/165
2026-01-21 03:42:57,335 - ThreadPoolExecutor-0_8 - INFO - Scraping page 163: https://www.fotocasa.es/es/comprar/viviendas/espana/todas-las-zonas/l/163
2026-01-21 03:42:57,335 - ThreadPoolExecutor-0_12 - INFO - Scraping page 167: https://www.fotocasa.es/es/comprar/viviendas/espana/todas-las-zonas/l/167
2026-01-21 03:42:57,335 - ThreadPoolExecutor-0_16 - INFO - Scraping page 166: https://www.fotocasa.es/es/comprar/viviendas/espana/todas-las-zonas/l/166
2026-01-21 03:42:57,340 - ThreadPoolExecutor-0_9 - INFO - Scraping page 168: https://www.fotocasa.es/es/comprar/viviendas/espana/todas-las-zonas/l/168
2026-01-21 03:42:57,342 - ThreadPoolExecutor-0_7 - INFO - Scraping page 169: https://www.fotocasa.es/es/comprar/viviendas/espana/todas-las-zonas/l/169
2026-01-21 03:42:57,342 - ThreadPoolExecutor-0_6 - INFO - Scraping page 170: https://www.fotocasa.es/es/comprar/viviendas/espana/todas-las-zonas/l/170
2026-01-21 03:42:57,342 - ThreadPoolExecutor-0_15 - INFO - Scraping page 171: https://www.fotocasa.es/es/comprar/viviendas/espana/todas-las-zonas/l/171
2026-01-21 03:42:57,343 - ThreadPoolExecutor-0_3 - INFO - Scraping page 172: https://www.fotocasa.es/es/comprar/viviendas/espana/todas-las-zonas/l/172
2026-01-21 03:42:57,343 - ThreadPoolExecutor-0_19 - INFO - Scraping page 174: https://www.fotocasa.es/es/comprar/viviendas/espana/todas-las-zonas/l/174
2026-01-21 03:42:57,343 - ThreadPoolExecutor-0_2 - INFO - Scraping page 173: https://www.fotocasa.es/es/comprar/viviendas/espana/todas-las-zonas/l/173
2026-01-21 03:42:57,343 - ThreadPoolExecutor-0_14 - INFO - Scraping page 175: https://www.fotocasa.es/es/comprar/viviendas/espana/todas-las-zonas/l/175
2026-01-21 03:42:57,344 - ThreadPoolExecutor-0_0 - INFO - Scraping page 176: https://www.fotocasa.es/es/comprar/viviendas/espana/todas-las-zonas/l/176
2026-01-21 03:42:57,344 - ThreadPoolExecutor-0_18 - INFO - Scraping page 177: https://www.fotocasa.es/es/comprar/viviendas/espana/todas-las-zonas/l/177
2026-01-21 03:42:57,344 - ThreadPoolExecutor-0_4 - INFO - Scraping page 178: https://www.fotocasa.es/es/comprar/viviendas/espana/todas-las-zonas/l/178
2026-01-21 03:42:57,345 - ThreadPoolExecutor-0_13 - INFO - Scraping page 179: https://www.fotocasa.es/es/comprar/viviendas/espana/todas-las-zonas/l/179
2026-01-21 03:42:58,664 - ThreadPoolExecutor-0_17 - WARNING - Could not find <section id='main-content'> in page
2026-01-21 03:42:58,668 - ThreadPoolExecutor-0_17 - WARNING - Page 160 has 0 properties
2026-01-21 03:42:58,674 - ThreadPoolExecutor-0_17 - INFO - Page 160 saved with 0 properties
2026-01-21 03:42:58,677 - MainThread - INFO - Page 160 completed (70 successful, 71 failed)
2026-01-21 03:42:58,952 - ThreadPoolExecutor-0_0 - WARNING - Could not find <section id='main-content'> in page
2026-01-21 03:42:58,978 - ThreadPoolExecutor-0_2 - WARNING - Could not find <section id='main-content'> in page
2026-01-21 03:42:58,979 - ThreadPoolExecutor-0_0 - WARNING - Page 176 has 0 properties
2026-01-21 03:42:58,979 - ThreadPoolExecutor-0_2 - WARNING - Page 173 has 0 properties
2026-01-21 03:42:59,004 - ThreadPoolExecutor-0_0 - INFO - Page 176 saved with 0 properties
2026-01-21 03:42:59,125 - ThreadPoolExecutor-0_2 - INFO - Page 173 saved with 0 properties
2026-01-21 03:42:59,318 - ThreadPoolExecutor-0_9 - WARNING - Could not find <section id='main-content'> in page
2026-01-21 03:42:59,318 - MainThread - INFO - Page 176 completed (71 successful, 71 failed)
2026-01-21 03:42:59,464 - ThreadPoolExecutor-0_5 - WARNING - Could not find <section id='main-content'> in page
2026-01-21 03:42:59,468 - ThreadPoolExecutor-0_15 - WARNING - Could not find <section id='main-content'> in page
2026-01-21 03:42:59,530 - ThreadPoolExecutor-0_9 - WARNING - Page 168 has 0 properties
2026-01-21 03:42:59,570 - ThreadPoolExecutor-0_7 - WARNING - Could not find <section id='main-content'> in page
2026-01-21 03:42:59,570 - MainThread - INFO - Page 173 completed (72 successful, 71 failed)
2026-01-21 03:42:59,583 - ThreadPoolExecutor-0_12 - WARNING - Could not find <section id='main-content'> in page
2026-01-21 03:42:59,583 - ThreadPoolExecutor-0_5 - WARNING - Page 164 has 0 properties
2026-01-21 03:42:59,583 - ThreadPoolExecutor-0_15 - WARNING - Page 171 has 0 properties
2026-01-21 03:42:59,584 - ThreadPoolExecutor-0_7 - WARNING - Page 169 has 0 properties
2026-01-21 03:42:59,584 - ThreadPoolExecutor-0_12 - WARNING - Page 167 has 0 properties
2026-01-21 03:42:59,585 - ThreadPoolExecutor-0_9 - INFO - Page 168 saved with 0 properties
2026-01-21 03:42:59,586 - ThreadPoolExecutor-0_5 - INFO - Page 164 saved with 0 properties
2026-01-21 03:42:59,588 - ThreadPoolExecutor-0_15 - INFO - Page 171 saved with 0 properties
2026-01-21 03:42:59,588 - ThreadPoolExecutor-0_7 - INFO - Page 169 saved with 0 properties
2026-01-21 03:42:59,589 - MainThread - INFO - Page 168 completed (73 successful, 71 failed)
2026-01-21 03:42:59,591 - ThreadPoolExecutor-0_12 - INFO - Page 167 saved with 0 properties
2026-01-21 03:42:59,593 - MainThread - INFO - Page 164 completed (74 successful, 71 failed)
2026-01-21 03:42:59,594 - MainThread - INFO - Page 171 completed (75 successful, 71 failed)
2026-01-21 03:42:59,594 - MainThread - INFO - Page 169 completed (76 successful, 71 failed)
2026-01-21 03:42:59,594 - MainThread - INFO - Page 167 completed (77 successful, 71 failed)
2026-01-21 03:43:16,743 - ThreadPoolExecutor-0_6 - ERROR - Page 170 failed: Failed to perform, curl: (56) Recv failure: Connection was reset. See https://curl.se/libcurl/c/libcurl-errors.html first for more details.
2026-01-21 03:43:16,744 - ThreadPoolExecutor-0_10 - ERROR - Page 162 failed: Failed to perform, curl: (56) Recv failure: Connection was reset. See https://curl.se/libcurl/c/libcurl-errors.html first for more details.
2026-01-21 03:43:16,744 - ThreadPoolExecutor-0_11 - ERROR - Page 161 failed: Failed to perform, curl: (56) Recv failure: Connection was reset. See https://curl.se/libcurl/c/libcurl-errors.html first for more details.
2026-01-21 03:43:16,744 - ThreadPoolExecutor-0_1 - ERROR - Page 165 failed: Failed to perform, curl: (56) Recv failure: Connection was reset. See https://curl.se/libcurl/c/libcurl-errors.html first for more details.
2026-01-21 03:43:16,745 - ThreadPoolExecutor-0_8 - ERROR - Page 163 failed: Failed to perform, curl: (56) Recv failure: Connection was reset. See https://curl.se/libcurl/c/libcurl-errors.html first for more details.
2026-01-21 03:43:16,745 - MainThread - ERROR - Page 170 failed: Failed to perform, curl: (56) Recv failure: Connection was reset. See https://curl.se/libcurl/c/libcurl-errors.html first for more details.
2026-01-21 03:43:16,748 - MainThread - ERROR - Page 162 failed: Failed to perform, curl: (56) Recv failure: Connection was reset. See https://curl.se/libcurl/c/libcurl-errors.html first for more details.
2026-01-21 03:43:16,748 - MainThread - ERROR - Page 161 failed: Failed to perform, curl: (56) Recv failure: Connection was reset. See https://curl.se/libcurl/c/libcurl-errors.html first for more details.
2026-01-21 03:43:16,748 - MainThread - ERROR - Page 165 failed: Failed to perform, curl: (56) Recv failure: Connection was reset. See https://curl.se/libcurl/c/libcurl-errors.html first for more details.
2026-01-21 03:43:16,749 - MainThread - ERROR - Page 163 failed: Failed to perform, curl: (56) Recv failure: Connection was reset. See https://curl.se/libcurl/c/libcurl-errors.html first for more details.
2026-01-21 03:43:16,759 - ThreadPoolExecutor-0_14 - ERROR - Page 175 failed: Failed to perform, curl: (56) Recv failure: Connection was reset. See https://curl.se/libcurl/c/libcurl-errors.html first for more details.
2026-01-21 03:43:16,759 - ThreadPoolExecutor-0_16 - ERROR - Page 166 failed: Failed to perform, curl: (56) Recv failure: Connection was reset. See https://curl.se/libcurl/c/libcurl-errors.html first for more details.
2026-01-21 03:43:16,759 - ThreadPoolExecutor-0_19 - ERROR - Page 174 failed: Failed to perform, curl: (56) Recv failure: Connection was reset. See https://curl.se/libcurl/c/libcurl-errors.html first for more details.
2026-01-21 03:43:16,760 - ThreadPoolExecutor-0_18 - ERROR - Page 177 failed: Failed to perform, curl: (56) Recv failure: Connection was reset. See https://curl.se/libcurl/c/libcurl-errors.html first for more details.
2026-01-21 03:43:16,760 - ThreadPoolExecutor-0_3 - ERROR - Page 172 failed: Failed to perform, curl: (56) Recv failure: Connection was reset. See https://curl.se/libcurl/c/libcurl-errors.html first for more details.
2026-01-21 03:43:16,761 - MainThread - ERROR - Page 175 failed: Failed to perform, curl: (56) Recv failure: Connection was reset. See https://curl.se/libcurl/c/libcurl-errors.html first for more details.
2026-01-21 03:43:16,764 - MainThread - ERROR - Page 166 failed: Failed to perform, curl: (56) Recv failure: Connection was reset. See https://curl.se/libcurl/c/libcurl-errors.html first for more details.
2026-01-21 03:43:16,765 - MainThread - ERROR - Page 174 failed: Failed to perform, curl: (56) Recv failure: Connection was reset. See https://curl.se/libcurl/c/libcurl-errors.html first for more details.
2026-01-21 03:43:16,765 - MainThread - ERROR - Page 177 failed: Failed to perform, curl: (56) Recv failure: Connection was reset. See https://curl.se/libcurl/c/libcurl-errors.html first for more details.
2026-01-21 03:43:16,765 - MainThread - ERROR - Page 172 failed: Failed to perform, curl: (56) Recv failure: Connection was reset. See https://curl.se/libcurl/c/libcurl-errors.html first for more details.
2026-01-21 03:43:16,773 - ThreadPoolExecutor-0_4 - ERROR - Page 178 failed: Failed to perform, curl: (56) Recv failure: Connection was reset. See https://curl.se/libcurl/c/libcurl-errors.html first for more details.
2026-01-21 03:43:16,775 - ThreadPoolExecutor-0_13 - ERROR - Page 179 failed: Failed to perform, curl: (56) Recv failure: Connection was reset. See https://curl.se/libcurl/c/libcurl-errors.html first for more details.
2026-01-21 03:43:16,776 - MainThread - ERROR - Page 178 failed: Failed to perform, curl: (56) Recv failure: Connection was reset. See https://curl.se/libcurl/c/libcurl-errors.html first for more details.
2026-01-21 03:43:16,778 - MainThread - ERROR - Page 179 failed: Failed to perform, curl: (56) Recv failure: Connection was reset. See https://curl.se/libcurl/c/libcurl-errors.html first for more details.
2026-01-21 03:43:16,783 - MainThread - INFO - Waiting 3 seconds before next batch...
2026-01-21 03:43:19,784 - MainThread - INFO - Processing batch 9 with 20 pages
2026-01-21 03:43:19,786 - ThreadPoolExecutor-0_2 - INFO - Scraping page 182: https://www.fotocasa.es/es/comprar/viviendas/espana/todas-las-zonas/l/182
2026-01-21 03:43:19,786 - ThreadPoolExecutor-0_0 - INFO - Scraping page 181: https://www.fotocasa.es/es/comprar/viviendas/espana/todas-las-zonas/l/181
2026-01-21 03:43:19,786 - ThreadPoolExecutor-0_17 - INFO - Scraping page 180: https://www.fotocasa.es/es/comprar/viviendas/espana/todas-las-zonas/l/180
2026-01-21 03:43:19,787 - ThreadPoolExecutor-0_9 - INFO - Scraping page 183: https://www.fotocasa.es/es/comprar/viviendas/espana/todas-las-zonas/l/183
2026-01-21 03:43:19,787 - ThreadPoolExecutor-0_5 - INFO - Scraping page 184: https://www.fotocasa.es/es/comprar/viviendas/espana/todas-las-zonas/l/184
2026-01-21 03:43:19,788 - ThreadPoolExecutor-0_15 - INFO - Scraping page 185: https://www.fotocasa.es/es/comprar/viviendas/espana/todas-las-zonas/l/185
2026-01-21 03:43:19,788 - ThreadPoolExecutor-0_7 - INFO - Scraping page 186: https://www.fotocasa.es/es/comprar/viviendas/espana/todas-las-zonas/l/186
2026-01-21 03:43:19,789 - ThreadPoolExecutor-0_12 - INFO - Scraping page 187: https://www.fotocasa.es/es/comprar/viviendas/espana/todas-las-zonas/l/187
2026-01-21 03:43:19,790 - ThreadPoolExecutor-0_10 - INFO - Scraping page 189: https://www.fotocasa.es/es/comprar/viviendas/espana/todas-las-zonas/l/189
2026-01-21 03:43:19,792 - ThreadPoolExecutor-0_6 - INFO - Scraping page 188: https://www.fotocasa.es/es/comprar/viviendas/espana/todas-las-zonas/l/188
2026-01-21 03:43:19,793 - ThreadPoolExecutor-0_14 - INFO - Scraping page 193: https://www.fotocasa.es/es/comprar/viviendas/espana/todas-las-zonas/l/193
2026-01-21 03:43:19,793 - ThreadPoolExecutor-0_1 - INFO - Scraping page 191: https://www.fotocasa.es/es/comprar/viviendas/espana/todas-las-zonas/l/191
2026-01-21 03:43:19,793 - ThreadPoolExecutor-0_8 - INFO - Scraping page 192: https://www.fotocasa.es/es/comprar/viviendas/espana/todas-las-zonas/l/192
2026-01-21 03:43:19,793 - ThreadPoolExecutor-0_11 - INFO - Scraping page 190: https://www.fotocasa.es/es/comprar/viviendas/espana/todas-las-zonas/l/190
2026-01-21 03:43:19,794 - ThreadPoolExecutor-0_19 - INFO - Scraping page 195: https://www.fotocasa.es/es/comprar/viviendas/espana/todas-las-zonas/l/195
2026-01-21 03:43:19,794 - ThreadPoolExecutor-0_16 - INFO - Scraping page 194: https://www.fotocasa.es/es/comprar/viviendas/espana/todas-las-zonas/l/194
2026-01-21 03:43:19,795 - ThreadPoolExecutor-0_18 - INFO - Scraping page 196: https://www.fotocasa.es/es/comprar/viviendas/espana/todas-las-zonas/l/196
2026-01-21 03:43:19,797 - ThreadPoolExecutor-0_3 - INFO - Scraping page 197: https://www.fotocasa.es/es/comprar/viviendas/espana/todas-las-zonas/l/197
2026-01-21 03:43:19,798 - ThreadPoolExecutor-0_4 - INFO - Scraping page 198: https://www.fotocasa.es/es/comprar/viviendas/espana/todas-las-zonas/l/198
2026-01-21 03:43:19,800 - ThreadPoolExecutor-0_13 - INFO - Scraping page 199: https://www.fotocasa.es/es/comprar/viviendas/espana/todas-las-zonas/l/199
2026-01-21 03:43:21,140 - ThreadPoolExecutor-0_2 - WARNING - Could not find <section id='main-content'> in page
2026-01-21 03:43:21,141 - ThreadPoolExecutor-0_2 - WARNING - Page 182 has 0 properties
2026-01-21 03:43:21,143 - ThreadPoolExecutor-0_2 - INFO - Page 182 saved with 0 properties
2026-01-21 03:43:21,144 - MainThread - INFO - Page 182 completed (78 successful, 83 failed)
2026-01-21 03:43:21,411 - ThreadPoolExecutor-0_19 - WARNING - Could not find <section id='main-content'> in page
2026-01-21 03:43:21,442 - ThreadPoolExecutor-0_19 - WARNING - Page 195 has 0 properties
2026-01-21 03:43:21,537 - ThreadPoolExecutor-0_13 - WARNING - Could not find <section id='main-content'> in page
2026-01-21 03:43:21,541 - ThreadPoolExecutor-0_13 - WARNING - Page 199 has 0 properties
2026-01-21 03:43:21,544 - ThreadPoolExecutor-0_19 - INFO - Page 195 saved with 0 properties
2026-01-21 03:43:21,545 - MainThread - INFO - Page 195 completed (79 successful, 83 failed)
2026-01-21 03:43:21,549 - ThreadPoolExecutor-0_13 - INFO - Page 199 saved with 0 properties
2026-01-21 03:43:21,550 - MainThread - INFO - Page 199 completed (80 successful, 83 failed)
2026-01-21 03:43:21,668 - ThreadPoolExecutor-0_9 - WARNING - Could not find <section id='main-content'> in page
2026-01-21 03:43:21,669 - ThreadPoolExecutor-0_9 - WARNING - Page 183 has 0 properties
2026-01-21 03:43:21,671 - ThreadPoolExecutor-0_9 - INFO - Page 183 saved with 0 properties
2026-01-21 03:43:21,682 - MainThread - INFO - Page 183 completed (81 successful, 83 failed)
2026-01-21 03:43:21,792 - ThreadPoolExecutor-0_18 - WARNING - Could not find <section id='main-content'> in page
2026-01-21 03:43:21,792 - ThreadPoolExecutor-0_18 - WARNING - Page 196 has 0 properties
2026-01-21 03:43:21,794 - ThreadPoolExecutor-0_18 - INFO - Page 196 saved with 0 properties
2026-01-21 03:43:21,795 - MainThread - INFO - Page 196 completed (82 successful, 83 failed)
2026-01-21 03:43:22,091 - ThreadPoolExecutor-0_7 - WARNING - Could not find <section id='main-content'> in page
2026-01-21 03:43:22,092 - ThreadPoolExecutor-0_7 - WARNING - Page 186 has 0 properties
2026-01-21 03:43:22,095 - ThreadPoolExecutor-0_7 - INFO - Page 186 saved with 0 properties
2026-01-21 03:43:22,098 - MainThread - INFO - Page 186 completed (83 successful, 83 failed)
2026-01-21 03:43:22,215 - ThreadPoolExecutor-0_4 - WARNING - Could not find <section id='main-content'> in page
2026-01-21 03:43:22,215 - ThreadPoolExecutor-0_4 - WARNING - Page 198 has 0 properties
2026-01-21 03:43:22,217 - ThreadPoolExecutor-0_4 - INFO - Page 198 saved with 0 properties
2026-01-21 03:43:22,218 - MainThread - INFO - Page 198 completed (84 successful, 83 failed)
2026-01-21 03:43:22,436 - ThreadPoolExecutor-0_3 - WARNING - Could not find <section id='main-content'> in page
2026-01-21 03:43:22,436 - ThreadPoolExecutor-0_3 - WARNING - Page 197 has 0 properties
2026-01-21 03:43:22,438 - ThreadPoolExecutor-0_3 - INFO - Page 197 saved with 0 properties
2026-01-21 03:43:22,439 - MainThread - INFO - Page 197 completed (85 successful, 83 failed)
2026-01-21 03:43:39,192 - ThreadPoolExecutor-0_15 - ERROR - Page 185 failed: Failed to perform, curl: (56) Recv failure: Connection was reset. See https://curl.se/libcurl/c/libcurl-errors.html first for more details.
2026-01-21 03:43:39,193 - MainThread - ERROR - Page 185 failed: Failed to perform, curl: (56) Recv failure: Connection was reset. See https://curl.se/libcurl/c/libcurl-errors.html first for more details.
2026-01-21 03:43:39,208 - ThreadPoolExecutor-0_5 - ERROR - Page 184 failed: Failed to perform, curl: (56) Recv failure: Connection was reset. See https://curl.se/libcurl/c/libcurl-errors.html first for more details.
2026-01-21 03:43:39,208 - ThreadPoolExecutor-0_10 - ERROR - Page 189 failed: Failed to perform, curl: (56) Recv failure: Connection was reset. See https://curl.se/libcurl/c/libcurl-errors.html first for more details.
2026-01-21 03:43:39,209 - ThreadPoolExecutor-0_0 - ERROR - Page 181 failed: Failed to perform, curl: (56) Recv failure: Connection was reset. See https://curl.se/libcurl/c/libcurl-errors.html first for more details.
2026-01-21 03:43:39,210 - MainThread - ERROR - Page 184 failed: Failed to perform, curl: (56) Recv failure: Connection was reset. See https://curl.se/libcurl/c/libcurl-errors.html first for more details.
2026-01-21 03:43:39,211 - MainThread - ERROR - Page 189 failed: Failed to perform, curl: (56) Recv failure: Connection was reset. See https://curl.se/libcurl/c/libcurl-errors.html first for more details.
2026-01-21 03:43:39,211 - MainThread - ERROR - Page 181 failed: Failed to perform, curl: (56) Recv failure: Connection was reset. See https://curl.se/libcurl/c/libcurl-errors.html first for more details.
2026-01-21 03:43:39,224 - ThreadPoolExecutor-0_17 - ERROR - Page 180 failed: Failed to perform, curl: (56) Recv failure: Connection was reset. See https://curl.se/libcurl/c/libcurl-errors.html first for more details.
2026-01-21 03:43:39,225 - ThreadPoolExecutor-0_12 - ERROR - Page 187 failed: Failed to perform, curl: (56) Recv failure: Connection was reset. See https://curl.se/libcurl/c/libcurl-errors.html first for more details.
2026-01-21 03:43:39,226 - ThreadPoolExecutor-0_8 - ERROR - Page 192 failed: Failed to perform, curl: (56) Recv failure: Connection was reset. See https://curl.se/libcurl/c/libcurl-errors.html first for more details.
2026-01-21 03:43:39,226 - ThreadPoolExecutor-0_6 - ERROR - Page 188 failed: Failed to perform, curl: (56) Recv failure: Connection was reset. See https://curl.se/libcurl/c/libcurl-errors.html first for more details.
2026-01-21 03:43:39,228 - ThreadPoolExecutor-0_11 - ERROR - Page 190 failed: Failed to perform, curl: (56) Recv failure: Connection was reset. See https://curl.se/libcurl/c/libcurl-errors.html first for more details.
2026-01-21 03:43:39,228 - ThreadPoolExecutor-0_14 - ERROR - Page 193 failed: Failed to perform, curl: (56) Recv failure: Connection was reset. See https://curl.se/libcurl/c/libcurl-errors.html first for more details.
2026-01-21 03:43:39,228 - ThreadPoolExecutor-0_16 - ERROR - Page 194 failed: Failed to perform, curl: (56) Recv failure: Connection was reset. See https://curl.se/libcurl/c/libcurl-errors.html first for more details.
2026-01-21 03:43:39,228 - ThreadPoolExecutor-0_1 - ERROR - Page 191 failed: Failed to perform, curl: (56) Recv failure: Connection was reset. See https://curl.se/libcurl/c/libcurl-errors.html first for more details.
2026-01-21 03:43:39,230 - MainThread - ERROR - Page 180 failed: Failed to perform, curl: (56) Recv failure: Connection was reset. See https://curl.se/libcurl/c/libcurl-errors.html first for more details.
2026-01-21 03:43:39,233 - MainThread - ERROR - Page 192 failed: Failed to perform, curl: (56) Recv failure: Connection was reset. See https://curl.se/libcurl/c/libcurl-errors.html first for more details.
2026-01-21 03:43:39,233 - MainThread - ERROR - Page 187 failed: Failed to perform, curl: (56) Recv failure: Connection was reset. See https://curl.se/libcurl/c/libcurl-errors.html first for more details.
2026-01-21 03:43:39,233 - MainThread - ERROR - Page 188 failed: Failed to perform, curl: (56) Recv failure: Connection was reset. See https://curl.se/libcurl/c/libcurl-errors.html first for more details.
2026-01-21 03:43:39,234 - MainThread - ERROR - Page 190 failed: Failed to perform, curl: (56) Recv failure: Connection was reset. See https://curl.se/libcurl/c/libcurl-errors.html first for more details.
2026-01-21 03:43:39,234 - MainThread - ERROR - Page 193 failed: Failed to perform, curl: (56) Recv failure: Connection was reset. See https://curl.se/libcurl/c/libcurl-errors.html first for more details.
2026-01-21 03:43:39,234 - MainThread - ERROR - Page 194 failed: Failed to perform, curl: (56) Recv failure: Connection was reset. See https://curl.se/libcurl/c/libcurl-errors.html first for more details.
2026-01-21 03:43:39,235 - MainThread - ERROR - Page 191 failed: Failed to perform, curl: (56) Recv failure: Connection was reset. See https://curl.se/libcurl/c/libcurl-errors.html first for more details.
2026-01-21 03:43:39,235 - MainThread - INFO - Waiting 3 seconds before next batch...
2026-01-21 03:43:42,236 - MainThread - INFO - Processing batch 10 with 20 pages
2026-01-21 03:43:42,237 - ThreadPoolExecutor-0_2 - INFO - Scraping page 200: https://www.fotocasa.es/es/comprar/viviendas/espana/todas-las-zonas/l/200
2026-01-21 03:43:42,237 - ThreadPoolExecutor-0_13 - INFO - Scraping page 202: https://www.fotocasa.es/es/comprar/viviendas/espana/todas-las-zonas/l/202
2026-01-21 03:43:42,238 - ThreadPoolExecutor-0_19 - INFO - Scraping page 201: https://www.fotocasa.es/es/comprar/viviendas/espana/todas-las-zonas/l/201
2026-01-21 03:43:42,238 - ThreadPoolExecutor-0_9 - INFO - Scraping page 203: https://www.fotocasa.es/es/comprar/viviendas/espana/todas-las-zonas/l/203
2026-01-21 03:43:42,239 - ThreadPoolExecutor-0_18 - INFO - Scraping page 204: https://www.fotocasa.es/es/comprar/viviendas/espana/todas-las-zonas/l/204
2026-01-21 03:43:42,239 - ThreadPoolExecutor-0_7 - INFO - Scraping page 205: https://www.fotocasa.es/es/comprar/viviendas/espana/todas-las-zonas/l/205
2026-01-21 03:43:42,241 - ThreadPoolExecutor-0_4 - INFO - Scraping page 206: https://www.fotocasa.es/es/comprar/viviendas/espana/todas-las-zonas/l/206
2026-01-21 03:43:42,241 - ThreadPoolExecutor-0_15 - INFO - Scraping page 208: https://www.fotocasa.es/es/comprar/viviendas/espana/todas-las-zonas/l/208
2026-01-21 03:43:42,242 - ThreadPoolExecutor-0_3 - INFO - Scraping page 207: https://www.fotocasa.es/es/comprar/viviendas/espana/todas-las-zonas/l/207
2026-01-21 03:43:42,243 - ThreadPoolExecutor-0_10 - INFO - Scraping page 210: https://www.fotocasa.es/es/comprar/viviendas/espana/todas-las-zonas/l/210
2026-01-21 03:43:42,244 - ThreadPoolExecutor-0_5 - INFO - Scraping page 209: https://www.fotocasa.es/es/comprar/viviendas/espana/todas-las-zonas/l/209
2026-01-21 03:43:42,245 - ThreadPoolExecutor-0_17 - INFO - Scraping page 212: https://www.fotocasa.es/es/comprar/viviendas/espana/todas-las-zonas/l/212
2026-01-21 03:43:42,245 - ThreadPoolExecutor-0_0 - INFO - Scraping page 211: https://www.fotocasa.es/es/comprar/viviendas/espana/todas-las-zonas/l/211
2026-01-21 03:43:42,245 - ThreadPoolExecutor-0_8 - INFO - Scraping page 213: https://www.fotocasa.es/es/comprar/viviendas/espana/todas-las-zonas/l/213
2026-01-21 03:43:42,246 - ThreadPoolExecutor-0_12 - INFO - Scraping page 214: https://www.fotocasa.es/es/comprar/viviendas/espana/todas-las-zonas/l/214
2026-01-21 03:43:42,246 - ThreadPoolExecutor-0_6 - INFO - Scraping page 215: https://www.fotocasa.es/es/comprar/viviendas/espana/todas-las-zonas/l/215
2026-01-21 03:43:42,247 - ThreadPoolExecutor-0_11 - INFO - Scraping page 216: https://www.fotocasa.es/es/comprar/viviendas/espana/todas-las-zonas/l/216
2026-01-21 03:43:42,247 - ThreadPoolExecutor-0_14 - INFO - Scraping page 217: https://www.fotocasa.es/es/comprar/viviendas/espana/todas-las-zonas/l/217
2026-01-21 03:43:42,249 - ThreadPoolExecutor-0_16 - INFO - Scraping page 218: https://www.fotocasa.es/es/comprar/viviendas/espana/todas-las-zonas/l/218
2026-01-21 03:43:42,249 - ThreadPoolExecutor-0_1 - INFO - Scraping page 219: https://www.fotocasa.es/es/comprar/viviendas/espana/todas-las-zonas/l/219
2026-01-21 03:43:43,678 - ThreadPoolExecutor-0_1 - WARNING - Could not find <section id='main-content'> in page
2026-01-21 03:43:43,678 - ThreadPoolExecutor-0_1 - WARNING - Page 219 has 0 properties
2026-01-21 03:43:43,682 - ThreadPoolExecutor-0_1 - INFO - Page 219 saved with 0 properties
2026-01-21 03:43:43,684 - MainThread - INFO - Page 219 completed (86 successful, 95 failed)
2026-01-21 03:43:43,809 - ThreadPoolExecutor-0_9 - WARNING - Could not find <section id='main-content'> in page
2026-01-21 03:43:43,810 - ThreadPoolExecutor-0_9 - WARNING - Page 203 has 0 properties
2026-01-21 03:43:43,813 - ThreadPoolExecutor-0_9 - INFO - Page 203 saved with 0 properties
2026-01-21 03:43:43,815 - MainThread - INFO - Page 203 completed (87 successful, 95 failed)
2026-01-21 03:43:43,948 - ThreadPoolExecutor-0_11 - WARNING - Could not find <section id='main-content'> in page
2026-01-21 03:43:43,949 - ThreadPoolExecutor-0_11 - WARNING - Page 216 has 0 properties
2026-01-21 03:43:43,950 - ThreadPoolExecutor-0_11 - INFO - Page 216 saved with 0 properties
2026-01-21 03:43:43,953 - MainThread - INFO - Page 216 completed (88 successful, 95 failed)
2026-01-21 03:43:44,072 - ThreadPoolExecutor-0_16 - WARNING - Could not find <section id='main-content'> in page
2026-01-21 03:43:44,072 - ThreadPoolExecutor-0_16 - WARNING - Page 218 has 0 properties
2026-01-21 03:43:44,075 - ThreadPoolExecutor-0_16 - INFO - Page 218 saved with 0 properties
2026-01-21 03:43:44,077 - MainThread - INFO - Page 218 completed (89 successful, 95 failed)
2026-01-21 03:43:44,269 - ThreadPoolExecutor-0_18 - WARNING - Could not find <section id='main-content'> in page
2026-01-21 03:43:44,270 - ThreadPoolExecutor-0_18 - WARNING - Page 204 has 0 properties
2026-01-21 03:43:44,275 - ThreadPoolExecutor-0_18 - INFO - Page 204 saved with 0 properties
2026-01-21 03:43:44,276 - MainThread - INFO - Page 204 completed (90 successful, 95 failed)
2026-01-21 03:43:44,410 - ThreadPoolExecutor-0_5 - WARNING - Could not find <section id='main-content'> in page
2026-01-21 03:43:44,411 - ThreadPoolExecutor-0_5 - WARNING - Page 209 has 0 properties
2026-01-21 03:43:44,411 - ThreadPoolExecutor-0_5 - INFO - Page 209 saved with 0 properties
2026-01-21 03:43:44,412 - MainThread - INFO - Page 209 completed (91 successful, 95 failed)
2026-01-21 03:43:45,155 - ThreadPoolExecutor-0_7 - WARNING - Could not find <section id='main-content'> in page
2026-01-21 03:43:45,156 - ThreadPoolExecutor-0_7 - WARNING - Page 205 has 0 properties
2026-01-21 03:43:45,158 - ThreadPoolExecutor-0_7 - INFO - Page 205 saved with 0 properties
2026-01-21 03:43:45,159 - MainThread - INFO - Page 205 completed (92 successful, 95 failed)
2026-01-21 03:43:45,413 - ThreadPoolExecutor-0_15 - WARNING - Could not find <section id='main-content'> in page
2026-01-21 03:43:45,415 - ThreadPoolExecutor-0_15 - WARNING - Page 208 has 0 properties
2026-01-21 03:43:45,418 - ThreadPoolExecutor-0_15 - INFO - Page 208 saved with 0 properties
2026-01-21 03:43:45,419 - MainThread - INFO - Page 208 completed (93 successful, 95 failed)
2026-01-21 03:43:45,600 - ThreadPoolExecutor-0_4 - WARNING - Could not find <section id='main-content'> in page
2026-01-21 03:43:45,601 - ThreadPoolExecutor-0_4 - WARNING - Page 206 has 0 properties
2026-01-21 03:43:45,603 - ThreadPoolExecutor-0_4 - INFO - Page 206 saved with 0 properties
2026-01-21 03:43:45,605 - MainThread - INFO - Page 206 completed (94 successful, 95 failed)
2026-01-21 03:43:45,774 - ThreadPoolExecutor-0_10 - WARNING - Could not find <section id='main-content'> in page
2026-01-21 03:43:45,774 - ThreadPoolExecutor-0_10 - WARNING - Page 210 has 0 properties
2026-01-21 03:43:45,776 - ThreadPoolExecutor-0_10 - INFO - Page 210 saved with 0 properties
2026-01-21 03:43:45,776 - MainThread - INFO - Page 210 completed (95 successful, 95 failed)
2026-01-21 03:43:46,331 - ThreadPoolExecutor-0_8 - WARNING - Could not find <section id='main-content'> in page
2026-01-21 03:43:46,731 - ThreadPoolExecutor-0_8 - WARNING - Page 213 has 0 properties
2026-01-21 03:43:46,819 - ThreadPoolExecutor-0_6 - WARNING - Could not find <section id='main-content'> in page
2026-01-21 03:43:46,842 - ThreadPoolExecutor-0_8 - INFO - Page 213 saved with 0 properties
2026-01-21 03:43:46,842 - ThreadPoolExecutor-0_6 - WARNING - Page 215 has 0 properties
2026-01-21 03:43:46,921 - MainThread - INFO - Page 213 completed (96 successful, 95 failed)
2026-01-21 03:43:46,948 - ThreadPoolExecutor-0_3 - WARNING - Could not find <section id='main-content'> in page
2026-01-21 03:43:46,949 - ThreadPoolExecutor-0_3 - WARNING - Page 207 has 0 properties
2026-01-21 03:43:46,949 - ThreadPoolExecutor-0_6 - INFO - Page 215 saved with 0 properties
2026-01-21 03:43:46,950 - ThreadPoolExecutor-0_3 - INFO - Page 207 saved with 0 properties
2026-01-21 03:43:46,952 - MainThread - INFO - Page 215 completed (97 successful, 95 failed)
2026-01-21 03:43:46,954 - MainThread - INFO - Page 207 completed (98 successful, 95 failed)
2026-01-21 03:44:01,821 - ThreadPoolExecutor-0_13 - ERROR - Page 202 failed: Failed to perform, curl: (56) Recv failure: Connection was reset. See https://curl.se/libcurl/c/libcurl-errors.html first for more details.
2026-01-21 03:44:01,822 - ThreadPoolExecutor-0_14 - ERROR - Page 217 failed: Failed to perform, curl: (56) Recv failure: Connection was reset. See https://curl.se/libcurl/c/libcurl-errors.html first for more details.
2026-01-21 03:44:01,823 - ThreadPoolExecutor-0_19 - ERROR - Page 201 failed: Failed to perform, curl: (56) Recv failure: Connection was reset. See https://curl.se/libcurl/c/libcurl-errors.html first for more details.
2026-01-21 03:44:01,824 - ThreadPoolExecutor-0_0 - ERROR - Page 211 failed: Failed to perform, curl: (56) Recv failure: Connection was reset. See https://curl.se/libcurl/c/libcurl-errors.html first for more details.
2026-01-21 03:44:01,825 - ThreadPoolExecutor-0_17 - ERROR - Page 212 failed: Failed to perform, curl: (56) Recv failure: Connection was reset. See https://curl.se/libcurl/c/libcurl-errors.html first for more details.
2026-01-21 03:44:01,830 - ThreadPoolExecutor-0_12 - ERROR - Page 214 failed: Failed to perform, curl: (56) Recv failure: Connection was reset. See https://curl.se/libcurl/c/libcurl-errors.html first for more details.
2026-01-21 03:44:02,657 - ThreadPoolExecutor-0_2 - ERROR - Page 200 failed: Failed to perform, curl: (56) Recv failure: Connection was reset. See https://curl.se/libcurl/c/libcurl-errors.html first for more details.
2026-01-21 03:44:02,742 - MainThread - ERROR - Page 202 failed: Failed to perform, curl: (56) Recv failure: Connection was reset. See https://curl.se/libcurl/c/libcurl-errors.html first for more details.
2026-01-21 03:44:02,747 - MainThread - ERROR - Page 217 failed: Failed to perform, curl: (56) Recv failure: Connection was reset. See https://curl.se/libcurl/c/libcurl-errors.html first for more details.
2026-01-21 03:44:02,794 - MainThread - ERROR - Page 201 failed: Failed to perform, curl: (56) Recv failure: Connection was reset. See https://curl.se/libcurl/c/libcurl-errors.html first for more details.
2026-01-21 03:44:02,816 - MainThread - ERROR - Page 211 failed: Failed to perform, curl: (56) Recv failure: Connection was reset. See https://curl.se/libcurl/c/libcurl-errors.html first for more details.
2026-01-21 03:44:02,829 - MainThread - ERROR - Page 212 failed: Failed to perform, curl: (56) Recv failure: Connection was reset. See https://curl.se/libcurl/c/libcurl-errors.html first for more details.
2026-01-21 03:44:02,841 - MainThread - ERROR - Page 214 failed: Failed to perform, curl: (56) Recv failure: Connection was reset. See https://curl.se/libcurl/c/libcurl-errors.html first for more details.
2026-01-21 03:44:02,864 - MainThread - ERROR - Page 200 failed: Failed to perform, curl: (56) Recv failure: Connection was reset. See https://curl.se/libcurl/c/libcurl-errors.html first for more details.
2026-01-21 03:44:02,867 - MainThread - INFO - Waiting 3 seconds before next batch...
2026-01-21 03:44:05,869 - MainThread - INFO - Processing batch 11 with 20 pages
2026-01-21 03:44:05,869 - ThreadPoolExecutor-0_1 - INFO - Scraping page 220: https://www.fotocasa.es/es/comprar/viviendas/espana/todas-las-zonas/l/220
2026-01-21 03:44:05,870 - ThreadPoolExecutor-0_9 - INFO - Scraping page 221: https://www.fotocasa.es/es/comprar/viviendas/espana/todas-las-zonas/l/221
2026-01-21 03:44:05,870 - ThreadPoolExecutor-0_11 - INFO - Scraping page 222: https://www.fotocasa.es/es/comprar/viviendas/espana/todas-las-zonas/l/222
2026-01-21 03:44:05,870 - ThreadPoolExecutor-0_16 - INFO - Scraping page 223: https://www.fotocasa.es/es/comprar/viviendas/espana/todas-las-zonas/l/223
2026-01-21 03:44:05,870 - ThreadPoolExecutor-0_18 - INFO - Scraping page 224: https://www.fotocasa.es/es/comprar/viviendas/espana/todas-las-zonas/l/224
2026-01-21 03:44:05,870 - ThreadPoolExecutor-0_5 - INFO - Scraping page 225: https://www.fotocasa.es/es/comprar/viviendas/espana/todas-las-zonas/l/225
2026-01-21 03:44:05,871 - ThreadPoolExecutor-0_7 - INFO - Scraping page 226: https://www.fotocasa.es/es/comprar/viviendas/espana/todas-las-zonas/l/226
2026-01-21 03:44:05,872 - ThreadPoolExecutor-0_15 - INFO - Scraping page 227: https://www.fotocasa.es/es/comprar/viviendas/espana/todas-las-zonas/l/227
2026-01-21 03:44:05,872 - ThreadPoolExecutor-0_4 - INFO - Scraping page 228: https://www.fotocasa.es/es/comprar/viviendas/espana/todas-las-zonas/l/228
2026-01-21 03:44:05,872 - ThreadPoolExecutor-0_10 - INFO - Scraping page 229: https://www.fotocasa.es/es/comprar/viviendas/espana/todas-las-zonas/l/229
2026-01-21 03:44:05,874 - ThreadPoolExecutor-0_8 - INFO - Scraping page 230: https://www.fotocasa.es/es/comprar/viviendas/espana/todas-las-zonas/l/230
2026-01-21 03:44:05,874 - ThreadPoolExecutor-0_6 - INFO - Scraping page 231: https://www.fotocasa.es/es/comprar/viviendas/espana/todas-las-zonas/l/231
2026-01-21 03:44:05,874 - ThreadPoolExecutor-0_13 - INFO - Scraping page 233: https://www.fotocasa.es/es/comprar/viviendas/espana/todas-las-zonas/l/233
2026-01-21 03:44:05,875 - ThreadPoolExecutor-0_3 - INFO - Scraping page 232: https://www.fotocasa.es/es/comprar/viviendas/espana/todas-las-zonas/l/232
2026-01-21 03:44:05,875 - ThreadPoolExecutor-0_14 - INFO - Scraping page 234: https://www.fotocasa.es/es/comprar/viviendas/espana/todas-las-zonas/l/234
2026-01-21 03:44:05,875 - ThreadPoolExecutor-0_19 - INFO - Scraping page 235: https://www.fotocasa.es/es/comprar/viviendas/espana/todas-las-zonas/l/235
2026-01-21 03:44:05,876 - ThreadPoolExecutor-0_0 - INFO - Scraping page 236: https://www.fotocasa.es/es/comprar/viviendas/espana/todas-las-zonas/l/236
2026-01-21 03:44:05,877 - ThreadPoolExecutor-0_17 - INFO - Scraping page 237: https://www.fotocasa.es/es/comprar/viviendas/espana/todas-las-zonas/l/237
2026-01-21 03:44:05,878 - ThreadPoolExecutor-0_12 - INFO - Scraping page 238: https://www.fotocasa.es/es/comprar/viviendas/espana/todas-las-zonas/l/238
2026-01-21 03:44:05,879 - ThreadPoolExecutor-0_2 - INFO - Scraping page 239: https://www.fotocasa.es/es/comprar/viviendas/espana/todas-las-zonas/l/239
2026-01-21 03:44:07,323 - ThreadPoolExecutor-0_9 - WARNING - Could not find <section id='main-content'> in page
2026-01-21 03:44:07,328 - ThreadPoolExecutor-0_9 - WARNING - Page 221 has 0 properties
2026-01-21 03:44:07,332 - ThreadPoolExecutor-0_9 - INFO - Page 221 saved with 0 properties
2026-01-21 03:44:07,335 - MainThread - INFO - Page 221 completed (99 successful, 102 failed)
2026-01-21 03:44:07,564 - ThreadPoolExecutor-0_0 - WARNING - Could not find <section id='main-content'> in page
2026-01-21 03:44:07,614 - ThreadPoolExecutor-0_2 - WARNING - Could not find <section id='main-content'> in page
2026-01-21 03:44:07,663 - ThreadPoolExecutor-0_0 - WARNING - Page 236 has 0 properties
2026-01-21 03:44:07,711 - ThreadPoolExecutor-0_2 - WARNING - Page 239 has 0 properties
2026-01-21 03:44:07,723 - ThreadPoolExecutor-0_6 - WARNING - Could not find <section id='main-content'> in page
2026-01-21 03:44:07,728 - ThreadPoolExecutor-0_0 - INFO - Page 236 saved with 0 properties
2026-01-21 03:44:07,729 - ThreadPoolExecutor-0_6 - WARNING - Page 231 has 0 properties
2026-01-21 03:44:07,729 - ThreadPoolExecutor-0_2 - INFO - Page 239 saved with 0 properties
2026-01-21 03:44:07,731 - MainThread - INFO - Page 236 completed (100 successful, 102 failed)
2026-01-21 03:44:07,733 - ThreadPoolExecutor-0_6 - INFO - Page 231 saved with 0 properties
2026-01-21 03:44:07,733 - MainThread - INFO - Page 239 completed (101 successful, 102 failed)
2026-01-21 03:44:07,734 - MainThread - INFO - Page 231 completed (102 successful, 102 failed)
2026-01-21 03:44:07,880 - ThreadPoolExecutor-0_10 - WARNING - Could not find <section id='main-content'> in page
2026-01-21 03:44:07,881 - ThreadPoolExecutor-0_10 - WARNING - Page 229 has 0 properties
2026-01-21 03:44:07,885 - ThreadPoolExecutor-0_10 - INFO - Page 229 saved with 0 properties
2026-01-21 03:44:07,890 - MainThread - INFO - Page 229 completed (103 successful, 102 failed)
2026-01-21 03:44:08,010 - ThreadPoolExecutor-0_4 - WARNING - Could not find <section id='main-content'> in page
2026-01-21 03:44:08,050 - ThreadPoolExecutor-0_4 - WARNING - Page 228 has 0 properties
2026-01-21 03:44:08,196 - ThreadPoolExecutor-0_7 - WARNING - Could not find <section id='main-content'> in page
2026-01-21 03:44:08,237 - ThreadPoolExecutor-0_7 - WARNING - Page 226 has 0 properties
2026-01-21 03:44:08,248 - ThreadPoolExecutor-0_5 - WARNING - Could not find <section id='main-content'> in page
2026-01-21 03:44:08,249 - ThreadPoolExecutor-0_4 - INFO - Page 228 saved with 0 properties
2026-01-21 03:44:08,250 - ThreadPoolExecutor-0_5 - WARNING - Page 225 has 0 properties
2026-01-21 03:44:08,253 - ThreadPoolExecutor-0_7 - INFO - Page 226 saved with 0 properties
2026-01-21 03:44:08,253 - MainThread - INFO - Page 228 completed (104 successful, 102 failed)
2026-01-21 03:44:08,262 - MainThread - INFO - Page 226 completed (105 successful, 102 failed)
2026-01-21 03:44:08,262 - ThreadPoolExecutor-0_5 - INFO - Page 225 saved with 0 properties
2026-01-21 03:44:08,287 - MainThread - INFO - Page 225 completed (106 successful, 102 failed)
2026-01-21 03:44:08,420 - ThreadPoolExecutor-0_15 - WARNING - Could not find <section id='main-content'> in page
2026-01-21 03:44:08,420 - ThreadPoolExecutor-0_15 - WARNING - Page 227 has 0 properties
2026-01-21 03:44:08,421 - ThreadPoolExecutor-0_15 - INFO - Page 227 saved with 0 properties
2026-01-21 03:44:08,424 - MainThread - INFO - Page 227 completed (107 successful, 102 failed)
2026-01-21 03:44:08,549 - ThreadPoolExecutor-0_12 - WARNING - Could not find <section id='main-content'> in page
2026-01-21 03:44:08,549 - ThreadPoolExecutor-0_12 - WARNING - Page 238 has 0 properties
2026-01-21 03:44:08,551 - ThreadPoolExecutor-0_12 - INFO - Page 238 saved with 0 properties
2026-01-21 03:44:08,552 - MainThread - INFO - Page 238 completed (108 successful, 102 failed)
2026-01-21 03:44:37,731 - MainThread - INFO - Starting scraper for 15203 pages with 20 threads
2026-01-21 03:44:37,977 - MainThread - INFO - Resuming from page 219
2026-01-21 03:44:38,046 - MainThread - INFO - Pages to scrape: 15086/15203
2026-01-21 03:44:38,081 - MainThread - INFO - Processing batch 1 with 20 pages
2026-01-21 03:44:38,158 - ThreadPoolExecutor-0_0 - INFO - Scraping page 10: https://www.fotocasa.es/es/comprar/viviendas/espana/todas-las-zonas/l/10
2026-01-21 03:44:38,180 - ThreadPoolExecutor-0_1 - INFO - Scraping page 32: https://www.fotocasa.es/es/comprar/viviendas/espana/todas-las-zonas/l/32
2026-01-21 03:44:38,226 - ThreadPoolExecutor-0_2 - INFO - Scraping page 33: https://www.fotocasa.es/es/comprar/viviendas/espana/todas-las-zonas/l/33
2026-01-21 03:44:38,276 - ThreadPoolExecutor-0_3 - INFO - Scraping page 35: https://www.fotocasa.es/es/comprar/viviendas/espana/todas-las-zonas/l/35
2026-01-21 03:44:38,334 - ThreadPoolExecutor-0_4 - INFO - Scraping page 38: https://www.fotocasa.es/es/comprar/viviendas/espana/todas-las-zonas/l/38
2026-01-21 03:44:38,342 - ThreadPoolExecutor-0_5 - INFO - Scraping page 40: https://www.fotocasa.es/es/comprar/viviendas/espana/todas-las-zonas/l/40
2026-01-21 03:44:38,378 - ThreadPoolExecutor-0_6 - INFO - Scraping page 42: https://www.fotocasa.es/es/comprar/viviendas/espana/todas-las-zonas/l/42
2026-01-21 03:44:38,415 - ThreadPoolExecutor-0_7 - INFO - Scraping page 44: https://www.fotocasa.es/es/comprar/viviendas/espana/todas-las-zonas/l/44
2026-01-21 03:44:38,480 - ThreadPoolExecutor-0_8 - INFO - Scraping page 50: https://www.fotocasa.es/es/comprar/viviendas/espana/todas-las-zonas/l/50
2026-01-21 03:44:38,536 - ThreadPoolExecutor-0_9 - INFO - Scraping page 51: https://www.fotocasa.es/es/comprar/viviendas/espana/todas-las-zonas/l/51
2026-01-21 03:44:38,552 - ThreadPoolExecutor-0_10 - INFO - Scraping page 52: https://www.fotocasa.es/es/comprar/viviendas/espana/todas-las-zonas/l/52
2026-01-21 03:44:38,600 - ThreadPoolExecutor-0_11 - INFO - Scraping page 53: https://www.fotocasa.es/es/comprar/viviendas/espana/todas-las-zonas/l/53
2026-01-21 03:44:38,618 - ThreadPoolExecutor-0_12 - INFO - Scraping page 54: https://www.fotocasa.es/es/comprar/viviendas/espana/todas-las-zonas/l/54
2026-01-21 03:44:38,713 - ThreadPoolExecutor-0_13 - INFO - Scraping page 55: https://www.fotocasa.es/es/comprar/viviendas/espana/todas-las-zonas/l/55
2026-01-21 03:44:38,764 - ThreadPoolExecutor-0_14 - INFO - Scraping page 58: https://www.fotocasa.es/es/comprar/viviendas/espana/todas-las-zonas/l/58
2026-01-21 03:44:38,858 - ThreadPoolExecutor-0_15 - INFO - Scraping page 60: https://www.fotocasa.es/es/comprar/viviendas/espana/todas-las-zonas/l/60
2026-01-21 03:44:38,875 - ThreadPoolExecutor-0_16 - INFO - Scraping page 61: https://www.fotocasa.es/es/comprar/viviendas/espana/todas-las-zonas/l/61
2026-01-21 03:44:38,887 - ThreadPoolExecutor-0_17 - INFO - Scraping page 62: https://www.fotocasa.es/es/comprar/viviendas/espana/todas-las-zonas/l/62
2026-01-21 03:44:38,951 - ThreadPoolExecutor-0_18 - INFO - Scraping page 64: https://www.fotocasa.es/es/comprar/viviendas/espana/todas-las-zonas/l/64
2026-01-21 03:44:39,051 - ThreadPoolExecutor-0_19 - INFO - Scraping page 66: https://www.fotocasa.es/es/comprar/viviendas/espana/todas-las-zonas/l/66
2026-01-21 03:44:39,820 - ThreadPoolExecutor-0_9 - INFO - Extracted 4 properties from page
2026-01-21 03:44:39,823 - ThreadPoolExecutor-0_9 - INFO - Page 51 saved with 4 properties
2026-01-21 03:44:39,824 - MainThread - INFO - Page 51 completed (1 successful, 0 failed)
2026-01-21 03:44:40,024 - ThreadPoolExecutor-0_5 - INFO - Extracted 4 properties from page
2026-01-21 03:44:40,025 - ThreadPoolExecutor-0_5 - INFO - Page 40 saved with 4 properties
2026-01-21 03:44:40,026 - MainThread - INFO - Page 40 completed (2 successful, 0 failed)
2026-01-21 03:44:40,178 - ThreadPoolExecutor-0_13 - INFO - Extracted 4 properties from page
2026-01-21 03:44:40,179 - ThreadPoolExecutor-0_13 - INFO - Page 55 saved with 4 properties
2026-01-21 03:44:40,180 - MainThread - INFO - Page 55 completed (3 successful, 0 failed)
2026-01-21 03:44:41,221 - ThreadPoolExecutor-0_16 - INFO - Extracted 4 properties from page
2026-01-21 03:44:41,382 - ThreadPoolExecutor-0_16 - INFO - Page 61 saved with 4 properties
2026-01-21 03:44:41,384 - ThreadPoolExecutor-0_15 - INFO - Extracted 4 properties from page
2026-01-21 03:44:41,481 - ThreadPoolExecutor-0_8 - INFO - Extracted 4 properties from page
2026-01-21 03:44:41,531 - ThreadPoolExecutor-0_12 - INFO - Extracted 4 properties from page
2026-01-21 03:44:41,536 - ThreadPoolExecutor-0_19 - INFO - Extracted 4 properties from page
2026-01-21 03:44:41,537 - ThreadPoolExecutor-0_17 - INFO - Extracted 4 properties from page
2026-01-21 03:44:41,538 - MainThread - INFO - Page 61 completed (4 successful, 0 failed)
2026-01-21 03:44:41,548 - ThreadPoolExecutor-0_11 - INFO - Extracted 4 properties from page
2026-01-21 03:44:41,548 - ThreadPoolExecutor-0_4 - INFO - Extracted 4 properties from page
2026-01-21 03:44:41,551 - ThreadPoolExecutor-0_12 - INFO - Page 54 saved with 4 properties
2026-01-21 03:44:41,551 - ThreadPoolExecutor-0_8 - INFO - Page 50 saved with 4 properties
2026-01-21 03:44:41,552 - ThreadPoolExecutor-0_17 - INFO - Page 62 saved with 4 properties
2026-01-21 03:44:41,552 - ThreadPoolExecutor-0_15 - INFO - Page 60 saved with 4 properties
2026-01-21 03:44:41,552 - ThreadPoolExecutor-0_19 - INFO - Page 66 saved with 4 properties
2026-01-21 03:44:41,553 - MainThread - INFO - Page 54 completed (5 successful, 0 failed)
2026-01-21 03:44:41,554 - ThreadPoolExecutor-0_11 - INFO - Page 53 saved with 4 properties
2026-01-21 03:44:41,555 - ThreadPoolExecutor-0_4 - INFO - Page 38 saved with 4 properties
2026-01-21 03:44:41,559 - MainThread - INFO - Page 50 completed (6 successful, 0 failed)
2026-01-21 03:44:41,562 - MainThread - INFO - Page 62 completed (7 successful, 0 failed)
2026-01-21 03:44:41,562 - MainThread - INFO - Page 60 completed (8 successful, 0 failed)
2026-01-21 03:44:41,563 - MainThread - INFO - Page 66 completed (9 successful, 0 failed)
2026-01-21 03:44:41,563 - MainThread - INFO - Page 53 completed (10 successful, 0 failed)
2026-01-21 03:44:41,563 - MainThread - INFO - Page 38 completed (11 successful, 0 failed)
2026-01-21 03:44:57,893 - ThreadPoolExecutor-0_0 - ERROR - Page 10 failed: Failed to perform, curl: (56) Recv failure: Connection was reset. See https://curl.se/libcurl/c/libcurl-errors.html first for more details.
2026-01-21 03:44:57,894 - MainThread - ERROR - Page 10 failed: Failed to perform, curl: (56) Recv failure: Connection was reset. See https://curl.se/libcurl/c/libcurl-errors.html first for more details.
2026-01-21 03:44:57,930 - ThreadPoolExecutor-0_2 - ERROR - Page 33 failed: Failed to perform, curl: (56) Recv failure: Connection was reset. See https://curl.se/libcurl/c/libcurl-errors.html first for more details.
2026-01-21 03:44:57,931 - ThreadPoolExecutor-0_1 - ERROR - Page 32 failed: Failed to perform, curl: (56) Recv failure: Connection was reset. See https://curl.se/libcurl/c/libcurl-errors.html first for more details.
2026-01-21 03:44:57,932 - MainThread - ERROR - Page 33 failed: Failed to perform, curl: (56) Recv failure: Connection was reset. See https://curl.se/libcurl/c/libcurl-errors.html first for more details.
2026-01-21 03:44:57,933 - MainThread - ERROR - Page 32 failed: Failed to perform, curl: (56) Recv failure: Connection was reset. See https://curl.se/libcurl/c/libcurl-errors.html first for more details.
2026-01-21 03:44:57,947 - ThreadPoolExecutor-0_3 - ERROR - Page 35 failed: Failed to perform, curl: (56) Recv failure: Connection was reset. See https://curl.se/libcurl/c/libcurl-errors.html first for more details.
2026-01-21 03:44:57,947 - MainThread - ERROR - Page 35 failed: Failed to perform, curl: (56) Recv failure: Connection was reset. See https://curl.se/libcurl/c/libcurl-errors.html first for more details.
2026-01-21 03:44:58,115 - ThreadPoolExecutor-0_6 - ERROR - Page 42 failed: Failed to perform, curl: (56) Recv failure: Connection was reset. See https://curl.se/libcurl/c/libcurl-errors.html first for more details.
2026-01-21 03:44:58,117 - MainThread - ERROR - Page 42 failed: Failed to perform, curl: (56) Recv failure: Connection was reset. See https://curl.se/libcurl/c/libcurl-errors.html first for more details.
2026-01-21 03:44:58,131 - ThreadPoolExecutor-0_7 - ERROR - Page 44 failed: Failed to perform, curl: (56) Recv failure: Connection was reset. See https://curl.se/libcurl/c/libcurl-errors.html first for more details.
2026-01-21 03:44:58,131 - ThreadPoolExecutor-0_10 - ERROR - Page 52 failed: Failed to perform, curl: (56) Recv failure: Connection was reset. See https://curl.se/libcurl/c/libcurl-errors.html first for more details.
2026-01-21 03:44:58,132 - MainThread - ERROR - Page 44 failed: Failed to perform, curl: (56) Recv failure: Connection was reset. See https://curl.se/libcurl/c/libcurl-errors.html first for more details.
2026-01-21 03:44:58,133 - MainThread - ERROR - Page 52 failed: Failed to perform, curl: (56) Recv failure: Connection was reset. See https://curl.se/libcurl/c/libcurl-errors.html first for more details.
2026-01-21 03:44:58,499 - ThreadPoolExecutor-0_14 - ERROR - Page 58 failed: Failed to perform, curl: (56) Recv failure: Connection was reset. See https://curl.se/libcurl/c/libcurl-errors.html first for more details.
2026-01-21 03:44:58,499 - MainThread - ERROR - Page 58 failed: Failed to perform, curl: (56) Recv failure: Connection was reset. See https://curl.se/libcurl/c/libcurl-errors.html first for more details.
2026-01-21 03:44:58,607 - ThreadPoolExecutor-0_18 - ERROR - Page 64 failed: Failed to perform, curl: (56) Recv failure: Connection was reset. See https://curl.se/libcurl/c/libcurl-errors.html first for more details.
2026-01-21 03:44:58,607 - MainThread - ERROR - Page 64 failed: Failed to perform, curl: (56) Recv failure: Connection was reset. See https://curl.se/libcurl/c/libcurl-errors.html first for more details.
2026-01-21 03:44:58,608 - MainThread - INFO - Waiting 3 seconds before next batch...
2026-01-21 03:45:01,609 - MainThread - INFO - Processing batch 2 with 20 pages
2026-01-21 03:45:01,610 - ThreadPoolExecutor-0_5 - INFO - Scraping page 69: https://www.fotocasa.es/es/comprar/viviendas/espana/todas-las-zonas/l/69
2026-01-21 03:45:01,610 - ThreadPoolExecutor-0_9 - INFO - Scraping page 68: https://www.fotocasa.es/es/comprar/viviendas/espana/todas-las-zonas/l/68
2026-01-21 03:45:01,610 - ThreadPoolExecutor-0_16 - INFO - Scraping page 71: https://www.fotocasa.es/es/comprar/viviendas/espana/todas-las-zonas/l/71
2026-01-21 03:45:01,611 - ThreadPoolExecutor-0_13 - INFO - Scraping page 70: https://www.fotocasa.es/es/comprar/viviendas/espana/todas-las-zonas/l/70
2026-01-21 03:45:01,612 - ThreadPoolExecutor-0_12 - INFO - Scraping page 73: https://www.fotocasa.es/es/comprar/viviendas/espana/todas-las-zonas/l/73
2026-01-21 03:45:01,612 - ThreadPoolExecutor-0_8 - INFO - Scraping page 80: https://www.fotocasa.es/es/comprar/viviendas/espana/todas-las-zonas/l/80
2026-01-21 03:45:01,613 - ThreadPoolExecutor-0_17 - INFO - Scraping page 81: https://www.fotocasa.es/es/comprar/viviendas/espana/todas-las-zonas/l/81
2026-01-21 03:45:01,613 - ThreadPoolExecutor-0_15 - INFO - Scraping page 82: https://www.fotocasa.es/es/comprar/viviendas/espana/todas-las-zonas/l/82
2026-01-21 03:45:01,614 - ThreadPoolExecutor-0_19 - INFO - Scraping page 83: https://www.fotocasa.es/es/comprar/viviendas/espana/todas-las-zonas/l/83
2026-01-21 03:45:01,614 - ThreadPoolExecutor-0_11 - INFO - Scraping page 84: https://www.fotocasa.es/es/comprar/viviendas/espana/todas-las-zonas/l/84
2026-01-21 03:45:01,615 - ThreadPoolExecutor-0_4 - INFO - Scraping page 87: https://www.fotocasa.es/es/comprar/viviendas/espana/todas-las-zonas/l/87
2026-01-21 03:45:01,616 - ThreadPoolExecutor-0_0 - INFO - Scraping page 90: https://www.fotocasa.es/es/comprar/viviendas/espana/todas-las-zonas/l/90
2026-01-21 03:45:01,617 - ThreadPoolExecutor-0_1 - INFO - Scraping page 94: https://www.fotocasa.es/es/comprar/viviendas/espana/todas-las-zonas/l/94
2026-01-21 03:45:01,617 - ThreadPoolExecutor-0_3 - INFO - Scraping page 97: https://www.fotocasa.es/es/comprar/viviendas/espana/todas-las-zonas/l/97
2026-01-21 03:45:01,617 - ThreadPoolExecutor-0_2 - INFO - Scraping page 92: https://www.fotocasa.es/es/comprar/viviendas/espana/todas-las-zonas/l/92
2026-01-21 03:45:01,618 - ThreadPoolExecutor-0_6 - INFO - Scraping page 98: https://www.fotocasa.es/es/comprar/viviendas/espana/todas-las-zonas/l/98
2026-01-21 03:45:01,618 - ThreadPoolExecutor-0_7 - INFO - Scraping page 102: https://www.fotocasa.es/es/comprar/viviendas/espana/todas-las-zonas/l/102
2026-01-21 03:45:01,619 - ThreadPoolExecutor-0_10 - INFO - Scraping page 104: https://www.fotocasa.es/es/comprar/viviendas/espana/todas-las-zonas/l/104
2026-01-21 03:45:01,619 - ThreadPoolExecutor-0_14 - INFO - Scraping page 106: https://www.fotocasa.es/es/comprar/viviendas/espana/todas-las-zonas/l/106
2026-01-21 03:45:01,621 - ThreadPoolExecutor-0_18 - INFO - Scraping page 109: https://www.fotocasa.es/es/comprar/viviendas/espana/todas-las-zonas/l/109
2026-01-21 03:45:03,101 - ThreadPoolExecutor-0_19 - INFO - Extracted 4 properties from page
2026-01-21 03:45:03,159 - ThreadPoolExecutor-0_19 - INFO - Page 83 saved with 4 properties
2026-01-21 03:45:03,165 - MainThread - INFO - Page 83 completed (12 successful, 9 failed)
2026-01-21 03:45:03,560 - ThreadPoolExecutor-0_16 - INFO - Extracted 4 properties from page
2026-01-21 03:45:03,569 - ThreadPoolExecutor-0_16 - INFO - Page 71 saved with 4 properties
2026-01-21 03:45:03,573 - MainThread - INFO - Page 71 completed (13 successful, 9 failed)
2026-01-21 03:45:03,575 - ThreadPoolExecutor-0_15 - INFO - Extracted 4 properties from page
2026-01-21 03:45:03,575 - ThreadPoolExecutor-0_4 - INFO - Extracted 4 properties from page
2026-01-21 03:45:03,576 - ThreadPoolExecutor-0_9 - INFO - Extracted 4 properties from page
2026-01-21 03:45:03,578 - ThreadPoolExecutor-0_15 - INFO - Page 82 saved with 4 properties
2026-01-21 03:45:03,578 - ThreadPoolExecutor-0_4 - INFO - Page 87 saved with 4 properties
2026-01-21 03:45:03,578 - ThreadPoolExecutor-0_9 - INFO - Page 68 saved with 4 properties
2026-01-21 03:45:03,579 - MainThread - INFO - Page 82 completed (14 successful, 9 failed)
2026-01-21 03:45:03,582 - MainThread - INFO - Page 87 completed (15 successful, 9 failed)
2026-01-21 03:45:03,582 - MainThread - INFO - Page 68 completed (16 successful, 9 failed)
2026-01-21 03:45:03,721 - ThreadPoolExecutor-0_17 - INFO - Extracted 4 properties from page
2026-01-21 03:45:03,738 - ThreadPoolExecutor-0_17 - INFO - Page 81 saved with 4 properties
2026-01-21 03:45:03,754 - MainThread - INFO - Page 81 completed (17 successful, 9 failed)
2026-01-21 03:45:03,852 - ThreadPoolExecutor-0_13 - INFO - Extracted 4 properties from page
2026-01-21 03:45:03,853 - ThreadPoolExecutor-0_13 - INFO - Page 70 saved with 4 properties
2026-01-21 03:45:03,854 - MainThread - INFO - Page 70 completed (18 successful, 9 failed)
2026-01-21 03:45:05,602 - ThreadPoolExecutor-0_1 - INFO - Extracted 4 properties from page
2026-01-21 03:45:05,603 - ThreadPoolExecutor-0_1 - INFO - Page 94 saved with 4 properties
2026-01-21 03:45:05,604 - MainThread - INFO - Page 94 completed (19 successful, 9 failed)
2026-01-21 03:45:06,048 - ThreadPoolExecutor-0_7 - INFO - Extracted 4 properties from page
2026-01-21 03:45:06,049 - ThreadPoolExecutor-0_7 - INFO - Page 102 saved with 4 properties
2026-01-21 03:45:06,050 - MainThread - INFO - Page 102 completed (20 successful, 9 failed)
2026-01-21 03:45:21,004 - ThreadPoolExecutor-0_5 - ERROR - Page 69 failed: Failed to perform, curl: (56) Recv failure: Connection was reset. See https://curl.se/libcurl/c/libcurl-errors.html first for more details.
2026-01-21 03:45:21,004 - ThreadPoolExecutor-0_12 - ERROR - Page 73 failed: Failed to perform, curl: (56) Recv failure: Connection was reset. See https://curl.se/libcurl/c/libcurl-errors.html first for more details.
2026-01-21 03:45:21,006 - MainThread - ERROR - Page 69 failed: Failed to perform, curl: (56) Recv failure: Connection was reset. See https://curl.se/libcurl/c/libcurl-errors.html first for more details.
2026-01-21 03:45:21,006 - MainThread - ERROR - Page 73 failed: Failed to perform, curl: (56) Recv failure: Connection was reset. See https://curl.se/libcurl/c/libcurl-errors.html first for more details.
2026-01-21 03:45:21,019 - ThreadPoolExecutor-0_8 - ERROR - Page 80 failed: Failed to perform, curl: (56) Recv failure: Connection was reset. See https://curl.se/libcurl/c/libcurl-errors.html first for more details.
2026-01-21 03:45:21,020 - ThreadPoolExecutor-0_11 - ERROR - Page 84 failed: Failed to perform, curl: (56) Recv failure: Connection was reset. See https://curl.se/libcurl/c/libcurl-errors.html first for more details.
2026-01-21 03:45:21,020 - ThreadPoolExecutor-0_0 - ERROR - Page 90 failed: Failed to perform, curl: (56) Recv failure: Connection was reset. See https://curl.se/libcurl/c/libcurl-errors.html first for more details.
2026-01-21 03:45:21,021 - MainThread - ERROR - Page 80 failed: Failed to perform, curl: (56) Recv failure: Connection was reset. See https://curl.se/libcurl/c/libcurl-errors.html first for more details.
2026-01-21 03:45:21,022 - MainThread - ERROR - Page 84 failed: Failed to perform, curl: (56) Recv failure: Connection was reset. See https://curl.se/libcurl/c/libcurl-errors.html first for more details.
2026-01-21 03:45:21,022 - MainThread - ERROR - Page 90 failed: Failed to perform, curl: (56) Recv failure: Connection was reset. See https://curl.se/libcurl/c/libcurl-errors.html first for more details.
2026-01-21 03:45:21,034 - ThreadPoolExecutor-0_2 - ERROR - Page 92 failed: Failed to perform, curl: (56) Recv failure: Connection was reset. See https://curl.se/libcurl/c/libcurl-errors.html first for more details.
2026-01-21 03:45:21,035 - MainThread - ERROR - Page 92 failed: Failed to perform, curl: (56) Recv failure: Connection was reset. See https://curl.se/libcurl/c/libcurl-errors.html first for more details.
2026-01-21 03:45:21,050 - ThreadPoolExecutor-0_6 - ERROR - Page 98 failed: Failed to perform, curl: (56) Recv failure: Connection was reset. See https://curl.se/libcurl/c/libcurl-errors.html first for more details.
2026-01-21 03:45:21,051 - MainThread - ERROR - Page 98 failed: Failed to perform, curl: (56) Recv failure: Connection was reset. See https://curl.se/libcurl/c/libcurl-errors.html first for more details.
2026-01-21 03:45:21,065 - ThreadPoolExecutor-0_10 - ERROR - Page 104 failed: Failed to perform, curl: (56) Recv failure: Connection was reset. See https://curl.se/libcurl/c/libcurl-errors.html first for more details.
2026-01-21 03:45:21,066 - ThreadPoolExecutor-0_14 - ERROR - Page 106 failed: Failed to perform, curl: (56) Recv failure: Connection was reset. See https://curl.se/libcurl/c/libcurl-errors.html first for more details.
2026-01-21 03:45:21,067 - MainThread - ERROR - Page 104 failed: Failed to perform, curl: (56) Recv failure: Connection was reset. See https://curl.se/libcurl/c/libcurl-errors.html first for more details.
2026-01-21 03:45:21,068 - MainThread - ERROR - Page 106 failed: Failed to perform, curl: (56) Recv failure: Connection was reset. See https://curl.se/libcurl/c/libcurl-errors.html first for more details.
2026-01-21 03:45:21,096 - ThreadPoolExecutor-0_3 - ERROR - Page 97 failed: Failed to perform, curl: (56) Recv failure: Connection was reset. See https://curl.se/libcurl/c/libcurl-errors.html first for more details.
2026-01-21 03:45:21,096 - ThreadPoolExecutor-0_18 - ERROR - Page 109 failed: Failed to perform, curl: (56) Recv failure: Connection was reset. See https://curl.se/libcurl/c/libcurl-errors.html first for more details.
2026-01-21 03:45:21,097 - MainThread - ERROR - Page 97 failed: Failed to perform, curl: (56) Recv failure: Connection was reset. See https://curl.se/libcurl/c/libcurl-errors.html first for more details.
2026-01-21 03:45:21,097 - MainThread - ERROR - Page 109 failed: Failed to perform, curl: (56) Recv failure: Connection was reset. See https://curl.se/libcurl/c/libcurl-errors.html first for more details.
2026-01-21 03:45:21,098 - MainThread - INFO - Waiting 3 seconds before next batch...
2026-01-21 03:45:24,100 - MainThread - INFO - Processing batch 3 with 20 pages
2026-01-21 03:45:24,101 - ThreadPoolExecutor-0_19 - INFO - Scraping page 110: https://www.fotocasa.es/es/comprar/viviendas/espana/todas-las-zonas/l/110
2026-01-21 03:45:24,101 - ThreadPoolExecutor-0_15 - INFO - Scraping page 116: https://www.fotocasa.es/es/comprar/viviendas/espana/todas-las-zonas/l/116
2026-01-21 03:45:24,101 - ThreadPoolExecutor-0_16 - INFO - Scraping page 113: https://www.fotocasa.es/es/comprar/viviendas/espana/todas-las-zonas/l/113
2026-01-21 03:45:24,102 - ThreadPoolExecutor-0_4 - INFO - Scraping page 117: https://www.fotocasa.es/es/comprar/viviendas/espana/todas-las-zonas/l/117
2026-01-21 03:45:24,102 - ThreadPoolExecutor-0_9 - INFO - Scraping page 118: https://www.fotocasa.es/es/comprar/viviendas/espana/todas-las-zonas/l/118
2026-01-21 03:45:24,102 - ThreadPoolExecutor-0_13 - INFO - Scraping page 122: https://www.fotocasa.es/es/comprar/viviendas/espana/todas-las-zonas/l/122
2026-01-21 03:45:24,103 - ThreadPoolExecutor-0_17 - INFO - Scraping page 120: https://www.fotocasa.es/es/comprar/viviendas/espana/todas-las-zonas/l/120
2026-01-21 03:45:24,114 - ThreadPoolExecutor-0_6 - INFO - Scraping page 134: https://www.fotocasa.es/es/comprar/viviendas/espana/todas-las-zonas/l/134
2026-01-21 03:45:24,103 - ThreadPoolExecutor-0_1 - INFO - Scraping page 123: https://www.fotocasa.es/es/comprar/viviendas/espana/todas-las-zonas/l/123
2026-01-21 03:45:24,105 - ThreadPoolExecutor-0_7 - INFO - Scraping page 124: https://www.fotocasa.es/es/comprar/viviendas/espana/todas-las-zonas/l/124
2026-01-21 03:45:24,115 - ThreadPoolExecutor-0_3 - INFO - Scraping page 137: https://www.fotocasa.es/es/comprar/viviendas/espana/todas-las-zonas/l/137
2026-01-21 03:45:24,107 - ThreadPoolExecutor-0_5 - INFO - Scraping page 125: https://www.fotocasa.es/es/comprar/viviendas/espana/todas-las-zonas/l/125
2026-01-21 03:45:24,109 - ThreadPoolExecutor-0_11 - INFO - Scraping page 131: https://www.fotocasa.es/es/comprar/viviendas/espana/todas-las-zonas/l/131
2026-01-21 03:45:24,109 - ThreadPoolExecutor-0_0 - INFO - Scraping page 132: https://www.fotocasa.es/es/comprar/viviendas/espana/todas-las-zonas/l/132
2026-01-21 03:45:24,112 - ThreadPoolExecutor-0_2 - INFO - Scraping page 133: https://www.fotocasa.es/es/comprar/viviendas/espana/todas-las-zonas/l/133
2026-01-21 03:45:24,107 - ThreadPoolExecutor-0_8 - INFO - Scraping page 130: https://www.fotocasa.es/es/comprar/viviendas/espana/todas-las-zonas/l/130
2026-01-21 03:45:24,114 - ThreadPoolExecutor-0_10 - INFO - Scraping page 135: https://www.fotocasa.es/es/comprar/viviendas/espana/todas-las-zonas/l/135
2026-01-21 03:45:24,115 - ThreadPoolExecutor-0_14 - INFO - Scraping page 136: https://www.fotocasa.es/es/comprar/viviendas/espana/todas-las-zonas/l/136
2026-01-21 03:45:24,109 - ThreadPoolExecutor-0_12 - INFO - Scraping page 127: https://www.fotocasa.es/es/comprar/viviendas/espana/todas-las-zonas/l/127
2026-01-21 03:45:24,116 - ThreadPoolExecutor-0_18 - INFO - Scraping page 138: https://www.fotocasa.es/es/comprar/viviendas/espana/todas-las-zonas/l/138
2026-01-21 03:45:25,412 - ThreadPoolExecutor-0_18 - INFO - Extracted 4 properties from page
2026-01-21 03:45:25,413 - ThreadPoolExecutor-0_18 - INFO - Page 138 saved with 4 properties
2026-01-21 03:45:25,415 - MainThread - INFO - Page 138 completed (21 successful, 20 failed)
2026-01-21 03:45:25,892 - ThreadPoolExecutor-0_10 - INFO - Extracted 4 properties from page
2026-01-21 03:45:25,893 - ThreadPoolExecutor-0_19 - INFO - Extracted 4 properties from page
2026-01-21 03:45:25,895 - ThreadPoolExecutor-0_10 - INFO - Page 135 saved with 4 properties
2026-01-21 03:45:25,897 - MainThread - INFO - Page 135 completed (22 successful, 20 failed)
2026-01-21 03:45:25,897 - ThreadPoolExecutor-0_19 - INFO - Page 110 saved with 4 properties
2026-01-21 03:45:25,901 - MainThread - INFO - Page 110 completed (23 successful, 20 failed)
2026-01-21 03:45:26,213 - ThreadPoolExecutor-0_3 - INFO - Extracted 4 properties from page
2026-01-21 03:45:26,501 - ThreadPoolExecutor-0_3 - INFO - Page 137 saved with 4 properties
2026-01-21 03:45:26,613 - ThreadPoolExecutor-0_8 - INFO - Extracted 4 properties from page
2026-01-21 03:45:26,616 - MainThread - INFO - Page 137 completed (24 successful, 20 failed)
2026-01-21 03:45:26,727 - ThreadPoolExecutor-0_2 - INFO - Extracted 4 properties from page
2026-01-21 03:45:26,728 - ThreadPoolExecutor-0_8 - INFO - Page 130 saved with 4 properties
2026-01-21 03:45:26,748 - ThreadPoolExecutor-0_1 - INFO - Extracted 4 properties from page
2026-01-21 03:45:26,850 - ThreadPoolExecutor-0_12 - INFO - Extracted 4 properties from page
2026-01-21 03:45:26,851 - ThreadPoolExecutor-0_9 - INFO - Extracted 4 properties from page
2026-01-21 03:45:26,852 - ThreadPoolExecutor-0_14 - INFO - Extracted 4 properties from page
2026-01-21 03:45:26,853 - ThreadPoolExecutor-0_2 - INFO - Page 133 saved with 4 properties
2026-01-21 03:45:26,854 - MainThread - INFO - Page 130 completed (25 successful, 20 failed)
2026-01-21 03:45:26,856 - ThreadPoolExecutor-0_1 - INFO - Page 123 saved with 4 properties
2026-01-21 03:45:26,856 - ThreadPoolExecutor-0_12 - INFO - Page 127 saved with 4 properties
2026-01-21 03:45:26,858 - ThreadPoolExecutor-0_9 - INFO - Page 118 saved with 4 properties
2026-01-21 03:45:26,861 - ThreadPoolExecutor-0_4 - INFO - Extracted 4 properties from page
2026-01-21 03:45:26,862 - MainThread - INFO - Page 123 completed (26 successful, 20 failed)
2026-01-21 03:45:26,865 - ThreadPoolExecutor-0_14 - INFO - Page 136 saved with 4 properties
2026-01-21 03:45:26,866 - MainThread - INFO - Page 133 completed (27 successful, 20 failed)
2026-01-21 03:45:26,866 - ThreadPoolExecutor-0_4 - INFO - Page 117 saved with 4 properties
2026-01-21 03:45:26,867 - MainThread - INFO - Page 127 completed (28 successful, 20 failed)
2026-01-21 03:45:26,867 - MainThread - INFO - Page 118 completed (29 successful, 20 failed)
2026-01-21 03:45:26,870 - MainThread - INFO - Page 136 completed (30 successful, 20 failed)
2026-01-21 03:45:26,870 - MainThread - INFO - Page 117 completed (31 successful, 20 failed)
2026-01-21 03:45:43,537 - ThreadPoolExecutor-0_5 - ERROR - Page 125 failed: Failed to perform, curl: (56) Recv failure: Connection was reset. See https://curl.se/libcurl/c/libcurl-errors.html first for more details.
2026-01-21 03:45:43,538 - ThreadPoolExecutor-0_16 - ERROR - Page 113 failed: Failed to perform, curl: (56) Recv failure: Connection was reset. See https://curl.se/libcurl/c/libcurl-errors.html first for more details.
2026-01-21 03:45:43,552 - ThreadPoolExecutor-0_11 - ERROR - Page 131 failed: Failed to perform, curl: (56) Recv failure: Connection was reset. See https://curl.se/libcurl/c/libcurl-errors.html first for more details.
2026-01-21 03:45:43,581 - MainThread - ERROR - Page 125 failed: Failed to perform, curl: (56) Recv failure: Connection was reset. See https://curl.se/libcurl/c/libcurl-errors.html first for more details.
2026-01-21 03:45:43,596 - ThreadPoolExecutor-0_15 - ERROR - Page 116 failed: Failed to perform, curl: (56) Recv failure: Connection was reset. See https://curl.se/libcurl/c/libcurl-errors.html first for more details.
2026-01-21 03:45:43,597 - ThreadPoolExecutor-0_13 - ERROR - Page 122 failed: Failed to perform, curl: (56) Recv failure: Connection was reset. See https://curl.se/libcurl/c/libcurl-errors.html first for more details.
2026-01-21 03:45:43,599 - ThreadPoolExecutor-0_17 - ERROR - Page 120 failed: Failed to perform, curl: (56) Recv failure: Connection was reset. See https://curl.se/libcurl/c/libcurl-errors.html first for more details.
2026-01-21 03:45:43,599 - ThreadPoolExecutor-0_7 - ERROR - Page 124 failed: Failed to perform, curl: (56) Recv failure: Connection was reset. See https://curl.se/libcurl/c/libcurl-errors.html first for more details.
2026-01-21 03:45:43,611 - ThreadPoolExecutor-0_6 - ERROR - Page 134 failed: Failed to perform, curl: (56) Recv failure: Connection was reset. See https://curl.se/libcurl/c/libcurl-errors.html first for more details.
2026-01-21 03:45:43,736 - ThreadPoolExecutor-0_0 - ERROR - Page 132 failed: Failed to perform, curl: (56) Recv failure: Connection was reset. See https://curl.se/libcurl/c/libcurl-errors.html first for more details.
2026-01-21 03:45:43,889 - MainThread - ERROR - Page 113 failed: Failed to perform, curl: (56) Recv failure: Connection was reset. See https://curl.se/libcurl/c/libcurl-errors.html first for more details.
2026-01-21 03:45:44,021 - MainThread - ERROR - Page 131 failed: Failed to perform, curl: (56) Recv failure: Connection was reset. See https://curl.se/libcurl/c/libcurl-errors.html first for more details.
2026-01-21 03:45:44,108 - MainThread - ERROR - Page 116 failed: Failed to perform, curl: (56) Recv failure: Connection was reset. See https://curl.se/libcurl/c/libcurl-errors.html first for more details.
2026-01-21 03:45:44,174 - MainThread - ERROR - Page 122 failed: Failed to perform, curl: (56) Recv failure: Connection was reset. See https://curl.se/libcurl/c/libcurl-errors.html first for more details.
2026-01-21 03:45:44,235 - MainThread - ERROR - Page 124 failed: Failed to perform, curl: (56) Recv failure: Connection was reset. See https://curl.se/libcurl/c/libcurl-errors.html first for more details.
2026-01-21 03:45:44,240 - MainThread - ERROR - Page 132 failed: Failed to perform, curl: (56) Recv failure: Connection was reset. See https://curl.se/libcurl/c/libcurl-errors.html first for more details.
2026-01-21 03:45:44,300 - MainThread - ERROR - Page 120 failed: Failed to perform, curl: (56) Recv failure: Connection was reset. See https://curl.se/libcurl/c/libcurl-errors.html first for more details.
2026-01-21 03:45:44,313 - MainThread - ERROR - Page 134 failed: Failed to perform, curl: (56) Recv failure: Connection was reset. See https://curl.se/libcurl/c/libcurl-errors.html first for more details.
2026-01-21 03:45:44,490 - MainThread - INFO - Waiting 3 seconds before next batch...
2026-01-21 03:45:47,977 - MainThread - INFO - Processing batch 4 with 20 pages
2026-01-21 03:45:48,271 - ThreadPoolExecutor-0_18 - INFO - Scraping page 139: https://www.fotocasa.es/es/comprar/viviendas/espana/todas-las-zonas/l/139
2026-01-21 03:45:48,271 - ThreadPoolExecutor-0_10 - INFO - Scraping page 140: https://www.fotocasa.es/es/comprar/viviendas/espana/todas-las-zonas/l/140
2026-01-21 03:45:48,272 - ThreadPoolExecutor-0_8 - INFO - Scraping page 144: https://www.fotocasa.es/es/comprar/viviendas/espana/todas-las-zonas/l/144
2026-01-21 03:45:48,272 - ThreadPoolExecutor-0_3 - INFO - Scraping page 143: https://www.fotocasa.es/es/comprar/viviendas/espana/todas-las-zonas/l/143
2026-01-21 03:45:48,272 - ThreadPoolExecutor-0_19 - INFO - Scraping page 141: https://www.fotocasa.es/es/comprar/viviendas/espana/todas-las-zonas/l/141
2026-01-21 03:45:48,272 - ThreadPoolExecutor-0_1 - INFO - Scraping page 145: https://www.fotocasa.es/es/comprar/viviendas/espana/todas-las-zonas/l/145
2026-01-21 03:45:48,272 - ThreadPoolExecutor-0_2 - INFO - Scraping page 153: https://www.fotocasa.es/es/comprar/viviendas/espana/todas-las-zonas/l/153
2026-01-21 03:45:48,273 - ThreadPoolExecutor-0_12 - INFO - Scraping page 154: https://www.fotocasa.es/es/comprar/viviendas/espana/todas-las-zonas/l/154
2026-01-21 03:45:48,273 - ThreadPoolExecutor-0_9 - INFO - Scraping page 155: https://www.fotocasa.es/es/comprar/viviendas/espana/todas-las-zonas/l/155
2026-01-21 03:45:48,273 - ThreadPoolExecutor-0_14 - INFO - Scraping page 156: https://www.fotocasa.es/es/comprar/viviendas/espana/todas-las-zonas/l/156
2026-01-21 03:45:48,273 - ThreadPoolExecutor-0_4 - INFO - Scraping page 159: https://www.fotocasa.es/es/comprar/viviendas/espana/todas-las-zonas/l/159
2026-01-21 03:45:48,274 - ThreadPoolExecutor-0_11 - INFO - Scraping page 163: https://www.fotocasa.es/es/comprar/viviendas/espana/todas-las-zonas/l/163
2026-01-21 03:45:48,274 - ThreadPoolExecutor-0_5 - INFO - Scraping page 161: https://www.fotocasa.es/es/comprar/viviendas/espana/todas-las-zonas/l/161
2026-01-21 03:45:48,274 - ThreadPoolExecutor-0_16 - INFO - Scraping page 162: https://www.fotocasa.es/es/comprar/viviendas/espana/todas-las-zonas/l/162
2026-01-21 03:45:48,274 - ThreadPoolExecutor-0_15 - INFO - Scraping page 165: https://www.fotocasa.es/es/comprar/viviendas/espana/todas-las-zonas/l/165
2026-01-21 03:45:48,274 - ThreadPoolExecutor-0_13 - INFO - Scraping page 166: https://www.fotocasa.es/es/comprar/viviendas/espana/todas-las-zonas/l/166
2026-01-21 03:45:48,274 - ThreadPoolExecutor-0_7 - INFO - Scraping page 170: https://www.fotocasa.es/es/comprar/viviendas/espana/todas-las-zonas/l/170
2026-01-21 03:45:48,274 - ThreadPoolExecutor-0_0 - INFO - Scraping page 172: https://www.fotocasa.es/es/comprar/viviendas/espana/todas-las-zonas/l/172
2026-01-21 03:45:48,275 - ThreadPoolExecutor-0_17 - INFO - Scraping page 174: https://www.fotocasa.es/es/comprar/viviendas/espana/todas-las-zonas/l/174
2026-01-21 03:45:48,275 - ThreadPoolExecutor-0_6 - INFO - Scraping page 175: https://www.fotocasa.es/es/comprar/viviendas/espana/todas-las-zonas/l/175
2026-01-21 03:45:52,464 - ThreadPoolExecutor-0_18 - INFO - Extracted 4 properties from page
2026-01-21 03:45:52,465 - ThreadPoolExecutor-0_18 - INFO - Page 139 saved with 4 properties
2026-01-21 03:45:52,524 - MainThread - INFO - Page 139 completed (32 successful, 29 failed)
2026-01-21 03:45:55,895 - ThreadPoolExecutor-0_2 - INFO - Extracted 4 properties from page
2026-01-21 03:45:55,901 - ThreadPoolExecutor-0_6 - INFO - Extracted 4 properties from page
2026-01-21 03:45:55,905 - ThreadPoolExecutor-0_0 - INFO - Extracted 4 properties from page
2026-01-21 03:45:55,908 - ThreadPoolExecutor-0_2 - INFO - Page 153 saved with 4 properties
2026-01-21 03:45:55,913 - ThreadPoolExecutor-0_7 - INFO - Extracted 4 properties from page
2026-01-21 03:45:55,917 - ThreadPoolExecutor-0_6 - INFO - Page 175 saved with 4 properties
2026-01-21 03:45:56,015 - ThreadPoolExecutor-0_1 - INFO - Extracted 4 properties from page
2026-01-21 03:45:56,015 - ThreadPoolExecutor-0_0 - INFO - Page 172 saved with 4 properties
2026-01-21 03:45:56,024 - ThreadPoolExecutor-0_16 - INFO - Extracted 4 properties from page
2026-01-21 03:45:56,050 - ThreadPoolExecutor-0_11 - INFO - Extracted 4 properties from page
2026-01-21 03:45:56,051 - MainThread - INFO - Page 153 completed (33 successful, 29 failed)
2026-01-21 03:45:56,053 - ThreadPoolExecutor-0_15 - INFO - Extracted 4 properties from page
2026-01-21 03:45:56,054 - ThreadPoolExecutor-0_7 - INFO - Page 170 saved with 4 properties
2026-01-21 03:45:56,071 - ThreadPoolExecutor-0_10 - INFO - Extracted 4 properties from page
2026-01-21 03:45:56,071 - ThreadPoolExecutor-0_1 - INFO - Page 145 saved with 4 properties
2026-01-21 03:45:56,071 - ThreadPoolExecutor-0_16 - INFO - Page 162 saved with 4 properties
2026-01-21 03:45:56,072 - MainThread - INFO - Page 175 completed (34 successful, 29 failed)
2026-01-21 03:45:56,074 - ThreadPoolExecutor-0_11 - INFO - Page 163 saved with 4 properties
2026-01-21 03:45:56,081 - ThreadPoolExecutor-0_15 - INFO - Page 165 saved with 4 properties
2026-01-21 03:45:56,085 - ThreadPoolExecutor-0_10 - INFO - Page 140 saved with 4 properties
2026-01-21 03:45:56,086 - MainThread - INFO - Page 172 completed (35 successful, 29 failed)
2026-01-21 03:45:56,097 - MainThread - INFO - Page 170 completed (36 successful, 29 failed)
2026-01-21 03:45:56,101 - MainThread - INFO - Page 145 completed (37 successful, 29 failed)
2026-01-21 03:45:56,102 - MainThread - INFO - Page 162 completed (38 successful, 29 failed)
2026-01-21 03:45:56,103 - MainThread - INFO - Page 163 completed (39 successful, 29 failed)
2026-01-21 03:45:56,103 - MainThread - INFO - Page 165 completed (40 successful, 29 failed)
2026-01-21 03:45:56,103 - MainThread - INFO - Page 140 completed (41 successful, 29 failed)
2026-01-21 03:46:09,001 - ThreadPoolExecutor-0_12 - ERROR - Page 154 failed: Failed to perform, curl: (56) Recv failure: Connection was reset. See https://curl.se/libcurl/c/libcurl-errors.html first for more details.
2026-01-21 03:46:09,002 - MainThread - ERROR - Page 154 failed: Failed to perform, curl: (56) Recv failure: Connection was reset. See https://curl.se/libcurl/c/libcurl-errors.html first for more details.
2026-01-21 03:46:09,007 - ThreadPoolExecutor-0_19 - ERROR - Page 141 failed: Failed to perform, curl: (56) Recv failure: Connection was reset. See https://curl.se/libcurl/c/libcurl-errors.html first for more details.
2026-01-21 03:46:09,009 - MainThread - ERROR - Page 141 failed: Failed to perform, curl: (56) Recv failure: Connection was reset. See https://curl.se/libcurl/c/libcurl-errors.html first for more details.
2026-01-21 03:46:09,032 - ThreadPoolExecutor-0_8 - ERROR - Page 144 failed: Failed to perform, curl: (56) Recv failure: Connection was reset. See https://curl.se/libcurl/c/libcurl-errors.html first for more details.
2026-01-21 03:46:09,039 - MainThread - ERROR - Page 144 failed: Failed to perform, curl: (56) Recv failure: Connection was reset. See https://curl.se/libcurl/c/libcurl-errors.html first for more details.
2026-01-21 03:46:09,041 - ThreadPoolExecutor-0_14 - ERROR - Page 156 failed: Failed to perform, curl: (56) Recv failure: Connection was reset. See https://curl.se/libcurl/c/libcurl-errors.html first for more details.
2026-01-21 03:46:09,042 - MainThread - ERROR - Page 156 failed: Failed to perform, curl: (56) Recv failure: Connection was reset. See https://curl.se/libcurl/c/libcurl-errors.html first for more details.
2026-01-21 03:46:09,101 - ThreadPoolExecutor-0_13 - ERROR - Page 166 failed: Failed to perform, curl: (56) Recv failure: Connection was reset. See https://curl.se/libcurl/c/libcurl-errors.html first for more details.
2026-01-21 03:46:09,101 - ThreadPoolExecutor-0_4 - ERROR - Page 159 failed: Failed to perform, curl: (56) Recv failure: Connection was reset. See https://curl.se/libcurl/c/libcurl-errors.html first for more details.
2026-01-21 03:46:09,101 - ThreadPoolExecutor-0_5 - ERROR - Page 161 failed: Failed to perform, curl: (56) Recv failure: Connection was reset. See https://curl.se/libcurl/c/libcurl-errors.html first for more details.
2026-01-21 03:46:09,101 - MainThread - ERROR - Page 166 failed: Failed to perform, curl: (56) Recv failure: Connection was reset. See https://curl.se/libcurl/c/libcurl-errors.html first for more details.
2026-01-21 03:46:09,101 - MainThread - ERROR - Page 161 failed: Failed to perform, curl: (56) Recv failure: Connection was reset. See https://curl.se/libcurl/c/libcurl-errors.html first for more details.
2026-01-21 03:46:09,106 - MainThread - ERROR - Page 159 failed: Failed to perform, curl: (56) Recv failure: Connection was reset. See https://curl.se/libcurl/c/libcurl-errors.html first for more details.
2026-01-21 03:46:09,141 - ThreadPoolExecutor-0_3 - ERROR - Page 143 failed: Failed to perform, curl: (56) Recv failure: Connection was reset. See https://curl.se/libcurl/c/libcurl-errors.html first for more details.
2026-01-21 03:46:09,141 - ThreadPoolExecutor-0_9 - ERROR - Page 155 failed: Failed to perform, curl: (56) Recv failure: Connection was reset. See https://curl.se/libcurl/c/libcurl-errors.html first for more details.
2026-01-21 03:46:09,142 - MainThread - ERROR - Page 143 failed: Failed to perform, curl: (56) Recv failure: Connection was reset. See https://curl.se/libcurl/c/libcurl-errors.html first for more details.
2026-01-21 03:46:09,142 - MainThread - ERROR - Page 155 failed: Failed to perform, curl: (56) Recv failure: Connection was reset. See https://curl.se/libcurl/c/libcurl-errors.html first for more details.
2026-01-21 03:46:09,557 - ThreadPoolExecutor-0_17 - ERROR - Page 174 failed: Failed to perform, curl: (56) Recv failure: Connection was reset. See https://curl.se/libcurl/c/libcurl-errors.html first for more details.
2026-01-21 03:46:09,558 - MainThread - ERROR - Page 174 failed: Failed to perform, curl: (56) Recv failure: Connection was reset. See https://curl.se/libcurl/c/libcurl-errors.html first for more details.
2026-01-21 03:46:09,565 - MainThread - INFO - Waiting 3 seconds before next batch...
2026-01-21 03:46:12,572 - MainThread - INFO - Processing batch 5 with 20 pages
2026-01-21 03:46:12,574 - ThreadPoolExecutor-0_18 - INFO - Scraping page 177: https://www.fotocasa.es/es/comprar/viviendas/espana/todas-las-zonas/l/177
2026-01-21 03:46:12,574 - ThreadPoolExecutor-0_2 - INFO - Scraping page 178: https://www.fotocasa.es/es/comprar/viviendas/espana/todas-las-zonas/l/178
2026-01-21 03:46:12,575 - ThreadPoolExecutor-0_6 - INFO - Scraping page 179: https://www.fotocasa.es/es/comprar/viviendas/espana/todas-las-zonas/l/179
2026-01-21 03:46:12,575 - ThreadPoolExecutor-0_0 - INFO - Scraping page 180: https://www.fotocasa.es/es/comprar/viviendas/espana/todas-las-zonas/l/180
2026-01-21 03:46:12,576 - ThreadPoolExecutor-0_7 - INFO - Scraping page 181: https://www.fotocasa.es/es/comprar/viviendas/espana/todas-las-zonas/l/181
2026-01-21 03:46:12,577 - ThreadPoolExecutor-0_1 - INFO - Scraping page 184: https://www.fotocasa.es/es/comprar/viviendas/espana/todas-las-zonas/l/184
2026-01-21 03:46:12,577 - ThreadPoolExecutor-0_16 - INFO - Scraping page 185: https://www.fotocasa.es/es/comprar/viviendas/espana/todas-las-zonas/l/185
2026-01-21 03:46:12,586 - ThreadPoolExecutor-0_19 - INFO - Scraping page 191: https://www.fotocasa.es/es/comprar/viviendas/espana/todas-las-zonas/l/191
2026-01-21 03:46:12,586 - ThreadPoolExecutor-0_4 - INFO - Scraping page 201: https://www.fotocasa.es/es/comprar/viviendas/espana/todas-las-zonas/l/201
2026-01-21 03:46:12,586 - ThreadPoolExecutor-0_9 - INFO - Scraping page 211: https://www.fotocasa.es/es/comprar/viviendas/espana/todas-las-zonas/l/211
2026-01-21 03:46:12,581 - ThreadPoolExecutor-0_12 - INFO - Scraping page 190: https://www.fotocasa.es/es/comprar/viviendas/espana/todas-las-zonas/l/190
2026-01-21 03:46:12,581 - ThreadPoolExecutor-0_8 - INFO - Scraping page 192: https://www.fotocasa.es/es/comprar/viviendas/espana/todas-las-zonas/l/192
2026-01-21 03:46:12,581 - ThreadPoolExecutor-0_10 - INFO - Scraping page 189: https://www.fotocasa.es/es/comprar/viviendas/espana/todas-las-zonas/l/189
2026-01-21 03:46:12,581 - ThreadPoolExecutor-0_13 - INFO - Scraping page 194: https://www.fotocasa.es/es/comprar/viviendas/espana/todas-las-zonas/l/194
2026-01-21 03:46:12,581 - ThreadPoolExecutor-0_5 - INFO - Scraping page 200: https://www.fotocasa.es/es/comprar/viviendas/espana/todas-las-zonas/l/200
2026-01-21 03:46:12,581 - ThreadPoolExecutor-0_14 - INFO - Scraping page 193: https://www.fotocasa.es/es/comprar/viviendas/espana/todas-las-zonas/l/193
2026-01-21 03:46:12,586 - ThreadPoolExecutor-0_3 - INFO - Scraping page 202: https://www.fotocasa.es/es/comprar/viviendas/espana/todas-las-zonas/l/202
2026-01-21 03:46:12,577 - ThreadPoolExecutor-0_11 - INFO - Scraping page 187: https://www.fotocasa.es/es/comprar/viviendas/espana/todas-las-zonas/l/187
2026-01-21 03:46:12,586 - ThreadPoolExecutor-0_17 - INFO - Scraping page 212: https://www.fotocasa.es/es/comprar/viviendas/espana/todas-las-zonas/l/212
2026-01-21 03:46:12,581 - ThreadPoolExecutor-0_15 - INFO - Scraping page 188: https://www.fotocasa.es/es/comprar/viviendas/espana/todas-las-zonas/l/188
2026-01-21 03:46:13,890 - ThreadPoolExecutor-0_6 - INFO - Extracted 4 properties from page
2026-01-21 03:46:13,892 - ThreadPoolExecutor-0_6 - INFO - Page 179 saved with 4 properties
2026-01-21 03:46:13,893 - MainThread - INFO - Page 179 completed (42 successful, 39 failed)
2026-01-21 03:46:14,019 - ThreadPoolExecutor-0_1 - INFO - Extracted 4 properties from page
2026-01-21 03:46:14,021 - ThreadPoolExecutor-0_1 - INFO - Page 184 saved with 4 properties
2026-01-21 03:46:14,022 - MainThread - INFO - Page 184 completed (43 successful, 39 failed)
2026-01-21 03:46:14,252 - ThreadPoolExecutor-0_13 - INFO - Extracted 4 properties from page
2026-01-21 03:46:14,257 - ThreadPoolExecutor-0_17 - INFO - Extracted 4 properties from page
2026-01-21 03:46:14,259 - ThreadPoolExecutor-0_17 - INFO - Page 212 saved with 4 properties
2026-01-21 03:46:14,259 - ThreadPoolExecutor-0_13 - INFO - Page 194 saved with 4 properties
2026-01-21 03:46:14,260 - MainThread - INFO - Page 212 completed (44 successful, 39 failed)
2026-01-21 03:46:14,261 - MainThread - INFO - Page 194 completed (45 successful, 39 failed)
2026-01-21 03:46:14,668 - ThreadPoolExecutor-0_14 - INFO - Extracted 4 properties from page
2026-01-21 03:46:14,671 - ThreadPoolExecutor-0_14 - INFO - Page 193 saved with 4 properties
2026-01-21 03:46:14,715 - MainThread - INFO - Page 193 completed (46 successful, 39 failed)
2026-01-21 03:46:14,785 - ThreadPoolExecutor-0_9 - INFO - Extracted 4 properties from page
2026-01-21 03:46:14,788 - ThreadPoolExecutor-0_9 - INFO - Page 211 saved with 4 properties
2026-01-21 03:46:14,789 - MainThread - INFO - Page 211 completed (47 successful, 39 failed)
2026-01-21 03:46:14,912 - ThreadPoolExecutor-0_12 - INFO - Extracted 4 properties from page
2026-01-21 03:46:14,914 - ThreadPoolExecutor-0_12 - INFO - Page 190 saved with 4 properties
2026-01-21 03:46:14,915 - MainThread - INFO - Page 190 completed (48 successful, 39 failed)
2026-01-21 03:46:15,196 - ThreadPoolExecutor-0_2 - INFO - Extracted 4 properties from page
2026-01-21 03:46:15,201 - ThreadPoolExecutor-0_2 - INFO - Page 178 saved with 4 properties
2026-01-21 03:46:15,201 - MainThread - INFO - Page 178 completed (49 successful, 39 failed)
2026-01-21 03:46:15,962 - ThreadPoolExecutor-0_5 - INFO - Extracted 4 properties from page
2026-01-21 03:46:15,963 - ThreadPoolExecutor-0_5 - INFO - Page 200 saved with 4 properties
2026-01-21 03:46:15,965 - MainThread - INFO - Page 200 completed (50 successful, 39 failed)
2026-01-21 03:46:17,114 - ThreadPoolExecutor-0_7 - INFO - Extracted 4 properties from page
2026-01-21 03:46:17,115 - ThreadPoolExecutor-0_7 - INFO - Page 181 saved with 4 properties
2026-01-21 03:46:17,117 - MainThread - INFO - Page 181 completed (51 successful, 39 failed)
2026-01-21 03:46:32,145 - ThreadPoolExecutor-0_8 - ERROR - Page 192 failed: Failed to perform, curl: (56) Recv failure: Connection was reset. See https://curl.se/libcurl/c/libcurl-errors.html first for more details.
2026-01-21 03:46:32,146 - ThreadPoolExecutor-0_16 - ERROR - Page 185 failed: Failed to perform, curl: (56) Recv failure: Connection was reset. See https://curl.se/libcurl/c/libcurl-errors.html first for more details.
2026-01-21 03:46:32,146 - ThreadPoolExecutor-0_4 - ERROR - Page 201 failed: Failed to perform, curl: (56) Recv failure: Connection was reset. See https://curl.se/libcurl/c/libcurl-errors.html first for more details.
2026-01-21 03:46:32,146 - ThreadPoolExecutor-0_19 - ERROR - Page 191 failed: Failed to perform, curl: (56) Recv failure: Connection was reset. See https://curl.se/libcurl/c/libcurl-errors.html first for more details.
2026-01-21 03:46:32,146 - MainThread - ERROR - Page 192 failed: Failed to perform, curl: (56) Recv failure: Connection was reset. See https://curl.se/libcurl/c/libcurl-errors.html first for more details.
2026-01-21 03:46:32,146 - MainThread - ERROR - Page 185 failed: Failed to perform, curl: (56) Recv failure: Connection was reset. See https://curl.se/libcurl/c/libcurl-errors.html first for more details.
2026-01-21 03:46:32,146 - MainThread - ERROR - Page 201 failed: Failed to perform, curl: (56) Recv failure: Connection was reset. See https://curl.se/libcurl/c/libcurl-errors.html first for more details.
2026-01-21 03:46:32,146 - MainThread - ERROR - Page 191 failed: Failed to perform, curl: (56) Recv failure: Connection was reset. See https://curl.se/libcurl/c/libcurl-errors.html first for more details.
2026-01-21 03:46:32,192 - ThreadPoolExecutor-0_18 - ERROR - Page 177 failed: Failed to perform, curl: (56) Recv failure: Connection was reset. See https://curl.se/libcurl/c/libcurl-errors.html first for more details.
2026-01-21 03:46:32,193 - MainThread - ERROR - Page 177 failed: Failed to perform, curl: (56) Recv failure: Connection was reset. See https://curl.se/libcurl/c/libcurl-errors.html first for more details.
2026-01-21 03:46:32,347 - ThreadPoolExecutor-0_15 - ERROR - Page 188 failed: Failed to perform, curl: (56) Recv failure: Connection was reset. See https://curl.se/libcurl/c/libcurl-errors.html first for more details.
2026-01-21 03:46:32,347 - MainThread - ERROR - Page 188 failed: Failed to perform, curl: (56) Recv failure: Connection was reset. See https://curl.se/libcurl/c/libcurl-errors.html first for more details.
2026-01-21 03:46:32,379 - ThreadPoolExecutor-0_3 - ERROR - Page 202 failed: Failed to perform, curl: (56) Recv failure: Connection was reset. See https://curl.se/libcurl/c/libcurl-errors.html first for more details.
2026-01-21 03:46:32,380 - ThreadPoolExecutor-0_10 - ERROR - Page 189 failed: Failed to perform, curl: (56) Recv failure: Connection was reset. See https://curl.se/libcurl/c/libcurl-errors.html first for more details.
2026-01-21 03:46:32,380 - ThreadPoolExecutor-0_0 - ERROR - Page 180 failed: Failed to perform, curl: (56) Recv failure: Connection was reset. See https://curl.se/libcurl/c/libcurl-errors.html first for more details.
2026-01-21 03:46:32,380 - ThreadPoolExecutor-0_11 - ERROR - Page 187 failed: Failed to perform, curl: (56) Recv failure: Connection was reset. See https://curl.se/libcurl/c/libcurl-errors.html first for more details.
2026-01-21 03:46:32,382 - MainThread - ERROR - Page 202 failed: Failed to perform, curl: (56) Recv failure: Connection was reset. See https://curl.se/libcurl/c/libcurl-errors.html first for more details.
2026-01-21 03:46:32,382 - MainThread - ERROR - Page 189 failed: Failed to perform, curl: (56) Recv failure: Connection was reset. See https://curl.se/libcurl/c/libcurl-errors.html first for more details.
2026-01-21 03:46:32,382 - MainThread - ERROR - Page 180 failed: Failed to perform, curl: (56) Recv failure: Connection was reset. See https://curl.se/libcurl/c/libcurl-errors.html first for more details.
2026-01-21 03:46:32,383 - MainThread - ERROR - Page 187 failed: Failed to perform, curl: (56) Recv failure: Connection was reset. See https://curl.se/libcurl/c/libcurl-errors.html first for more details.
2026-01-21 03:46:32,385 - MainThread - INFO - Waiting 3 seconds before next batch...
2026-01-21 03:46:35,386 - MainThread - INFO - Processing batch 6 with 20 pages
2026-01-21 03:46:35,387 - ThreadPoolExecutor-0_6 - INFO - Scraping page 214: https://www.fotocasa.es/es/comprar/viviendas/espana/todas-las-zonas/l/214
2026-01-21 03:46:35,387 - ThreadPoolExecutor-0_1 - INFO - Scraping page 217: https://www.fotocasa.es/es/comprar/viviendas/espana/todas-las-zonas/l/217
2026-01-21 03:46:35,387 - ThreadPoolExecutor-0_17 - INFO - Scraping page 220: https://www.fotocasa.es/es/comprar/viviendas/espana/todas-las-zonas/l/220
2026-01-21 03:46:35,387 - ThreadPoolExecutor-0_13 - INFO - Page 221 already scraped, skipping
2026-01-21 03:46:35,387 - ThreadPoolExecutor-0_14 - INFO - Scraping page 222: https://www.fotocasa.es/es/comprar/viviendas/espana/todas-las-zonas/l/222
2026-01-21 03:46:35,387 - ThreadPoolExecutor-0_9 - INFO - Scraping page 223: https://www.fotocasa.es/es/comprar/viviendas/espana/todas-las-zonas/l/223
2026-01-21 03:46:35,389 - ThreadPoolExecutor-0_12 - INFO - Scraping page 224: https://www.fotocasa.es/es/comprar/viviendas/espana/todas-las-zonas/l/224
2026-01-21 03:46:35,389 - ThreadPoolExecutor-0_2 - INFO - Page 225 already scraped, skipping
2026-01-21 03:46:35,391 - ThreadPoolExecutor-0_5 - INFO - Page 226 already scraped, skipping
2026-01-21 03:46:35,391 - MainThread - INFO - Page 221 completed (52 successful, 49 failed)
2026-01-21 03:46:35,392 - ThreadPoolExecutor-0_7 - INFO - Page 227 already scraped, skipping
2026-01-21 03:46:35,392 - ThreadPoolExecutor-0_13 - INFO - Page 228 already scraped, skipping
2026-01-21 03:46:35,393 - ThreadPoolExecutor-0_8 - INFO - Page 229 already scraped, skipping
2026-01-21 03:46:35,393 - ThreadPoolExecutor-0_19 - INFO - Scraping page 232: https://www.fotocasa.es/es/comprar/viviendas/espana/todas-las-zonas/l/232
2026-01-21 03:46:35,394 - ThreadPoolExecutor-0_4 - INFO - Scraping page 230: https://www.fotocasa.es/es/comprar/viviendas/espana/todas-las-zonas/l/230
2026-01-21 03:46:35,395 - ThreadPoolExecutor-0_16 - INFO - Page 231 already scraped, skipping
2026-01-21 03:46:35,396 - ThreadPoolExecutor-0_18 - INFO - Scraping page 233: https://www.fotocasa.es/es/comprar/viviendas/espana/todas-las-zonas/l/233
2026-01-21 03:46:35,401 - ThreadPoolExecutor-0_3 - INFO - Scraping page 235: https://www.fotocasa.es/es/comprar/viviendas/espana/todas-las-zonas/l/235
2026-01-21 03:46:35,401 - ThreadPoolExecutor-0_15 - INFO - Scraping page 234: https://www.fotocasa.es/es/comprar/viviendas/espana/todas-las-zonas/l/234
2026-01-21 03:46:35,404 - ThreadPoolExecutor-0_0 - INFO - Scraping page 237: https://www.fotocasa.es/es/comprar/viviendas/espana/todas-las-zonas/l/237
2026-01-21 03:46:35,404 - ThreadPoolExecutor-0_10 - INFO - Page 236 already scraped, skipping
2026-01-21 03:46:35,420 - MainThread - INFO - Page 225 completed (53 successful, 49 failed)
2026-01-21 03:46:35,430 - MainThread - INFO - Page 226 completed (54 successful, 49 failed)
2026-01-21 03:46:35,440 - MainThread - INFO - Page 227 completed (55 successful, 49 failed)
2026-01-21 03:46:35,441 - MainThread - INFO - Page 228 completed (56 successful, 49 failed)
2026-01-21 03:46:35,441 - MainThread - INFO - Page 229 completed (57 successful, 49 failed)
2026-01-21 03:46:35,442 - MainThread - INFO - Page 231 completed (58 successful, 49 failed)
2026-01-21 03:46:35,442 - MainThread - INFO - Page 236 completed (59 successful, 49 failed)
2026-01-21 03:46:36,920 - ThreadPoolExecutor-0_18 - INFO - Extracted 4 properties from page
2026-01-21 03:46:36,920 - ThreadPoolExecutor-0_18 - INFO - Page 233 saved with 4 properties
2026-01-21 03:46:36,921 - MainThread - INFO - Page 233 completed (60 successful, 49 failed)
2026-01-21 03:46:37,221 - ThreadPoolExecutor-0_9 - INFO - Extracted 4 properties from page
2026-01-21 03:46:37,223 - ThreadPoolExecutor-0_9 - INFO - Page 223 saved with 4 properties
2026-01-21 03:46:37,223 - MainThread - INFO - Page 223 completed (61 successful, 49 failed)
2026-01-21 03:46:37,442 - ThreadPoolExecutor-0_3 - INFO - Extracted 4 properties from page
2026-01-21 03:46:37,445 - ThreadPoolExecutor-0_3 - INFO - Page 235 saved with 4 properties
2026-01-21 03:46:37,446 - MainThread - INFO - Page 235 completed (62 successful, 49 failed)
2026-01-21 03:46:37,664 - ThreadPoolExecutor-0_15 - INFO - Extracted 4 properties from page
2026-01-21 03:46:37,665 - ThreadPoolExecutor-0_15 - INFO - Page 234 saved with 4 properties
2026-01-21 03:46:37,667 - MainThread - INFO - Page 234 completed (63 successful, 49 failed)
2026-01-21 03:46:38,079 - ThreadPoolExecutor-0_4 - INFO - Extracted 4 properties from page
2026-01-21 03:46:38,081 - ThreadPoolExecutor-0_4 - INFO - Page 230 saved with 4 properties
2026-01-21 03:46:38,082 - MainThread - INFO - Page 230 completed (64 successful, 49 failed)
2026-01-21 03:46:38,196 - ThreadPoolExecutor-0_12 - INFO - Extracted 4 properties from page
2026-01-21 03:46:38,197 - ThreadPoolExecutor-0_12 - INFO - Page 224 saved with 4 properties
2026-01-21 03:46:38,198 - MainThread - INFO - Page 224 completed (65 successful, 49 failed)
2026-01-21 03:46:54,771 - ThreadPoolExecutor-0_6 - ERROR - Page 214 failed: Failed to perform, curl: (56) Recv failure: Connection was reset. See https://curl.se/libcurl/c/libcurl-errors.html first for more details.
2026-01-21 03:46:54,772 - ThreadPoolExecutor-0_1 - ERROR - Page 217 failed: Failed to perform, curl: (56) Recv failure: Connection was reset. See https://curl.se/libcurl/c/libcurl-errors.html first for more details.
2026-01-21 03:46:54,772 - MainThread - ERROR - Page 214 failed: Failed to perform, curl: (56) Recv failure: Connection was reset. See https://curl.se/libcurl/c/libcurl-errors.html first for more details.
2026-01-21 03:46:54,773 - MainThread - ERROR - Page 217 failed: Failed to perform, curl: (56) Recv failure: Connection was reset. See https://curl.se/libcurl/c/libcurl-errors.html first for more details.
2026-01-21 03:46:54,787 - ThreadPoolExecutor-0_17 - ERROR - Page 220 failed: Failed to perform, curl: (56) Recv failure: Connection was reset. See https://curl.se/libcurl/c/libcurl-errors.html first for more details.
2026-01-21 03:46:54,787 - ThreadPoolExecutor-0_14 - ERROR - Page 222 failed: Failed to perform, curl: (56) Recv failure: Connection was reset. See https://curl.se/libcurl/c/libcurl-errors.html first for more details.
2026-01-21 03:46:54,788 - MainThread - ERROR - Page 220 failed: Failed to perform, curl: (56) Recv failure: Connection was reset. See https://curl.se/libcurl/c/libcurl-errors.html first for more details.
2026-01-21 03:46:54,788 - MainThread - ERROR - Page 222 failed: Failed to perform, curl: (56) Recv failure: Connection was reset. See https://curl.se/libcurl/c/libcurl-errors.html first for more details.
2026-01-21 03:46:54,801 - ThreadPoolExecutor-0_19 - ERROR - Page 232 failed: Failed to perform, curl: (56) Recv failure: Connection was reset. See https://curl.se/libcurl/c/libcurl-errors.html first for more details.
2026-01-21 03:46:54,802 - MainThread - ERROR - Page 232 failed: Failed to perform, curl: (56) Recv failure: Connection was reset. See https://curl.se/libcurl/c/libcurl-errors.html first for more details.
2026-01-21 03:46:54,816 - ThreadPoolExecutor-0_0 - ERROR - Page 237 failed: Failed to perform, curl: (56) Recv failure: Connection was reset. See https://curl.se/libcurl/c/libcurl-errors.html first for more details.
2026-01-21 03:46:54,817 - MainThread - ERROR - Page 237 failed: Failed to perform, curl: (56) Recv failure: Connection was reset. See https://curl.se/libcurl/c/libcurl-errors.html first for more details.
2026-01-21 03:46:54,818 - MainThread - INFO - Waiting 3 seconds before next batch...
2026-01-21 03:46:57,823 - MainThread - INFO - Processing batch 7 with 20 pages
2026-01-21 03:46:57,823 - ThreadPoolExecutor-0_11 - INFO - Page 238 already scraped, skipping
2026-01-21 03:46:57,824 - ThreadPoolExecutor-0_5 - INFO - Scraping page 240: https://www.fotocasa.es/es/comprar/viviendas/espana/todas-las-zonas/l/240
2026-01-21 03:46:57,824 - ThreadPoolExecutor-0_2 - INFO - Page 239 already scraped, skipping
2026-01-21 03:46:57,824 - ThreadPoolExecutor-0_7 - INFO - Scraping page 241: https://www.fotocasa.es/es/comprar/viviendas/espana/todas-las-zonas/l/241
2026-01-21 03:46:57,825 - ThreadPoolExecutor-0_13 - INFO - Scraping page 242: https://www.fotocasa.es/es/comprar/viviendas/espana/todas-las-zonas/l/242
2026-01-21 03:46:57,825 - MainThread - INFO - Page 238 completed (66 successful, 55 failed)
2026-01-21 03:46:57,825 - ThreadPoolExecutor-0_11 - INFO - Scraping page 243: https://www.fotocasa.es/es/comprar/viviendas/espana/todas-las-zonas/l/243
2026-01-21 03:46:57,825 - ThreadPoolExecutor-0_8 - INFO - Scraping page 244: https://www.fotocasa.es/es/comprar/viviendas/espana/todas-las-zonas/l/244
2026-01-21 03:46:57,827 - ThreadPoolExecutor-0_16 - INFO - Scraping page 245: https://www.fotocasa.es/es/comprar/viviendas/espana/todas-las-zonas/l/245
2026-01-21 03:46:57,828 - ThreadPoolExecutor-0_10 - INFO - Scraping page 246: https://www.fotocasa.es/es/comprar/viviendas/espana/todas-las-zonas/l/246
2026-01-21 03:46:57,828 - ThreadPoolExecutor-0_18 - INFO - Scraping page 248: https://www.fotocasa.es/es/comprar/viviendas/espana/todas-las-zonas/l/248
2026-01-21 03:46:57,828 - ThreadPoolExecutor-0_2 - INFO - Scraping page 247: https://www.fotocasa.es/es/comprar/viviendas/espana/todas-las-zonas/l/247
2026-01-21 03:46:57,829 - ThreadPoolExecutor-0_3 - INFO - Scraping page 250: https://www.fotocasa.es/es/comprar/viviendas/espana/todas-las-zonas/l/250
2026-01-21 03:46:57,829 - ThreadPoolExecutor-0_9 - INFO - Scraping page 249: https://www.fotocasa.es/es/comprar/viviendas/espana/todas-las-zonas/l/249
2026-01-21 03:46:57,831 - MainThread - INFO - Page 239 completed (67 successful, 55 failed)
2026-01-21 03:46:57,832 - ThreadPoolExecutor-0_4 - INFO - Scraping page 252: https://www.fotocasa.es/es/comprar/viviendas/espana/todas-las-zonas/l/252
2026-01-21 03:46:57,832 - ThreadPoolExecutor-0_15 - INFO - Scraping page 251: https://www.fotocasa.es/es/comprar/viviendas/espana/todas-las-zonas/l/251
2026-01-21 03:46:57,832 - ThreadPoolExecutor-0_12 - INFO - Scraping page 253: https://www.fotocasa.es/es/comprar/viviendas/espana/todas-las-zonas/l/253
2026-01-21 03:46:57,832 - ThreadPoolExecutor-0_6 - INFO - Scraping page 254: https://www.fotocasa.es/es/comprar/viviendas/espana/todas-las-zonas/l/254
2026-01-21 03:46:57,833 - ThreadPoolExecutor-0_17 - INFO - Scraping page 256: https://www.fotocasa.es/es/comprar/viviendas/espana/todas-las-zonas/l/256
2026-01-21 03:46:57,833 - ThreadPoolExecutor-0_1 - INFO - Scraping page 255: https://www.fotocasa.es/es/comprar/viviendas/espana/todas-las-zonas/l/255
2026-01-21 03:46:57,834 - ThreadPoolExecutor-0_14 - INFO - Scraping page 257: https://www.fotocasa.es/es/comprar/viviendas/espana/todas-las-zonas/l/257
2026-01-21 03:46:59,177 - ThreadPoolExecutor-0_13 - INFO - Extracted 4 properties from page
2026-01-21 03:46:59,179 - ThreadPoolExecutor-0_13 - INFO - Page 242 saved with 4 properties
2026-01-21 03:46:59,181 - MainThread - INFO - Page 242 completed (68 successful, 55 failed)
2026-01-21 03:46:59,595 - ThreadPoolExecutor-0_6 - INFO - Extracted 4 properties from page
2026-01-21 03:46:59,611 - ThreadPoolExecutor-0_12 - INFO - Extracted 4 properties from page
2026-01-21 03:46:59,739 - ThreadPoolExecutor-0_18 - INFO - Extracted 4 properties from page
2026-01-21 03:46:59,740 - ThreadPoolExecutor-0_6 - INFO - Page 254 saved with 4 properties
2026-01-21 03:46:59,744 - ThreadPoolExecutor-0_12 - INFO - Page 253 saved with 4 properties
2026-01-21 03:46:59,747 - MainThread - INFO - Page 254 completed (69 successful, 55 failed)
2026-01-21 03:46:59,747 - ThreadPoolExecutor-0_18 - INFO - Page 248 saved with 4 properties
2026-01-21 03:46:59,876 - ThreadPoolExecutor-0_2 - INFO - Extracted 4 properties from page
2026-01-21 03:46:59,879 - MainThread - INFO - Page 253 completed (70 successful, 55 failed)
2026-01-21 03:47:00,102 - MainThread - INFO - Page 248 completed (71 successful, 55 failed)
2026-01-21 03:47:00,130 - ThreadPoolExecutor-0_16 - INFO - Extracted 4 properties from page
2026-01-21 03:47:00,131 - ThreadPoolExecutor-0_2 - INFO - Page 247 saved with 4 properties
2026-01-21 03:47:00,284 - ThreadPoolExecutor-0_7 - INFO - Extracted 4 properties from page
2026-01-21 03:47:00,304 - ThreadPoolExecutor-0_11 - INFO - Extracted 4 properties from page
2026-01-21 03:47:00,306 - MainThread - INFO - Page 247 completed (72 successful, 55 failed)
2026-01-21 03:47:00,306 - ThreadPoolExecutor-0_16 - INFO - Page 245 saved with 4 properties
2026-01-21 03:47:00,309 - ThreadPoolExecutor-0_7 - INFO - Page 241 saved with 4 properties
2026-01-21 03:47:00,315 - ThreadPoolExecutor-0_17 - INFO - Extracted 4 properties from page
2026-01-21 03:47:00,316 - ThreadPoolExecutor-0_11 - INFO - Page 243 saved with 4 properties
2026-01-21 03:47:00,318 - MainThread - INFO - Page 245 completed (73 successful, 55 failed)
2026-01-21 03:47:00,373 - MainThread - INFO - Page 241 completed (74 successful, 55 failed)
2026-01-21 03:47:00,388 - MainThread - INFO - Page 243 completed (75 successful, 55 failed)
2026-01-21 03:47:00,434 - ThreadPoolExecutor-0_17 - INFO - Page 256 saved with 4 properties
2026-01-21 03:47:00,454 - MainThread - INFO - Page 256 completed (76 successful, 55 failed)
2026-01-21 03:47:00,458 - ThreadPoolExecutor-0_14 - INFO - Extracted 4 properties from page
2026-01-21 03:47:00,460 - ThreadPoolExecutor-0_14 - INFO - Page 257 saved with 4 properties
2026-01-21 03:47:00,461 - MainThread - INFO - Page 257 completed (77 successful, 55 failed)
2026-01-21 03:47:17,239 - ThreadPoolExecutor-0_8 - ERROR - Page 244 failed: Failed to perform, curl: (56) Recv failure: Connection was reset. See https://curl.se/libcurl/c/libcurl-errors.html first for more details.
2026-01-21 03:47:17,239 - ThreadPoolExecutor-0_10 - ERROR - Page 246 failed: Failed to perform, curl: (56) Recv failure: Connection was reset. See https://curl.se/libcurl/c/libcurl-errors.html first for more details.
2026-01-21 03:47:17,240 - MainThread - ERROR - Page 244 failed: Failed to perform, curl: (56) Recv failure: Connection was reset. See https://curl.se/libcurl/c/libcurl-errors.html first for more details.
2026-01-21 03:47:17,241 - MainThread - ERROR - Page 246 failed: Failed to perform, curl: (56) Recv failure: Connection was reset. See https://curl.se/libcurl/c/libcurl-errors.html first for more details.
2026-01-21 03:47:17,254 - ThreadPoolExecutor-0_3 - ERROR - Page 250 failed: Failed to perform, curl: (56) Recv failure: Connection was reset. See https://curl.se/libcurl/c/libcurl-errors.html first for more details.
2026-01-21 03:47:17,255 - MainThread - ERROR - Page 250 failed: Failed to perform, curl: (56) Recv failure: Connection was reset. See https://curl.se/libcurl/c/libcurl-errors.html first for more details.
2026-01-21 03:47:17,269 - ThreadPoolExecutor-0_9 - ERROR - Page 249 failed: Failed to perform, curl: (56) Recv failure: Connection was reset. See https://curl.se/libcurl/c/libcurl-errors.html first for more details.
2026-01-21 03:47:17,270 - MainThread - ERROR - Page 249 failed: Failed to perform, curl: (56) Recv failure: Connection was reset. See https://curl.se/libcurl/c/libcurl-errors.html first for more details.
2026-01-21 03:47:17,285 - ThreadPoolExecutor-0_4 - ERROR - Page 252 failed: Failed to perform, curl: (56) Recv failure: Connection was reset. See https://curl.se/libcurl/c/libcurl-errors.html first for more details.
2026-01-21 03:47:17,285 - ThreadPoolExecutor-0_15 - ERROR - Page 251 failed: Failed to perform, curl: (56) Recv failure: Connection was reset. See https://curl.se/libcurl/c/libcurl-errors.html first for more details.
2026-01-21 03:47:17,285 - ThreadPoolExecutor-0_5 - ERROR - Page 240 failed: Failed to perform, curl: (56) Recv failure: Connection was reset. See https://curl.se/libcurl/c/libcurl-errors.html first for more details.
2026-01-21 03:47:17,286 - MainThread - ERROR - Page 252 failed: Failed to perform, curl: (56) Recv failure: Connection was reset. See https://curl.se/libcurl/c/libcurl-errors.html first for more details.
2026-01-21 03:47:17,288 - MainThread - ERROR - Page 240 failed: Failed to perform, curl: (56) Recv failure: Connection was reset. See https://curl.se/libcurl/c/libcurl-errors.html first for more details.
2026-01-21 03:47:17,289 - MainThread - ERROR - Page 251 failed: Failed to perform, curl: (56) Recv failure: Connection was reset. See https://curl.se/libcurl/c/libcurl-errors.html first for more details.
2026-01-21 03:47:17,384 - ThreadPoolExecutor-0_1 - ERROR - Page 255 failed: Failed to perform, curl: (56) Recv failure: Connection was reset. See https://curl.se/libcurl/c/libcurl-errors.html first for more details.
2026-01-21 03:47:17,385 - MainThread - ERROR - Page 255 failed: Failed to perform, curl: (56) Recv failure: Connection was reset. See https://curl.se/libcurl/c/libcurl-errors.html first for more details.
2026-01-21 03:47:17,386 - MainThread - INFO - Waiting 3 seconds before next batch...
2026-01-21 03:47:20,387 - MainThread - INFO - Processing batch 8 with 20 pages
2026-01-21 03:47:20,388 - ThreadPoolExecutor-0_0 - INFO - Scraping page 258: https://www.fotocasa.es/es/comprar/viviendas/espana/todas-las-zonas/l/258
2026-01-21 03:47:20,389 - ThreadPoolExecutor-0_19 - INFO - Scraping page 259: https://www.fotocasa.es/es/comprar/viviendas/espana/todas-las-zonas/l/259
2026-01-21 03:47:20,389 - ThreadPoolExecutor-0_13 - INFO - Scraping page 260: https://www.fotocasa.es/es/comprar/viviendas/espana/todas-las-zonas/l/260
2026-01-21 03:47:20,390 - ThreadPoolExecutor-0_6 - INFO - Scraping page 261: https://www.fotocasa.es/es/comprar/viviendas/espana/todas-las-zonas/l/261
2026-01-21 03:47:20,390 - ThreadPoolExecutor-0_12 - INFO - Scraping page 262: https://www.fotocasa.es/es/comprar/viviendas/espana/todas-las-zonas/l/262
2026-01-21 03:47:20,391 - ThreadPoolExecutor-0_18 - INFO - Scraping page 263: https://www.fotocasa.es/es/comprar/viviendas/espana/todas-las-zonas/l/263
2026-01-21 03:47:20,392 - ThreadPoolExecutor-0_2 - INFO - Scraping page 264: https://www.fotocasa.es/es/comprar/viviendas/espana/todas-las-zonas/l/264
2026-01-21 03:47:20,393 - ThreadPoolExecutor-0_16 - INFO - Scraping page 265: https://www.fotocasa.es/es/comprar/viviendas/espana/todas-las-zonas/l/265
2026-01-21 03:47:20,395 - ThreadPoolExecutor-0_11 - INFO - Scraping page 267: https://www.fotocasa.es/es/comprar/viviendas/espana/todas-las-zonas/l/267
2026-01-21 03:47:20,403 - ThreadPoolExecutor-0_3 - INFO - Scraping page 272: https://www.fotocasa.es/es/comprar/viviendas/espana/todas-las-zonas/l/272
2026-01-21 03:47:20,404 - ThreadPoolExecutor-0_5 - INFO - Scraping page 275: https://www.fotocasa.es/es/comprar/viviendas/espana/todas-las-zonas/l/275
2026-01-21 03:47:20,405 - ThreadPoolExecutor-0_10 - INFO - Scraping page 271: https://www.fotocasa.es/es/comprar/viviendas/espana/todas-las-zonas/l/271
2026-01-21 03:47:20,396 - ThreadPoolExecutor-0_7 - INFO - Scraping page 266: https://www.fotocasa.es/es/comprar/viviendas/espana/todas-las-zonas/l/266
2026-01-21 03:47:20,404 - ThreadPoolExecutor-0_9 - INFO - Scraping page 273: https://www.fotocasa.es/es/comprar/viviendas/espana/todas-las-zonas/l/273
2026-01-21 03:47:20,404 - ThreadPoolExecutor-0_4 - INFO - Scraping page 274: https://www.fotocasa.es/es/comprar/viviendas/espana/todas-las-zonas/l/274
2026-01-21 03:47:20,397 - ThreadPoolExecutor-0_17 - INFO - Scraping page 268: https://www.fotocasa.es/es/comprar/viviendas/espana/todas-las-zonas/l/268
2026-01-21 03:47:20,400 - ThreadPoolExecutor-0_14 - INFO - Scraping page 269: https://www.fotocasa.es/es/comprar/viviendas/espana/todas-las-zonas/l/269
2026-01-21 03:47:20,400 - ThreadPoolExecutor-0_8 - INFO - Scraping page 270: https://www.fotocasa.es/es/comprar/viviendas/espana/todas-las-zonas/l/270
2026-01-21 03:47:20,417 - ThreadPoolExecutor-0_15 - INFO - Scraping page 276: https://www.fotocasa.es/es/comprar/viviendas/espana/todas-las-zonas/l/276
2026-01-21 03:47:20,417 - ThreadPoolExecutor-0_1 - INFO - Scraping page 277: https://www.fotocasa.es/es/comprar/viviendas/espana/todas-las-zonas/l/277
2026-01-21 03:47:21,764 - ThreadPoolExecutor-0_9 - INFO - Extracted 4 properties from page
2026-01-21 03:47:21,816 - ThreadPoolExecutor-0_9 - INFO - Page 273 saved with 4 properties
2026-01-21 03:47:22,104 - MainThread - INFO - Page 273 completed (78 successful, 63 failed)
2026-01-21 03:47:22,250 - ThreadPoolExecutor-0_8 - INFO - Extracted 4 properties from page
2026-01-21 03:47:22,411 - ThreadPoolExecutor-0_8 - INFO - Page 270 saved with 4 properties
2026-01-21 03:47:22,416 - ThreadPoolExecutor-0_5 - INFO - Extracted 4 properties from page
2026-01-21 03:47:22,497 - MainThread - INFO - Page 270 completed (79 successful, 63 failed)
2026-01-21 03:47:22,763 - ThreadPoolExecutor-0_19 - INFO - Extracted 4 properties from page
2026-01-21 03:47:22,766 - ThreadPoolExecutor-0_5 - INFO - Page 275 saved with 4 properties
2026-01-21 03:47:22,769 - ThreadPoolExecutor-0_3 - INFO - Extracted 4 properties from page
2026-01-21 03:47:22,776 - ThreadPoolExecutor-0_4 - INFO - Extracted 4 properties from page
2026-01-21 03:47:22,779 - ThreadPoolExecutor-0_19 - INFO - Page 259 saved with 4 properties
2026-01-21 03:47:22,779 - MainThread - INFO - Page 275 completed (80 successful, 63 failed)
2026-01-21 03:47:22,783 - ThreadPoolExecutor-0_17 - INFO - Extracted 4 properties from page
2026-01-21 03:47:22,786 - ThreadPoolExecutor-0_16 - INFO - Extracted 4 properties from page
2026-01-21 03:47:22,790 - ThreadPoolExecutor-0_4 - INFO - Page 274 saved with 4 properties
2026-01-21 03:47:22,790 - MainThread - INFO - Page 259 completed (81 successful, 63 failed)
2026-01-21 03:47:22,791 - ThreadPoolExecutor-0_3 - INFO - Page 272 saved with 4 properties
2026-01-21 03:47:22,793 - ThreadPoolExecutor-0_16 - INFO - Page 265 saved with 4 properties
2026-01-21 03:47:22,793 - ThreadPoolExecutor-0_17 - INFO - Page 268 saved with 4 properties
2026-01-21 03:47:22,793 - MainThread - INFO - Page 274 completed (82 successful, 63 failed)
2026-01-21 03:47:22,796 - MainThread - INFO - Page 272 completed (83 successful, 63 failed)
2026-01-21 03:47:22,796 - MainThread - INFO - Page 265 completed (84 successful, 63 failed)
2026-01-21 03:47:22,796 - MainThread - INFO - Page 268 completed (85 successful, 63 failed)
2026-01-21 03:47:23,246 - ThreadPoolExecutor-0_13 - INFO - Extracted 4 properties from page
2026-01-21 03:47:23,247 - ThreadPoolExecutor-0_13 - INFO - Page 260 saved with 4 properties
2026-01-21 03:47:23,248 - MainThread - INFO - Page 260 completed (86 successful, 63 failed)
2026-01-21 03:47:39,775 - ThreadPoolExecutor-0_18 - ERROR - Page 263 failed: Failed to perform, curl: (56) Recv failure: Connection was reset. See https://curl.se/libcurl/c/libcurl-errors.html first for more details.
2026-01-21 03:47:39,775 - MainThread - ERROR - Page 263 failed: Failed to perform, curl: (56) Recv failure: Connection was reset. See https://curl.se/libcurl/c/libcurl-errors.html first for more details.
2026-01-21 03:47:39,791 - ThreadPoolExecutor-0_0 - ERROR - Page 258 failed: Failed to perform, curl: (56) Recv failure: Connection was reset. See https://curl.se/libcurl/c/libcurl-errors.html first for more details.
2026-01-21 03:47:39,791 - ThreadPoolExecutor-0_2 - ERROR - Page 264 failed: Failed to perform, curl: (56) Recv failure: Connection was reset. See https://curl.se/libcurl/c/libcurl-errors.html first for more details.
2026-01-21 03:47:39,792 - MainThread - ERROR - Page 258 failed: Failed to perform, curl: (56) Recv failure: Connection was reset. See https://curl.se/libcurl/c/libcurl-errors.html first for more details.
2026-01-21 03:47:39,792 - MainThread - ERROR - Page 264 failed: Failed to perform, curl: (56) Recv failure: Connection was reset. See https://curl.se/libcurl/c/libcurl-errors.html first for more details.
2026-01-21 03:47:39,822 - ThreadPoolExecutor-0_6 - ERROR - Page 261 failed: Failed to perform, curl: (56) Recv failure: Connection was reset. See https://curl.se/libcurl/c/libcurl-errors.html first for more details.
2026-01-21 03:47:39,822 - ThreadPoolExecutor-0_12 - ERROR - Page 262 failed: Failed to perform, curl: (56) Recv failure: Connection was reset. See https://curl.se/libcurl/c/libcurl-errors.html first for more details.
2026-01-21 03:47:39,824 - MainThread - ERROR - Page 261 failed: Failed to perform, curl: (56) Recv failure: Connection was reset. See https://curl.se/libcurl/c/libcurl-errors.html first for more details.
2026-01-21 03:47:39,824 - MainThread - ERROR - Page 262 failed: Failed to perform, curl: (56) Recv failure: Connection was reset. See https://curl.se/libcurl/c/libcurl-errors.html first for more details.
2026-01-21 03:47:39,837 - ThreadPoolExecutor-0_7 - ERROR - Page 266 failed: Failed to perform, curl: (56) Recv failure: Connection was reset. See https://curl.se/libcurl/c/libcurl-errors.html first for more details.
2026-01-21 03:47:39,837 - ThreadPoolExecutor-0_10 - ERROR - Page 271 failed: Failed to perform, curl: (56) Recv failure: Connection was reset. See https://curl.se/libcurl/c/libcurl-errors.html first for more details.
2026-01-21 03:47:39,837 - ThreadPoolExecutor-0_11 - ERROR - Page 267 failed: Failed to perform, curl: (56) Recv failure: Connection was reset. See https://curl.se/libcurl/c/libcurl-errors.html first for more details.
2026-01-21 03:47:39,839 - MainThread - ERROR - Page 266 failed: Failed to perform, curl: (56) Recv failure: Connection was reset. See https://curl.se/libcurl/c/libcurl-errors.html first for more details.
2026-01-21 03:47:39,844 - MainThread - ERROR - Page 271 failed: Failed to perform, curl: (56) Recv failure: Connection was reset. See https://curl.se/libcurl/c/libcurl-errors.html first for more details.
2026-01-21 03:47:39,844 - MainThread - ERROR - Page 267 failed: Failed to perform, curl: (56) Recv failure: Connection was reset. See https://curl.se/libcurl/c/libcurl-errors.html first for more details.
2026-01-21 03:47:39,862 - ThreadPoolExecutor-0_1 - ERROR - Page 277 failed: Failed to perform, curl: (56) Recv failure: Connection was reset. See https://curl.se/libcurl/c/libcurl-errors.html first for more details.
2026-01-21 03:47:39,862 - ThreadPoolExecutor-0_14 - ERROR - Page 269 failed: Failed to perform, curl: (56) Recv failure: Connection was reset. See https://curl.se/libcurl/c/libcurl-errors.html first for more details.
2026-01-21 03:47:39,862 - ThreadPoolExecutor-0_15 - ERROR - Page 276 failed: Failed to perform, curl: (56) Recv failure: Connection was reset. See https://curl.se/libcurl/c/libcurl-errors.html first for more details.
2026-01-21 03:47:39,863 - MainThread - ERROR - Page 277 failed: Failed to perform, curl: (56) Recv failure: Connection was reset. See https://curl.se/libcurl/c/libcurl-errors.html first for more details.
2026-01-21 03:47:39,864 - MainThread - ERROR - Page 269 failed: Failed to perform, curl: (56) Recv failure: Connection was reset. See https://curl.se/libcurl/c/libcurl-errors.html first for more details.
2026-01-21 03:47:39,864 - MainThread - ERROR - Page 276 failed: Failed to perform, curl: (56) Recv failure: Connection was reset. See https://curl.se/libcurl/c/libcurl-errors.html first for more details.
2026-01-21 03:47:39,866 - MainThread - INFO - Waiting 3 seconds before next batch...
2026-01-21 03:47:42,867 - MainThread - INFO - Processing batch 9 with 20 pages
2026-01-21 03:47:42,867 - ThreadPoolExecutor-0_5 - INFO - Scraping page 280: https://www.fotocasa.es/es/comprar/viviendas/espana/todas-las-zonas/l/280
2026-01-21 03:47:42,868 - ThreadPoolExecutor-0_8 - INFO - Scraping page 279: https://www.fotocasa.es/es/comprar/viviendas/espana/todas-las-zonas/l/279
2026-01-21 03:47:42,868 - ThreadPoolExecutor-0_9 - INFO - Scraping page 278: https://www.fotocasa.es/es/comprar/viviendas/espana/todas-las-zonas/l/278
2026-01-21 03:47:42,868 - ThreadPoolExecutor-0_19 - INFO - Scraping page 281: https://www.fotocasa.es/es/comprar/viviendas/espana/todas-las-zonas/l/281
2026-01-21 03:47:42,868 - ThreadPoolExecutor-0_4 - INFO - Scraping page 282: https://www.fotocasa.es/es/comprar/viviendas/espana/todas-las-zonas/l/282
2026-01-21 03:47:42,869 - ThreadPoolExecutor-0_3 - INFO - Scraping page 283: https://www.fotocasa.es/es/comprar/viviendas/espana/todas-las-zonas/l/283
2026-01-21 03:47:42,869 - ThreadPoolExecutor-0_16 - INFO - Scraping page 284: https://www.fotocasa.es/es/comprar/viviendas/espana/todas-las-zonas/l/284
2026-01-21 03:47:42,870 - ThreadPoolExecutor-0_13 - INFO - Scraping page 286: https://www.fotocasa.es/es/comprar/viviendas/espana/todas-las-zonas/l/286
2026-01-21 03:47:42,870 - ThreadPoolExecutor-0_18 - INFO - Scraping page 287: https://www.fotocasa.es/es/comprar/viviendas/espana/todas-las-zonas/l/287
2026-01-21 03:47:42,871 - ThreadPoolExecutor-0_17 - INFO - Scraping page 285: https://www.fotocasa.es/es/comprar/viviendas/espana/todas-las-zonas/l/285
2026-01-21 03:47:42,873 - ThreadPoolExecutor-0_0 - INFO - Scraping page 288: https://www.fotocasa.es/es/comprar/viviendas/espana/todas-las-zonas/l/288
2026-01-21 03:47:42,873 - ThreadPoolExecutor-0_2 - INFO - Scraping page 289: https://www.fotocasa.es/es/comprar/viviendas/espana/todas-las-zonas/l/289
2026-01-21 03:47:42,873 - ThreadPoolExecutor-0_6 - INFO - Scraping page 290: https://www.fotocasa.es/es/comprar/viviendas/espana/todas-las-zonas/l/290
2026-01-21 03:47:42,874 - ThreadPoolExecutor-0_12 - INFO - Scraping page 291: https://www.fotocasa.es/es/comprar/viviendas/espana/todas-las-zonas/l/291
2026-01-21 03:47:42,874 - ThreadPoolExecutor-0_7 - INFO - Scraping page 292: https://www.fotocasa.es/es/comprar/viviendas/espana/todas-las-zonas/l/292
2026-01-21 03:47:42,877 - ThreadPoolExecutor-0_1 - INFO - Scraping page 295: https://www.fotocasa.es/es/comprar/viviendas/espana/todas-las-zonas/l/295
2026-01-21 03:47:42,877 - ThreadPoolExecutor-0_10 - INFO - Scraping page 293: https://www.fotocasa.es/es/comprar/viviendas/espana/todas-las-zonas/l/293
2026-01-21 03:47:42,877 - ThreadPoolExecutor-0_11 - INFO - Scraping page 294: https://www.fotocasa.es/es/comprar/viviendas/espana/todas-las-zonas/l/294
2026-01-21 03:47:42,878 - ThreadPoolExecutor-0_14 - INFO - Scraping page 296: https://www.fotocasa.es/es/comprar/viviendas/espana/todas-las-zonas/l/296
2026-01-21 03:47:42,881 - ThreadPoolExecutor-0_15 - INFO - Scraping page 297: https://www.fotocasa.es/es/comprar/viviendas/espana/todas-las-zonas/l/297
2026-01-21 03:47:44,266 - ThreadPoolExecutor-0_19 - INFO - Extracted 4 properties from page
2026-01-21 03:47:44,401 - ThreadPoolExecutor-0_19 - INFO - Page 281 saved with 4 properties
2026-01-21 03:47:44,587 - MainThread - INFO - Page 281 completed (87 successful, 74 failed)
2026-01-21 03:47:44,602 - ThreadPoolExecutor-0_18 - INFO - Extracted 4 properties from page
2026-01-21 03:47:44,766 - ThreadPoolExecutor-0_15 - INFO - Extracted 4 properties from page
2026-01-21 03:47:44,904 - ThreadPoolExecutor-0_18 - INFO - Page 287 saved with 4 properties
2026-01-21 03:47:44,944 - ThreadPoolExecutor-0_7 - INFO - Extracted 4 properties from page
2026-01-21 03:47:44,944 - ThreadPoolExecutor-0_15 - INFO - Page 297 saved with 4 properties
2026-01-21 03:47:44,945 - MainThread - INFO - Page 287 completed (88 successful, 74 failed)
2026-01-21 03:47:44,950 - ThreadPoolExecutor-0_13 - INFO - Extracted 4 properties from page
2026-01-21 03:47:44,954 - ThreadPoolExecutor-0_6 - INFO - Extracted 4 properties from page
2026-01-21 03:47:44,956 - ThreadPoolExecutor-0_7 - INFO - Page 292 saved with 4 properties
2026-01-21 03:47:44,958 - MainThread - INFO - Page 297 completed (89 successful, 74 failed)
2026-01-21 03:47:44,961 - ThreadPoolExecutor-0_6 - INFO - Page 290 saved with 4 properties
2026-01-21 03:47:44,961 - ThreadPoolExecutor-0_13 - INFO - Page 286 saved with 4 properties
2026-01-21 03:47:44,961 - MainThread - INFO - Page 292 completed (90 successful, 74 failed)
2026-01-21 03:47:44,965 - MainThread - INFO - Page 290 completed (91 successful, 74 failed)
2026-01-21 03:47:44,966 - MainThread - INFO - Page 286 completed (92 successful, 74 failed)
2026-01-21 03:47:45,081 - ThreadPoolExecutor-0_3 - INFO - Extracted 4 properties from page
2026-01-21 03:47:45,082 - ThreadPoolExecutor-0_3 - INFO - Page 283 saved with 4 properties
2026-01-21 03:47:45,083 - MainThread - INFO - Page 283 completed (93 successful, 74 failed)
2026-01-21 03:47:45,404 - ThreadPoolExecutor-0_5 - INFO - Extracted 4 properties from page
2026-01-21 03:47:45,408 - ThreadPoolExecutor-0_5 - INFO - Page 280 saved with 4 properties
2026-01-21 03:47:45,409 - MainThread - INFO - Page 280 completed (94 successful, 74 failed)
2026-01-21 03:47:46,836 - ThreadPoolExecutor-0_11 - INFO - Extracted 4 properties from page
2026-01-21 03:47:46,837 - ThreadPoolExecutor-0_11 - INFO - Page 294 saved with 4 properties
2026-01-21 03:47:46,838 - MainThread - INFO - Page 294 completed (95 successful, 74 failed)
2026-01-21 03:48:02,255 - ThreadPoolExecutor-0_9 - ERROR - Page 278 failed: Failed to perform, curl: (56) Recv failure: Connection was reset. See https://curl.se/libcurl/c/libcurl-errors.html first for more details.
2026-01-21 03:48:02,255 - ThreadPoolExecutor-0_4 - ERROR - Page 282 failed: Failed to perform, curl: (56) Recv failure: Connection was reset. See https://curl.se/libcurl/c/libcurl-errors.html first for more details.
2026-01-21 03:48:02,256 - MainThread - ERROR - Page 278 failed: Failed to perform, curl: (56) Recv failure: Connection was reset. See https://curl.se/libcurl/c/libcurl-errors.html first for more details.
2026-01-21 03:48:02,257 - MainThread - ERROR - Page 282 failed: Failed to perform, curl: (56) Recv failure: Connection was reset. See https://curl.se/libcurl/c/libcurl-errors.html first for more details.
2026-01-21 03:48:02,270 - ThreadPoolExecutor-0_8 - ERROR - Page 279 failed: Failed to perform, curl: (56) Recv failure: Connection was reset. See https://curl.se/libcurl/c/libcurl-errors.html first for more details.
2026-01-21 03:48:02,272 - ThreadPoolExecutor-0_0 - ERROR - Page 288 failed: Failed to perform, curl: (56) Recv failure: Connection was reset. See https://curl.se/libcurl/c/libcurl-errors.html first for more details.
2026-01-21 03:48:02,272 - ThreadPoolExecutor-0_16 - ERROR - Page 284 failed: Failed to perform, curl: (56) Recv failure: Connection was reset. See https://curl.se/libcurl/c/libcurl-errors.html first for more details.
2026-01-21 03:48:02,272 - ThreadPoolExecutor-0_2 - ERROR - Page 289 failed: Failed to perform, curl: (56) Recv failure: Connection was reset. See https://curl.se/libcurl/c/libcurl-errors.html first for more details.
2026-01-21 03:48:02,272 - MainThread - ERROR - Page 279 failed: Failed to perform, curl: (56) Recv failure: Connection was reset. See https://curl.se/libcurl/c/libcurl-errors.html first for more details.
2026-01-21 03:48:02,273 - MainThread - ERROR - Page 288 failed: Failed to perform, curl: (56) Recv failure: Connection was reset. See https://curl.se/libcurl/c/libcurl-errors.html first for more details.
2026-01-21 03:48:02,274 - MainThread - ERROR - Page 289 failed: Failed to perform, curl: (56) Recv failure: Connection was reset. See https://curl.se/libcurl/c/libcurl-errors.html first for more details.
2026-01-21 03:48:02,274 - MainThread - ERROR - Page 284 failed: Failed to perform, curl: (56) Recv failure: Connection was reset. See https://curl.se/libcurl/c/libcurl-errors.html first for more details.
2026-01-21 03:48:02,303 - ThreadPoolExecutor-0_1 - ERROR - Page 295 failed: Failed to perform, curl: (56) Recv failure: Connection was reset. See https://curl.se/libcurl/c/libcurl-errors.html first for more details.
2026-01-21 03:48:02,303 - ThreadPoolExecutor-0_10 - ERROR - Page 293 failed: Failed to perform, curl: (56) Recv failure: Connection was reset. See https://curl.se/libcurl/c/libcurl-errors.html first for more details.
2026-01-21 03:48:02,304 - ThreadPoolExecutor-0_12 - ERROR - Page 291 failed: Failed to perform, curl: (56) Recv failure: Connection was reset. See https://curl.se/libcurl/c/libcurl-errors.html first for more details.
2026-01-21 03:48:02,305 - ThreadPoolExecutor-0_17 - ERROR - Page 285 failed: Failed to perform, curl: (56) Recv failure: Connection was reset. See https://curl.se/libcurl/c/libcurl-errors.html first for more details.
2026-01-21 03:48:02,305 - MainThread - ERROR - Page 295 failed: Failed to perform, curl: (56) Recv failure: Connection was reset. See https://curl.se/libcurl/c/libcurl-errors.html first for more details.
2026-01-21 03:48:02,306 - MainThread - ERROR - Page 293 failed: Failed to perform, curl: (56) Recv failure: Connection was reset. See https://curl.se/libcurl/c/libcurl-errors.html first for more details.
2026-01-21 03:48:02,306 - MainThread - ERROR - Page 291 failed: Failed to perform, curl: (56) Recv failure: Connection was reset. See https://curl.se/libcurl/c/libcurl-errors.html first for more details.
2026-01-21 03:48:02,306 - MainThread - ERROR - Page 285 failed: Failed to perform, curl: (56) Recv failure: Connection was reset. See https://curl.se/libcurl/c/libcurl-errors.html first for more details.
2026-01-21 03:48:02,315 - ThreadPoolExecutor-0_14 - ERROR - Page 296 failed: Failed to perform, curl: (56) Recv failure: Connection was reset. See https://curl.se/libcurl/c/libcurl-errors.html first for more details.
2026-01-21 03:48:02,317 - MainThread - ERROR - Page 296 failed: Failed to perform, curl: (56) Recv failure: Connection was reset. See https://curl.se/libcurl/c/libcurl-errors.html first for more details.
2026-01-21 03:48:02,319 - MainThread - INFO - Waiting 3 seconds before next batch...
2026-01-21 03:48:05,320 - MainThread - INFO - Processing batch 10 with 20 pages
2026-01-21 03:48:05,321 - ThreadPoolExecutor-0_15 - INFO - Scraping page 300: https://www.fotocasa.es/es/comprar/viviendas/espana/todas-las-zonas/l/300
2026-01-21 03:48:05,321 - ThreadPoolExecutor-0_19 - INFO - Scraping page 298: https://www.fotocasa.es/es/comprar/viviendas/espana/todas-las-zonas/l/298
2026-01-21 03:48:05,321 - ThreadPoolExecutor-0_18 - INFO - Scraping page 299: https://www.fotocasa.es/es/comprar/viviendas/espana/todas-las-zonas/l/299
2026-01-21 03:48:05,321 - ThreadPoolExecutor-0_7 - INFO - Scraping page 301: https://www.fotocasa.es/es/comprar/viviendas/espana/todas-las-zonas/l/301
2026-01-21 03:48:05,323 - ThreadPoolExecutor-0_6 - INFO - Scraping page 302: https://www.fotocasa.es/es/comprar/viviendas/espana/todas-las-zonas/l/302
2026-01-21 03:48:05,325 - ThreadPoolExecutor-0_3 - INFO - Scraping page 304: https://www.fotocasa.es/es/comprar/viviendas/espana/todas-las-zonas/l/304
2026-01-21 03:48:05,326 - ThreadPoolExecutor-0_13 - INFO - Scraping page 303: https://www.fotocasa.es/es/comprar/viviendas/espana/todas-las-zonas/l/303
2026-01-21 03:48:05,326 - ThreadPoolExecutor-0_11 - INFO - Scraping page 306: https://www.fotocasa.es/es/comprar/viviendas/espana/todas-las-zonas/l/306
2026-01-21 03:48:05,328 - ThreadPoolExecutor-0_9 - INFO - Scraping page 307: https://www.fotocasa.es/es/comprar/viviendas/espana/todas-las-zonas/l/307
2026-01-21 03:48:05,328 - ThreadPoolExecutor-0_4 - INFO - Scraping page 308: https://www.fotocasa.es/es/comprar/viviendas/espana/todas-las-zonas/l/308
2026-01-21 03:48:05,329 - ThreadPoolExecutor-0_5 - INFO - Scraping page 305: https://www.fotocasa.es/es/comprar/viviendas/espana/todas-las-zonas/l/305
2026-01-21 03:48:05,329 - ThreadPoolExecutor-0_8 - INFO - Scraping page 309: https://www.fotocasa.es/es/comprar/viviendas/espana/todas-las-zonas/l/309
2026-01-21 03:48:05,330 - ThreadPoolExecutor-0_0 - INFO - Scraping page 310: https://www.fotocasa.es/es/comprar/viviendas/espana/todas-las-zonas/l/310
2026-01-21 03:48:05,330 - ThreadPoolExecutor-0_2 - INFO - Scraping page 311: https://www.fotocasa.es/es/comprar/viviendas/espana/todas-las-zonas/l/311
2026-01-21 03:48:05,331 - ThreadPoolExecutor-0_16 - INFO - Scraping page 312: https://www.fotocasa.es/es/comprar/viviendas/espana/todas-las-zonas/l/312
2026-01-21 03:48:05,331 - ThreadPoolExecutor-0_1 - INFO - Scraping page 313: https://www.fotocasa.es/es/comprar/viviendas/espana/todas-las-zonas/l/313
2026-01-21 03:48:05,332 - ThreadPoolExecutor-0_10 - INFO - Scraping page 314: https://www.fotocasa.es/es/comprar/viviendas/espana/todas-las-zonas/l/314
2026-01-21 03:48:05,333 - ThreadPoolExecutor-0_12 - INFO - Scraping page 315: https://www.fotocasa.es/es/comprar/viviendas/espana/todas-las-zonas/l/315
2026-01-21 03:48:05,333 - ThreadPoolExecutor-0_17 - INFO - Scraping page 316: https://www.fotocasa.es/es/comprar/viviendas/espana/todas-las-zonas/l/316
2026-01-21 03:48:05,333 - ThreadPoolExecutor-0_14 - INFO - Scraping page 317: https://www.fotocasa.es/es/comprar/viviendas/espana/todas-las-zonas/l/317
2026-01-21 03:48:06,603 - ThreadPoolExecutor-0_6 - INFO - Extracted 4 properties from page
2026-01-21 03:48:06,605 - ThreadPoolExecutor-0_6 - INFO - Page 302 saved with 4 properties
2026-01-21 03:48:06,607 - MainThread - INFO - Page 302 completed (96 successful, 85 failed)
2026-01-21 03:48:07,027 - ThreadPoolExecutor-0_11 - INFO - Extracted 4 properties from page
2026-01-21 03:48:07,334 - ThreadPoolExecutor-0_11 - INFO - Page 306 saved with 4 properties
2026-01-21 03:48:07,368 - MainThread - INFO - Page 306 completed (97 successful, 85 failed)
2026-01-21 03:48:07,376 - ThreadPoolExecutor-0_9 - INFO - Extracted 4 properties from page
2026-01-21 03:48:07,387 - ThreadPoolExecutor-0_9 - INFO - Page 307 saved with 4 properties
2026-01-21 03:48:07,388 - ThreadPoolExecutor-0_5 - INFO - Extracted 4 properties from page
2026-01-21 03:48:07,390 - ThreadPoolExecutor-0_19 - INFO - Extracted 4 properties from page
2026-01-21 03:48:07,392 - MainThread - INFO - Page 307 completed (98 successful, 85 failed)
2026-01-21 03:48:07,394 - ThreadPoolExecutor-0_4 - INFO - Extracted 4 properties from page
2026-01-21 03:48:07,397 - ThreadPoolExecutor-0_5 - INFO - Page 305 saved with 4 properties
2026-01-21 03:48:07,399 - ThreadPoolExecutor-0_19 - INFO - Page 298 saved with 4 properties
2026-01-21 03:48:07,399 - MainThread - INFO - Page 305 completed (99 successful, 85 failed)
2026-01-21 03:48:07,400 - ThreadPoolExecutor-0_4 - INFO - Page 308 saved with 4 properties
2026-01-21 03:48:07,401 - MainThread - INFO - Page 298 completed (100 successful, 85 failed)
2026-01-21 03:48:07,403 - MainThread - INFO - Page 308 completed (101 successful, 85 failed)
2026-01-21 03:48:07,557 - ThreadPoolExecutor-0_14 - INFO - Extracted 4 properties from page
2026-01-21 03:48:07,559 - ThreadPoolExecutor-0_14 - INFO - Page 317 saved with 4 properties
2026-01-21 03:48:07,561 - MainThread - INFO - Page 317 completed (102 successful, 85 failed)
2026-01-21 03:48:24,707 - ThreadPoolExecutor-0_15 - ERROR - Page 300 failed: Failed to perform, curl: (56) Recv failure: Connection was reset. See https://curl.se/libcurl/c/libcurl-errors.html first for more details.
2026-01-21 03:48:24,707 - ThreadPoolExecutor-0_3 - ERROR - Page 304 failed: Failed to perform, curl: (56) Recv failure: Connection was reset. See https://curl.se/libcurl/c/libcurl-errors.html first for more details.
2026-01-21 03:48:24,708 - ThreadPoolExecutor-0_7 - ERROR - Page 301 failed: Failed to perform, curl: (56) Recv failure: Connection was reset. See https://curl.se/libcurl/c/libcurl-errors.html first for more details.
2026-01-21 03:48:24,708 - MainThread - ERROR - Page 300 failed: Failed to perform, curl: (56) Recv failure: Connection was reset. See https://curl.se/libcurl/c/libcurl-errors.html first for more details.
2026-01-21 03:48:24,709 - MainThread - ERROR - Page 304 failed: Failed to perform, curl: (56) Recv failure: Connection was reset. See https://curl.se/libcurl/c/libcurl-errors.html first for more details.
2026-01-21 03:48:24,710 - MainThread - ERROR - Page 301 failed: Failed to perform, curl: (56) Recv failure: Connection was reset. See https://curl.se/libcurl/c/libcurl-errors.html first for more details.
2026-01-21 03:48:24,737 - ThreadPoolExecutor-0_18 - ERROR - Page 299 failed: Failed to perform, curl: (56) Recv failure: Connection was reset. See https://curl.se/libcurl/c/libcurl-errors.html first for more details.
2026-01-21 03:48:24,737 - ThreadPoolExecutor-0_13 - ERROR - Page 303 failed: Failed to perform, curl: (56) Recv failure: Connection was reset. See https://curl.se/libcurl/c/libcurl-errors.html first for more details.
2026-01-21 03:48:24,738 - MainThread - ERROR - Page 299 failed: Failed to perform, curl: (56) Recv failure: Connection was reset. See https://curl.se/libcurl/c/libcurl-errors.html first for more details.
2026-01-21 03:48:24,738 - MainThread - ERROR - Page 303 failed: Failed to perform, curl: (56) Recv failure: Connection was reset. See https://curl.se/libcurl/c/libcurl-errors.html first for more details.
2026-01-21 03:48:24,760 - ThreadPoolExecutor-0_8 - ERROR - Page 309 failed: Failed to perform, curl: (56) Recv failure: Connection was reset. See https://curl.se/libcurl/c/libcurl-errors.html first for more details.
2026-01-21 03:48:24,761 - MainThread - ERROR - Page 309 failed: Failed to perform, curl: (56) Recv failure: Connection was reset. See https://curl.se/libcurl/c/libcurl-errors.html first for more details.
2026-01-21 03:48:24,774 - ThreadPoolExecutor-0_1 - ERROR - Page 313 failed: Failed to perform, curl: (56) Recv failure: Connection was reset. See https://curl.se/libcurl/c/libcurl-errors.html first for more details.
2026-01-21 03:48:24,775 - ThreadPoolExecutor-0_2 - ERROR - Page 311 failed: Failed to perform, curl: (56) Recv failure: Connection was reset. See https://curl.se/libcurl/c/libcurl-errors.html first for more details.
2026-01-21 03:48:24,777 - MainThread - ERROR - Page 313 failed: Failed to perform, curl: (56) Recv failure: Connection was reset. See https://curl.se/libcurl/c/libcurl-errors.html first for more details.
2026-01-21 03:48:24,777 - MainThread - ERROR - Page 311 failed: Failed to perform, curl: (56) Recv failure: Connection was reset. See https://curl.se/libcurl/c/libcurl-errors.html first for more details.
2026-01-21 03:48:24,790 - ThreadPoolExecutor-0_10 - ERROR - Page 314 failed: Failed to perform, curl: (56) Recv failure: Connection was reset. See https://curl.se/libcurl/c/libcurl-errors.html first for more details.
2026-01-21 03:48:24,791 - ThreadPoolExecutor-0_0 - ERROR - Page 310 failed: Failed to perform, curl: (56) Recv failure: Connection was reset. See https://curl.se/libcurl/c/libcurl-errors.html first for more details.
2026-01-21 03:48:24,791 - ThreadPoolExecutor-0_12 - ERROR - Page 315 failed: Failed to perform, curl: (56) Recv failure: Connection was reset. See https://curl.se/libcurl/c/libcurl-errors.html first for more details.
2026-01-21 03:48:24,792 - ThreadPoolExecutor-0_16 - ERROR - Page 312 failed: Failed to perform, curl: (56) Recv failure: Connection was reset. See https://curl.se/libcurl/c/libcurl-errors.html first for more details.
2026-01-21 03:48:24,793 - MainThread - ERROR - Page 314 failed: Failed to perform, curl: (56) Recv failure: Connection was reset. See https://curl.se/libcurl/c/libcurl-errors.html first for more details.
2026-01-21 03:48:24,794 - MainThread - ERROR - Page 310 failed: Failed to perform, curl: (56) Recv failure: Connection was reset. See https://curl.se/libcurl/c/libcurl-errors.html first for more details.
2026-01-21 03:48:24,795 - MainThread - ERROR - Page 315 failed: Failed to perform, curl: (56) Recv failure: Connection was reset. See https://curl.se/libcurl/c/libcurl-errors.html first for more details.
2026-01-21 03:48:24,795 - MainThread - ERROR - Page 312 failed: Failed to perform, curl: (56) Recv failure: Connection was reset. See https://curl.se/libcurl/c/libcurl-errors.html first for more details.
2026-01-21 03:48:24,805 - ThreadPoolExecutor-0_17 - ERROR - Page 316 failed: Failed to perform, curl: (56) Recv failure: Connection was reset. See https://curl.se/libcurl/c/libcurl-errors.html first for more details.
2026-01-21 03:48:24,806 - MainThread - ERROR - Page 316 failed: Failed to perform, curl: (56) Recv failure: Connection was reset. See https://curl.se/libcurl/c/libcurl-errors.html first for more details.
2026-01-21 03:48:24,812 - MainThread - INFO - Waiting 3 seconds before next batch...
2026-01-21 03:48:27,813 - MainThread - INFO - Processing batch 11 with 20 pages
2026-01-21 03:48:27,814 - ThreadPoolExecutor-0_11 - INFO - Scraping page 319: https://www.fotocasa.es/es/comprar/viviendas/espana/todas-las-zonas/l/319
2026-01-21 03:48:27,814 - ThreadPoolExecutor-0_6 - INFO - Scraping page 318: https://www.fotocasa.es/es/comprar/viviendas/espana/todas-las-zonas/l/318
2026-01-21 03:48:27,815 - ThreadPoolExecutor-0_5 - INFO - Scraping page 321: https://www.fotocasa.es/es/comprar/viviendas/espana/todas-las-zonas/l/321
2026-01-21 03:48:27,815 - ThreadPoolExecutor-0_19 - INFO - Scraping page 322: https://www.fotocasa.es/es/comprar/viviendas/espana/todas-las-zonas/l/322
2026-01-21 03:48:27,816 - ThreadPoolExecutor-0_4 - INFO - Scraping page 323: https://www.fotocasa.es/es/comprar/viviendas/espana/todas-las-zonas/l/323
2026-01-21 03:48:27,816 - ThreadPoolExecutor-0_9 - INFO - Scraping page 320: https://www.fotocasa.es/es/comprar/viviendas/espana/todas-las-zonas/l/320
2026-01-21 03:48:27,817 - ThreadPoolExecutor-0_14 - INFO - Scraping page 324: https://www.fotocasa.es/es/comprar/viviendas/espana/todas-las-zonas/l/324
2026-01-21 03:48:27,819 - ThreadPoolExecutor-0_3 - INFO - Scraping page 326: https://www.fotocasa.es/es/comprar/viviendas/espana/todas-las-zonas/l/326
2026-01-21 03:48:27,819 - ThreadPoolExecutor-0_7 - INFO - Scraping page 327: https://www.fotocasa.es/es/comprar/viviendas/espana/todas-las-zonas/l/327
2026-01-21 03:48:27,819 - ThreadPoolExecutor-0_15 - INFO - Scraping page 325: https://www.fotocasa.es/es/comprar/viviendas/espana/todas-las-zonas/l/325
2026-01-21 03:48:27,819 - ThreadPoolExecutor-0_18 - INFO - Scraping page 328: https://www.fotocasa.es/es/comprar/viviendas/espana/todas-las-zonas/l/328
2026-01-21 03:48:27,820 - ThreadPoolExecutor-0_13 - INFO - Scraping page 329: https://www.fotocasa.es/es/comprar/viviendas/espana/todas-las-zonas/l/329
2026-01-21 03:48:27,823 - ThreadPoolExecutor-0_1 - INFO - Scraping page 331: https://www.fotocasa.es/es/comprar/viviendas/espana/todas-las-zonas/l/331
2026-01-21 03:48:27,823 - ThreadPoolExecutor-0_8 - INFO - Scraping page 330: https://www.fotocasa.es/es/comprar/viviendas/espana/todas-las-zonas/l/330
2026-01-21 03:48:27,830 - ThreadPoolExecutor-0_0 - INFO - Scraping page 334: https://www.fotocasa.es/es/comprar/viviendas/espana/todas-las-zonas/l/334
2026-01-21 03:48:27,824 - ThreadPoolExecutor-0_2 - INFO - Scraping page 332: https://www.fotocasa.es/es/comprar/viviendas/espana/todas-las-zonas/l/332
2026-01-21 03:48:27,827 - ThreadPoolExecutor-0_10 - INFO - Scraping page 333: https://www.fotocasa.es/es/comprar/viviendas/espana/todas-las-zonas/l/333
2026-01-21 03:48:27,832 - ThreadPoolExecutor-0_12 - INFO - Scraping page 335: https://www.fotocasa.es/es/comprar/viviendas/espana/todas-las-zonas/l/335
2026-01-21 03:48:27,833 - ThreadPoolExecutor-0_16 - INFO - Scraping page 336: https://www.fotocasa.es/es/comprar/viviendas/espana/todas-las-zonas/l/336
2026-01-21 03:48:27,833 - ThreadPoolExecutor-0_17 - INFO - Scraping page 337: https://www.fotocasa.es/es/comprar/viviendas/espana/todas-las-zonas/l/337
2026-01-21 03:48:29,540 - ThreadPoolExecutor-0_4 - INFO - Extracted 4 properties from page
2026-01-21 03:48:29,631 - ThreadPoolExecutor-0_4 - INFO - Page 323 saved with 4 properties
2026-01-21 03:48:29,638 - MainThread - INFO - Page 323 completed (103 successful, 98 failed)
2026-01-21 03:48:29,651 - ThreadPoolExecutor-0_15 - INFO - Extracted 4 properties from page
2026-01-21 03:48:29,653 - ThreadPoolExecutor-0_7 - INFO - Extracted 4 properties from page
2026-01-21 03:48:29,654 - ThreadPoolExecutor-0_15 - INFO - Page 325 saved with 4 properties
2026-01-21 03:48:29,655 - MainThread - INFO - Page 325 completed (104 successful, 98 failed)
2026-01-21 03:48:29,656 - ThreadPoolExecutor-0_7 - INFO - Page 327 saved with 4 properties
2026-01-21 03:48:29,658 - MainThread - INFO - Page 327 completed (105 successful, 98 failed)
2026-01-21 03:48:29,780 - ThreadPoolExecutor-0_17 - INFO - Extracted 4 properties from page
2026-01-21 03:48:29,781 - ThreadPoolExecutor-0_17 - INFO - Page 337 saved with 4 properties
2026-01-21 03:48:29,782 - MainThread - INFO - Page 337 completed (106 successful, 98 failed)
2026-01-21 03:48:30,247 - ThreadPoolExecutor-0_2 - INFO - Extracted 4 properties from page
2026-01-21 03:48:30,251 - ThreadPoolExecutor-0_2 - INFO - Page 332 saved with 4 properties
2026-01-21 03:48:30,252 - MainThread - INFO - Page 332 completed (107 successful, 98 failed)
2026-01-21 03:48:30,429 - ThreadPoolExecutor-0_6 - INFO - Extracted 4 properties from page
2026-01-21 03:48:30,556 - ThreadPoolExecutor-0_6 - INFO - Page 318 saved with 4 properties
2026-01-21 03:48:30,685 - MainThread - INFO - Page 318 completed (108 successful, 98 failed)
2026-01-21 03:48:30,736 - ThreadPoolExecutor-0_3 - INFO - Extracted 4 properties from page
2026-01-21 03:48:30,740 - ThreadPoolExecutor-0_8 - INFO - Extracted 4 properties from page
2026-01-21 03:48:30,746 - ThreadPoolExecutor-0_1 - INFO - Extracted 4 properties from page
2026-01-21 03:48:30,748 - ThreadPoolExecutor-0_3 - INFO - Page 326 saved with 4 properties
2026-01-21 03:48:30,750 - ThreadPoolExecutor-0_1 - INFO - Page 331 saved with 4 properties
2026-01-21 03:48:30,750 - ThreadPoolExecutor-0_8 - INFO - Page 330 saved with 4 properties
2026-01-21 03:48:30,750 - MainThread - INFO - Page 326 completed (109 successful, 98 failed)
2026-01-21 03:48:30,753 - MainThread - INFO - Page 331 completed (110 successful, 98 failed)
2026-01-21 03:48:30,754 - MainThread - INFO - Page 330 completed (111 successful, 98 failed)
2026-01-21 03:48:31,491 - ThreadPoolExecutor-0_12 - INFO - Extracted 4 properties from page
2026-01-21 03:48:31,493 - ThreadPoolExecutor-0_12 - INFO - Page 335 saved with 4 properties
2026-01-21 03:48:31,495 - MainThread - INFO - Page 335 completed (112 successful, 98 failed)
2026-01-21 03:48:47,600 - ThreadPoolExecutor-0_9 - ERROR - Page 320 failed: Failed to perform, curl: (56) Recv failure: Connection was reset. See https://curl.se/libcurl/c/libcurl-errors.html first for more details.
2026-01-21 03:48:47,601 - ThreadPoolExecutor-0_11 - ERROR - Page 319 failed: Failed to perform, curl: (56) Recv failure: Connection was reset. See https://curl.se/libcurl/c/libcurl-errors.html first for more details.
2026-01-21 03:48:47,604 - ThreadPoolExecutor-0_16 - ERROR - Page 336 failed: Failed to perform, curl: (56) Recv failure: Connection was reset. See https://curl.se/libcurl/c/libcurl-errors.html first for more details.
2026-01-21 03:48:47,605 - ThreadPoolExecutor-0_0 - ERROR - Page 334 failed: Failed to perform, curl: (56) Recv failure: Connection was reset. See https://curl.se/libcurl/c/libcurl-errors.html first for more details.
2026-01-21 03:48:47,616 - ThreadPoolExecutor-0_14 - ERROR - Page 324 failed: Failed to perform, curl: (56) Recv failure: Connection was reset. See https://curl.se/libcurl/c/libcurl-errors.html first for more details.
2026-01-21 03:48:47,616 - ThreadPoolExecutor-0_19 - ERROR - Page 322 failed: Failed to perform, curl: (56) Recv failure: Connection was reset. See https://curl.se/libcurl/c/libcurl-errors.html first for more details.
2026-01-21 03:48:47,616 - ThreadPoolExecutor-0_10 - ERROR - Page 333 failed: Failed to perform, curl: (56) Recv failure: Connection was reset. See https://curl.se/libcurl/c/libcurl-errors.html first for more details.
2026-01-21 03:48:47,616 - ThreadPoolExecutor-0_13 - ERROR - Page 329 failed: Failed to perform, curl: (56) Recv failure: Connection was reset. See https://curl.se/libcurl/c/libcurl-errors.html first for more details.
2026-01-21 03:48:47,616 - ThreadPoolExecutor-0_5 - ERROR - Page 321 failed: Failed to perform, curl: (56) Recv failure: Connection was reset. See https://curl.se/libcurl/c/libcurl-errors.html first for more details.
2026-01-21 03:48:47,616 - ThreadPoolExecutor-0_18 - ERROR - Page 328 failed: Failed to perform, curl: (56) Recv failure: Connection was reset. See https://curl.se/libcurl/c/libcurl-errors.html first for more details.
2026-01-21 03:48:47,641 - MainThread - ERROR - Page 320 failed: Failed to perform, curl: (56) Recv failure: Connection was reset. See https://curl.se/libcurl/c/libcurl-errors.html first for more details.
2026-01-21 03:48:47,658 - MainThread - ERROR - Page 319 failed: Failed to perform, curl: (56) Recv failure: Connection was reset. See https://curl.se/libcurl/c/libcurl-errors.html first for more details.
2026-01-21 03:48:47,658 - MainThread - ERROR - Page 336 failed: Failed to perform, curl: (56) Recv failure: Connection was reset. See https://curl.se/libcurl/c/libcurl-errors.html first for more details.
2026-01-21 03:48:47,658 - MainThread - ERROR - Page 334 failed: Failed to perform, curl: (56) Recv failure: Connection was reset. See https://curl.se/libcurl/c/libcurl-errors.html first for more details.
2026-01-21 03:48:47,659 - MainThread - ERROR - Page 324 failed: Failed to perform, curl: (56) Recv failure: Connection was reset. See https://curl.se/libcurl/c/libcurl-errors.html first for more details.
2026-01-21 03:48:47,661 - MainThread - ERROR - Page 322 failed: Failed to perform, curl: (56) Recv failure: Connection was reset. See https://curl.se/libcurl/c/libcurl-errors.html first for more details.
2026-01-21 03:48:47,662 - MainThread - ERROR - Page 333 failed: Failed to perform, curl: (56) Recv failure: Connection was reset. See https://curl.se/libcurl/c/libcurl-errors.html first for more details.
2026-01-21 03:48:47,663 - MainThread - ERROR - Page 329 failed: Failed to perform, curl: (56) Recv failure: Connection was reset. See https://curl.se/libcurl/c/libcurl-errors.html first for more details.
2026-01-21 03:48:47,663 - MainThread - ERROR - Page 321 failed: Failed to perform, curl: (56) Recv failure: Connection was reset. See https://curl.se/libcurl/c/libcurl-errors.html first for more details.
2026-01-21 03:48:47,664 - MainThread - ERROR - Page 328 failed: Failed to perform, curl: (56) Recv failure: Connection was reset. See https://curl.se/libcurl/c/libcurl-errors.html first for more details.
2026-01-21 03:48:47,665 - MainThread - INFO - Waiting 3 seconds before next batch...
2026-01-21 03:48:50,666 - MainThread - INFO - Processing batch 12 with 20 pages
2026-01-21 03:48:50,666 - ThreadPoolExecutor-0_4 - INFO - Scraping page 338: https://www.fotocasa.es/es/comprar/viviendas/espana/todas-las-zonas/l/338
2026-01-21 03:48:50,667 - ThreadPoolExecutor-0_15 - INFO - Scraping page 339: https://www.fotocasa.es/es/comprar/viviendas/espana/todas-las-zonas/l/339
2026-01-21 03:48:50,667 - ThreadPoolExecutor-0_7 - INFO - Scraping page 340: https://www.fotocasa.es/es/comprar/viviendas/espana/todas-las-zonas/l/340
2026-01-21 03:48:50,667 - ThreadPoolExecutor-0_17 - INFO - Scraping page 341: https://www.fotocasa.es/es/comprar/viviendas/espana/todas-las-zonas/l/341
2026-01-21 03:48:50,667 - ThreadPoolExecutor-0_2 - INFO - Scraping page 342: https://www.fotocasa.es/es/comprar/viviendas/espana/todas-las-zonas/l/342
2026-01-21 03:48:50,668 - ThreadPoolExecutor-0_3 - INFO - Scraping page 344: https://www.fotocasa.es/es/comprar/viviendas/espana/todas-las-zonas/l/344
2026-01-21 03:48:50,669 - ThreadPoolExecutor-0_6 - INFO - Scraping page 343: https://www.fotocasa.es/es/comprar/viviendas/espana/todas-las-zonas/l/343
2026-01-21 03:48:50,671 - ThreadPoolExecutor-0_1 - INFO - Scraping page 345: https://www.fotocasa.es/es/comprar/viviendas/espana/todas-las-zonas/l/345
2026-01-21 03:48:50,673 - ThreadPoolExecutor-0_9 - INFO - Scraping page 348: https://www.fotocasa.es/es/comprar/viviendas/espana/todas-las-zonas/l/348
2026-01-21 03:48:50,678 - ThreadPoolExecutor-0_13 - INFO - Scraping page 355: https://www.fotocasa.es/es/comprar/viviendas/espana/todas-las-zonas/l/355
2026-01-21 03:48:50,674 - ThreadPoolExecutor-0_11 - INFO - Scraping page 349: https://www.fotocasa.es/es/comprar/viviendas/espana/todas-las-zonas/l/349
2026-01-21 03:48:50,674 - ThreadPoolExecutor-0_12 - INFO - Scraping page 347: https://www.fotocasa.es/es/comprar/viviendas/espana/todas-las-zonas/l/347
2026-01-21 03:48:50,675 - ThreadPoolExecutor-0_0 - INFO - Scraping page 351: https://www.fotocasa.es/es/comprar/viviendas/espana/todas-las-zonas/l/351
2026-01-21 03:48:50,675 - ThreadPoolExecutor-0_16 - INFO - Scraping page 350: https://www.fotocasa.es/es/comprar/viviendas/espana/todas-las-zonas/l/350
2026-01-21 03:48:50,676 - ThreadPoolExecutor-0_14 - INFO - Scraping page 352: https://www.fotocasa.es/es/comprar/viviendas/espana/todas-las-zonas/l/352
2026-01-21 03:48:50,676 - ThreadPoolExecutor-0_19 - INFO - Scraping page 353: https://www.fotocasa.es/es/comprar/viviendas/espana/todas-las-zonas/l/353
2026-01-21 03:48:50,676 - ThreadPoolExecutor-0_10 - INFO - Scraping page 354: https://www.fotocasa.es/es/comprar/viviendas/espana/todas-las-zonas/l/354
2026-01-21 03:48:50,678 - ThreadPoolExecutor-0_5 - INFO - Scraping page 356: https://www.fotocasa.es/es/comprar/viviendas/espana/todas-las-zonas/l/356
2026-01-21 03:48:50,674 - ThreadPoolExecutor-0_8 - INFO - Scraping page 346: https://www.fotocasa.es/es/comprar/viviendas/espana/todas-las-zonas/l/346
2026-01-21 03:48:50,678 - ThreadPoolExecutor-0_18 - INFO - Scraping page 357: https://www.fotocasa.es/es/comprar/viviendas/espana/todas-las-zonas/l/357
2026-01-21 03:48:52,038 - ThreadPoolExecutor-0_6 - INFO - Extracted 4 properties from page
2026-01-21 03:48:52,040 - ThreadPoolExecutor-0_6 - INFO - Page 343 saved with 4 properties
2026-01-21 03:48:52,042 - MainThread - INFO - Page 343 completed (113 successful, 108 failed)
2026-01-21 03:48:52,191 - ThreadPoolExecutor-0_10 - INFO - Extracted 4 properties from page
2026-01-21 03:48:52,192 - ThreadPoolExecutor-0_10 - INFO - Page 354 saved with 4 properties
2026-01-21 03:48:52,194 - MainThread - INFO - Page 354 completed (114 successful, 108 failed)
2026-01-21 03:48:52,616 - ThreadPoolExecutor-0_13 - INFO - Extracted 4 properties from page
2026-01-21 03:48:52,618 - ThreadPoolExecutor-0_13 - INFO - Page 355 saved with 4 properties
2026-01-21 03:48:52,619 - MainThread - INFO - Page 355 completed (115 successful, 108 failed)
2026-01-21 03:48:53,020 - ThreadPoolExecutor-0_7 - INFO - Extracted 4 properties from page
2026-01-21 03:48:53,726 - ThreadPoolExecutor-0_7 - INFO - Page 340 saved with 4 properties
2026-01-21 03:48:53,799 - MainThread - INFO - Page 340 completed (116 successful, 108 failed)
2026-01-21 03:48:54,089 - ThreadPoolExecutor-0_0 - INFO - Extracted 4 properties from page
2026-01-21 03:48:54,092 - ThreadPoolExecutor-0_5 - INFO - Extracted 4 properties from page
2026-01-21 03:48:54,096 - ThreadPoolExecutor-0_0 - INFO - Page 351 saved with 4 properties
2026-01-21 03:48:54,098 - ThreadPoolExecutor-0_5 - INFO - Page 356 saved with 4 properties
2026-01-21 03:48:54,099 - MainThread - INFO - Page 351 completed (117 successful, 108 failed)
2026-01-21 03:48:54,103 - ThreadPoolExecutor-0_1 - INFO - Extracted 4 properties from page
2026-01-21 03:48:54,104 - MainThread - INFO - Page 356 completed (118 successful, 108 failed)
2026-01-21 03:48:54,105 - ThreadPoolExecutor-0_1 - INFO - Page 345 saved with 4 properties
2026-01-21 03:48:54,106 - MainThread - INFO - Page 345 completed (119 successful, 108 failed)
2026-01-21 03:49:10,065 - ThreadPoolExecutor-0_3 - ERROR - Page 344 failed: Failed to perform, curl: (56) Recv failure: Connection was reset. See https://curl.se/libcurl/c/libcurl-errors.html first for more details.
2026-01-21 03:49:10,066 - ThreadPoolExecutor-0_2 - ERROR - Page 342 failed: Failed to perform, curl: (56) Recv failure: Connection was reset. See https://curl.se/libcurl/c/libcurl-errors.html first for more details.
2026-01-21 03:49:10,066 - ThreadPoolExecutor-0_15 - ERROR - Page 339 failed: Failed to perform, curl: (56) Recv failure: Connection was reset. See https://curl.se/libcurl/c/libcurl-errors.html first for more details.
2026-01-21 03:49:10,071 - MainThread - ERROR - Page 344 failed: Failed to perform, curl: (56) Recv failure: Connection was reset. See https://curl.se/libcurl/c/libcurl-errors.html first for more details.
2026-01-21 03:49:10,071 - MainThread - ERROR - Page 342 failed: Failed to perform, curl: (56) Recv failure: Connection was reset. See https://curl.se/libcurl/c/libcurl-errors.html first for more details.
2026-01-21 03:49:10,072 - MainThread - ERROR - Page 339 failed: Failed to perform, curl: (56) Recv failure: Connection was reset. See https://curl.se/libcurl/c/libcurl-errors.html first for more details.
2026-01-21 03:49:10,081 - ThreadPoolExecutor-0_12 - ERROR - Page 347 failed: Failed to perform, curl: (56) Recv failure: Connection was reset. See https://curl.se/libcurl/c/libcurl-errors.html first for more details.
2026-01-21 03:49:10,082 - ThreadPoolExecutor-0_4 - ERROR - Page 338 failed: Failed to perform, curl: (56) Recv failure: Connection was reset. See https://curl.se/libcurl/c/libcurl-errors.html first for more details.
2026-01-21 03:49:10,083 - MainThread - ERROR - Page 347 failed: Failed to perform, curl: (56) Recv failure: Connection was reset. See https://curl.se/libcurl/c/libcurl-errors.html first for more details.
2026-01-21 03:49:10,084 - MainThread - ERROR - Page 338 failed: Failed to perform, curl: (56) Recv failure: Connection was reset. See https://curl.se/libcurl/c/libcurl-errors.html first for more details.
2026-01-21 03:49:10,097 - ThreadPoolExecutor-0_11 - ERROR - Page 349 failed: Failed to perform, curl: (56) Recv failure: Connection was reset. See https://curl.se/libcurl/c/libcurl-errors.html first for more details.
2026-01-21 03:49:10,098 - ThreadPoolExecutor-0_17 - ERROR - Page 341 failed: Failed to perform, curl: (56) Recv failure: Connection was reset. See https://curl.se/libcurl/c/libcurl-errors.html first for more details.
2026-01-21 03:49:10,098 - ThreadPoolExecutor-0_9 - ERROR - Page 348 failed: Failed to perform, curl: (56) Recv failure: Connection was reset. See https://curl.se/libcurl/c/libcurl-errors.html first for more details.
2026-01-21 03:49:10,099 - MainThread - ERROR - Page 349 failed: Failed to perform, curl: (56) Recv failure: Connection was reset. See https://curl.se/libcurl/c/libcurl-errors.html first for more details.
2026-01-21 03:49:10,101 - MainThread - ERROR - Page 341 failed: Failed to perform, curl: (56) Recv failure: Connection was reset. See https://curl.se/libcurl/c/libcurl-errors.html first for more details.
2026-01-21 03:49:10,101 - MainThread - ERROR - Page 348 failed: Failed to perform, curl: (56) Recv failure: Connection was reset. See https://curl.se/libcurl/c/libcurl-errors.html first for more details.
2026-01-21 03:49:10,112 - ThreadPoolExecutor-0_14 - ERROR - Page 352 failed: Failed to perform, curl: (56) Recv failure: Connection was reset. See https://curl.se/libcurl/c/libcurl-errors.html first for more details.
2026-01-21 03:49:10,113 - ThreadPoolExecutor-0_19 - ERROR - Page 353 failed: Failed to perform, curl: (56) Recv failure: Connection was reset. See https://curl.se/libcurl/c/libcurl-errors.html first for more details.
2026-01-21 03:49:10,115 - MainThread - ERROR - Page 352 failed: Failed to perform, curl: (56) Recv failure: Connection was reset. See https://curl.se/libcurl/c/libcurl-errors.html first for more details.
2026-01-21 03:49:10,116 - MainThread - ERROR - Page 353 failed: Failed to perform, curl: (56) Recv failure: Connection was reset. See https://curl.se/libcurl/c/libcurl-errors.html first for more details.
2026-01-21 03:49:10,126 - ThreadPoolExecutor-0_18 - ERROR - Page 357 failed: Failed to perform, curl: (56) Recv failure: Connection was reset. See https://curl.se/libcurl/c/libcurl-errors.html first for more details.
2026-01-21 03:49:10,127 - ThreadPoolExecutor-0_16 - ERROR - Page 350 failed: Failed to perform, curl: (56) Recv failure: Connection was reset. See https://curl.se/libcurl/c/libcurl-errors.html first for more details.
2026-01-21 03:49:10,152 - ThreadPoolExecutor-0_8 - ERROR - Page 346 failed: Failed to perform, curl: (56) Recv failure: Connection was reset. See https://curl.se/libcurl/c/libcurl-errors.html first for more details.
2026-01-21 03:49:10,156 - MainThread - ERROR - Page 357 failed: Failed to perform, curl: (56) Recv failure: Connection was reset. See https://curl.se/libcurl/c/libcurl-errors.html first for more details.
2026-01-21 03:49:10,465 - MainThread - ERROR - Page 350 failed: Failed to perform, curl: (56) Recv failure: Connection was reset. See https://curl.se/libcurl/c/libcurl-errors.html first for more details.
2026-01-21 03:49:10,466 - MainThread - ERROR - Page 346 failed: Failed to perform, curl: (56) Recv failure: Connection was reset. See https://curl.se/libcurl/c/libcurl-errors.html first for more details.
2026-01-21 03:49:10,468 - MainThread - INFO - Waiting 3 seconds before next batch...
2026-01-21 03:49:13,694 - MainThread - INFO - Processing batch 13 with 20 pages
2026-01-21 03:49:14,326 - ThreadPoolExecutor-0_6 - INFO - Scraping page 358: https://www.fotocasa.es/es/comprar/viviendas/espana/todas-las-zonas/l/358
2026-01-21 03:49:14,341 - ThreadPoolExecutor-0_10 - INFO - Scraping page 359: https://www.fotocasa.es/es/comprar/viviendas/espana/todas-las-zonas/l/359
2026-01-21 03:49:14,341 - ThreadPoolExecutor-0_13 - INFO - Scraping page 360: https://www.fotocasa.es/es/comprar/viviendas/espana/todas-las-zonas/l/360
2026-01-21 03:49:14,341 - ThreadPoolExecutor-0_7 - INFO - Scraping page 361: https://www.fotocasa.es/es/comprar/viviendas/espana/todas-las-zonas/l/361
2026-01-21 03:49:14,342 - ThreadPoolExecutor-0_0 - INFO - Scraping page 362: https://www.fotocasa.es/es/comprar/viviendas/espana/todas-las-zonas/l/362
2026-01-21 03:49:14,342 - ThreadPoolExecutor-0_5 - INFO - Scraping page 363: https://www.fotocasa.es/es/comprar/viviendas/espana/todas-las-zonas/l/363
2026-01-21 03:49:14,342 - ThreadPoolExecutor-0_1 - INFO - Scraping page 364: https://www.fotocasa.es/es/comprar/viviendas/espana/todas-las-zonas/l/364
2026-01-21 03:49:14,343 - ThreadPoolExecutor-0_3 - INFO - Scraping page 365: https://www.fotocasa.es/es/comprar/viviendas/espana/todas-las-zonas/l/365
2026-01-21 03:49:14,343 - ThreadPoolExecutor-0_2 - INFO - Scraping page 366: https://www.fotocasa.es/es/comprar/viviendas/espana/todas-las-zonas/l/366
2026-01-21 03:49:14,343 - ThreadPoolExecutor-0_15 - INFO - Scraping page 367: https://www.fotocasa.es/es/comprar/viviendas/espana/todas-las-zonas/l/367
2026-01-21 03:49:14,343 - ThreadPoolExecutor-0_12 - INFO - Scraping page 368: https://www.fotocasa.es/es/comprar/viviendas/espana/todas-las-zonas/l/368
2026-01-21 03:49:14,343 - ThreadPoolExecutor-0_4 - INFO - Scraping page 369: https://www.fotocasa.es/es/comprar/viviendas/espana/todas-las-zonas/l/369
2026-01-21 03:49:14,343 - ThreadPoolExecutor-0_11 - INFO - Scraping page 370: https://www.fotocasa.es/es/comprar/viviendas/espana/todas-las-zonas/l/370
2026-01-21 03:49:14,344 - ThreadPoolExecutor-0_17 - INFO - Scraping page 371: https://www.fotocasa.es/es/comprar/viviendas/espana/todas-las-zonas/l/371
2026-01-21 03:49:14,344 - ThreadPoolExecutor-0_9 - INFO - Scraping page 372: https://www.fotocasa.es/es/comprar/viviendas/espana/todas-las-zonas/l/372
2026-01-21 03:49:14,344 - ThreadPoolExecutor-0_14 - INFO - Scraping page 373: https://www.fotocasa.es/es/comprar/viviendas/espana/todas-las-zonas/l/373
2026-01-21 03:49:14,344 - ThreadPoolExecutor-0_18 - INFO - Scraping page 375: https://www.fotocasa.es/es/comprar/viviendas/espana/todas-las-zonas/l/375
2026-01-21 03:49:14,344 - ThreadPoolExecutor-0_19 - INFO - Scraping page 374: https://www.fotocasa.es/es/comprar/viviendas/espana/todas-las-zonas/l/374
2026-01-21 03:49:14,345 - ThreadPoolExecutor-0_16 - INFO - Scraping page 376: https://www.fotocasa.es/es/comprar/viviendas/espana/todas-las-zonas/l/376
2026-01-21 03:49:14,356 - ThreadPoolExecutor-0_8 - INFO - Scraping page 377: https://www.fotocasa.es/es/comprar/viviendas/espana/todas-las-zonas/l/377
2026-01-21 03:49:16,687 - ThreadPoolExecutor-0_3 - INFO - Extracted 4 properties from page
2026-01-21 03:49:16,707 - ThreadPoolExecutor-0_3 - INFO - Page 365 saved with 4 properties
2026-01-21 03:49:16,718 - MainThread - INFO - Page 365 completed (120 successful, 121 failed)
2026-01-21 03:49:16,739 - ThreadPoolExecutor-0_19 - INFO - Extracted 4 properties from page
2026-01-21 03:49:16,740 - ThreadPoolExecutor-0_19 - INFO - Page 374 saved with 4 properties
2026-01-21 03:49:16,750 - MainThread - INFO - Page 374 completed (121 successful, 121 failed)
2026-01-21 03:49:18,237 - ThreadPoolExecutor-0_16 - INFO - Extracted 4 properties from page
2026-01-21 03:49:18,239 - ThreadPoolExecutor-0_10 - INFO - Extracted 4 properties from page
2026-01-21 03:49:18,243 - ThreadPoolExecutor-0_16 - INFO - Page 376 saved with 4 properties
2026-01-21 03:49:18,255 - ThreadPoolExecutor-0_14 - INFO - Extracted 4 properties from page
2026-01-21 03:49:18,286 - ThreadPoolExecutor-0_10 - INFO - Page 359 saved with 4 properties
2026-01-21 03:49:18,291 - MainThread - INFO - Page 376 completed (122 successful, 121 failed)
2026-01-21 03:49:18,291 - ThreadPoolExecutor-0_17 - INFO - Extracted 4 properties from page
2026-01-21 03:49:18,292 - ThreadPoolExecutor-0_0 - INFO - Extracted 4 properties from page
2026-01-21 03:49:18,293 - ThreadPoolExecutor-0_14 - INFO - Page 373 saved with 4 properties
2026-01-21 03:49:18,357 - MainThread - INFO - Page 359 completed (123 successful, 121 failed)
2026-01-21 03:49:18,359 - ThreadPoolExecutor-0_17 - INFO - Page 371 saved with 4 properties
2026-01-21 03:49:18,432 - MainThread - INFO - Page 373 completed (124 successful, 121 failed)
2026-01-21 03:49:18,461 - ThreadPoolExecutor-0_0 - INFO - Page 362 saved with 4 properties
2026-01-21 03:49:18,462 - MainThread - INFO - Page 371 completed (125 successful, 121 failed)
2026-01-21 03:49:18,488 - MainThread - INFO - Page 362 completed (126 successful, 121 failed)
2026-01-21 03:49:34,328 - ThreadPoolExecutor-0_6 - ERROR - Page 358 failed: Failed to perform, curl: (56) Recv failure: Connection was reset. See https://curl.se/libcurl/c/libcurl-errors.html first for more details.
2026-01-21 03:49:34,328 - MainThread - ERROR - Page 358 failed: Failed to perform, curl: (56) Recv failure: Connection was reset. See https://curl.se/libcurl/c/libcurl-errors.html first for more details.
2026-01-21 03:49:34,437 - ThreadPoolExecutor-0_13 - ERROR - Page 360 failed: Failed to perform, curl: (56) Recv failure: Connection was reset. See https://curl.se/libcurl/c/libcurl-errors.html first for more details.
2026-01-21 03:49:34,438 - MainThread - ERROR - Page 360 failed: Failed to perform, curl: (56) Recv failure: Connection was reset. See https://curl.se/libcurl/c/libcurl-errors.html first for more details.
2026-01-21 03:49:34,640 - ThreadPoolExecutor-0_9 - ERROR - Page 372 failed: Failed to perform, curl: (56) Recv failure: Connection was reset. See https://curl.se/libcurl/c/libcurl-errors.html first for more details.
2026-01-21 03:49:34,641 - ThreadPoolExecutor-0_8 - ERROR - Page 377 failed: Failed to perform, curl: (56) Recv failure: Connection was reset. See https://curl.se/libcurl/c/libcurl-errors.html first for more details.
2026-01-21 03:49:34,641 - ThreadPoolExecutor-0_15 - ERROR - Page 367 failed: Failed to perform, curl: (56) Recv failure: Connection was reset. See https://curl.se/libcurl/c/libcurl-errors.html first for more details.
2026-01-21 03:49:34,642 - ThreadPoolExecutor-0_7 - ERROR - Page 361 failed: Failed to perform, curl: (56) Recv failure: Connection was reset. See https://curl.se/libcurl/c/libcurl-errors.html first for more details.
2026-01-21 03:49:34,642 - ThreadPoolExecutor-0_12 - ERROR - Page 368 failed: Failed to perform, curl: (56) Recv failure: Connection was reset. See https://curl.se/libcurl/c/libcurl-errors.html first for more details.
2026-01-21 03:49:34,643 - MainThread - ERROR - Page 372 failed: Failed to perform, curl: (56) Recv failure: Connection was reset. See https://curl.se/libcurl/c/libcurl-errors.html first for more details.
2026-01-21 03:49:34,644 - MainThread - ERROR - Page 377 failed: Failed to perform, curl: (56) Recv failure: Connection was reset. See https://curl.se/libcurl/c/libcurl-errors.html first for more details.
2026-01-21 03:49:34,644 - MainThread - ERROR - Page 367 failed: Failed to perform, curl: (56) Recv failure: Connection was reset. See https://curl.se/libcurl/c/libcurl-errors.html first for more details.
2026-01-21 03:49:34,644 - MainThread - ERROR - Page 361 failed: Failed to perform, curl: (56) Recv failure: Connection was reset. See https://curl.se/libcurl/c/libcurl-errors.html first for more details.
2026-01-21 03:49:34,645 - MainThread - ERROR - Page 368 failed: Failed to perform, curl: (56) Recv failure: Connection was reset. See https://curl.se/libcurl/c/libcurl-errors.html first for more details.
2026-01-21 03:49:34,700 - ThreadPoolExecutor-0_1 - ERROR - Page 364 failed: Failed to perform, curl: (56) Recv failure: Connection was reset. See https://curl.se/libcurl/c/libcurl-errors.html first for more details.
2026-01-21 03:49:34,700 - ThreadPoolExecutor-0_2 - ERROR - Page 366 failed: Failed to perform, curl: (56) Recv failure: Connection was reset. See https://curl.se/libcurl/c/libcurl-errors.html first for more details.
2026-01-21 03:49:34,701 - MainThread - ERROR - Page 364 failed: Failed to perform, curl: (56) Recv failure: Connection was reset. See https://curl.se/libcurl/c/libcurl-errors.html first for more details.
2026-01-21 03:49:34,701 - MainThread - ERROR - Page 366 failed: Failed to perform, curl: (56) Recv failure: Connection was reset. See https://curl.se/libcurl/c/libcurl-errors.html first for more details.
2026-01-21 03:49:34,715 - ThreadPoolExecutor-0_5 - ERROR - Page 363 failed: Failed to perform, curl: (56) Recv failure: Connection was reset. See https://curl.se/libcurl/c/libcurl-errors.html first for more details.
2026-01-21 03:49:34,718 - MainThread - ERROR - Page 363 failed: Failed to perform, curl: (56) Recv failure: Connection was reset. See https://curl.se/libcurl/c/libcurl-errors.html first for more details.
2026-01-21 03:49:34,933 - ThreadPoolExecutor-0_11 - ERROR - Page 370 failed: Failed to perform, curl: (56) Recv failure: Connection was reset. See https://curl.se/libcurl/c/libcurl-errors.html first for more details.
2026-01-21 03:49:34,934 - MainThread - ERROR - Page 370 failed: Failed to perform, curl: (56) Recv failure: Connection was reset. See https://curl.se/libcurl/c/libcurl-errors.html first for more details.
2026-01-21 03:49:35,011 - ThreadPoolExecutor-0_4 - ERROR - Page 369 failed: Failed to perform, curl: (56) Recv failure: Connection was reset. See https://curl.se/libcurl/c/libcurl-errors.html first for more details.
2026-01-21 03:49:35,012 - ThreadPoolExecutor-0_18 - ERROR - Page 375 failed: Failed to perform, curl: (56) Recv failure: Connection was reset. See https://curl.se/libcurl/c/libcurl-errors.html first for more details.
2026-01-21 03:49:35,012 - MainThread - ERROR - Page 369 failed: Failed to perform, curl: (56) Recv failure: Connection was reset. See https://curl.se/libcurl/c/libcurl-errors.html first for more details.
2026-01-21 03:49:35,013 - MainThread - ERROR - Page 375 failed: Failed to perform, curl: (56) Recv failure: Connection was reset. See https://curl.se/libcurl/c/libcurl-errors.html first for more details.
2026-01-21 03:49:35,014 - MainThread - INFO - Waiting 3 seconds before next batch...
2026-01-21 03:49:38,016 - MainThread - INFO - Processing batch 14 with 20 pages
2026-01-21 03:49:38,017 - ThreadPoolExecutor-0_3 - INFO - Scraping page 378: https://www.fotocasa.es/es/comprar/viviendas/espana/todas-las-zonas/l/378
2026-01-21 03:49:38,017 - ThreadPoolExecutor-0_19 - INFO - Scraping page 379: https://www.fotocasa.es/es/comprar/viviendas/espana/todas-las-zonas/l/379
2026-01-21 03:49:38,017 - ThreadPoolExecutor-0_16 - INFO - Scraping page 380: https://www.fotocasa.es/es/comprar/viviendas/espana/todas-las-zonas/l/380
2026-01-21 03:49:38,017 - ThreadPoolExecutor-0_10 - INFO - Scraping page 381: https://www.fotocasa.es/es/comprar/viviendas/espana/todas-las-zonas/l/381
2026-01-21 03:49:38,017 - ThreadPoolExecutor-0_14 - INFO - Scraping page 382: https://www.fotocasa.es/es/comprar/viviendas/espana/todas-las-zonas/l/382
2026-01-21 03:49:38,019 - ThreadPoolExecutor-0_17 - INFO - Scraping page 383: https://www.fotocasa.es/es/comprar/viviendas/espana/todas-las-zonas/l/383
2026-01-21 03:49:38,019 - ThreadPoolExecutor-0_6 - INFO - Scraping page 385: https://www.fotocasa.es/es/comprar/viviendas/espana/todas-las-zonas/l/385
2026-01-21 03:49:38,019 - ThreadPoolExecutor-0_0 - INFO - Scraping page 384: https://www.fotocasa.es/es/comprar/viviendas/espana/todas-las-zonas/l/384
2026-01-21 03:49:38,019 - ThreadPoolExecutor-0_13 - INFO - Scraping page 386: https://www.fotocasa.es/es/comprar/viviendas/espana/todas-las-zonas/l/386
2026-01-21 03:49:38,020 - ThreadPoolExecutor-0_9 - INFO - Scraping page 387: https://www.fotocasa.es/es/comprar/viviendas/espana/todas-las-zonas/l/387
2026-01-21 03:49:38,020 - ThreadPoolExecutor-0_8 - INFO - Scraping page 388: https://www.fotocasa.es/es/comprar/viviendas/espana/todas-las-zonas/l/388
2026-01-21 03:49:38,022 - ThreadPoolExecutor-0_15 - INFO - Scraping page 389: https://www.fotocasa.es/es/comprar/viviendas/espana/todas-las-zonas/l/389
2026-01-21 03:49:38,022 - ThreadPoolExecutor-0_7 - INFO - Scraping page 390: https://www.fotocasa.es/es/comprar/viviendas/espana/todas-las-zonas/l/390
2026-01-21 03:49:38,022 - ThreadPoolExecutor-0_12 - INFO - Scraping page 391: https://www.fotocasa.es/es/comprar/viviendas/espana/todas-las-zonas/l/391
2026-01-21 03:49:38,023 - ThreadPoolExecutor-0_2 - INFO - Scraping page 393: https://www.fotocasa.es/es/comprar/viviendas/espana/todas-las-zonas/l/393
2026-01-21 03:49:38,023 - ThreadPoolExecutor-0_1 - INFO - Scraping page 392: https://www.fotocasa.es/es/comprar/viviendas/espana/todas-las-zonas/l/392
2026-01-21 03:49:38,025 - ThreadPoolExecutor-0_11 - INFO - Scraping page 395: https://www.fotocasa.es/es/comprar/viviendas/espana/todas-las-zonas/l/395
2026-01-21 03:49:38,025 - ThreadPoolExecutor-0_5 - INFO - Scraping page 394: https://www.fotocasa.es/es/comprar/viviendas/espana/todas-las-zonas/l/394
2026-01-21 03:49:38,026 - ThreadPoolExecutor-0_4 - INFO - Scraping page 396: https://www.fotocasa.es/es/comprar/viviendas/espana/todas-las-zonas/l/396
2026-01-21 03:49:38,028 - ThreadPoolExecutor-0_18 - INFO - Scraping page 397: https://www.fotocasa.es/es/comprar/viviendas/espana/todas-las-zonas/l/397
2026-01-21 03:49:42,192 - ThreadPoolExecutor-0_17 - INFO - Extracted 4 properties from page
2026-01-21 03:49:42,193 - ThreadPoolExecutor-0_17 - INFO - Page 383 saved with 4 properties
2026-01-21 03:49:42,194 - MainThread - INFO - Page 383 completed (127 successful, 134 failed)
2026-01-21 03:49:42,199 - ThreadPoolExecutor-0_11 - INFO - Extracted 4 properties from page
2026-01-21 03:49:42,574 - ThreadPoolExecutor-0_11 - INFO - Page 395 saved with 4 properties
2026-01-21 03:49:42,601 - MainThread - INFO - Page 395 completed (128 successful, 134 failed)
2026-01-21 03:49:43,228 - ThreadPoolExecutor-0_18 - INFO - Extracted 4 properties from page
2026-01-21 03:49:43,313 - ThreadPoolExecutor-0_18 - INFO - Page 397 saved with 4 properties
2026-01-21 03:49:43,316 - MainThread - INFO - Page 397 completed (129 successful, 134 failed)
2026-01-21 03:49:45,034 - ThreadPoolExecutor-0_2 - INFO - Extracted 4 properties from page
2026-01-21 03:49:45,041 - ThreadPoolExecutor-0_2 - INFO - Page 393 saved with 4 properties
2026-01-21 03:49:45,051 - MainThread - INFO - Page 393 completed (130 successful, 134 failed)
2026-01-21 03:49:45,054 - ThreadPoolExecutor-0_0 - INFO - Extracted 4 properties from page
2026-01-21 03:49:45,057 - ThreadPoolExecutor-0_9 - INFO - Extracted 4 properties from page
2026-01-21 03:49:45,058 - ThreadPoolExecutor-0_3 - INFO - Extracted 4 properties from page
2026-01-21 03:49:45,059 - ThreadPoolExecutor-0_9 - INFO - Page 387 saved with 4 properties
2026-01-21 03:49:45,059 - ThreadPoolExecutor-0_0 - INFO - Page 384 saved with 4 properties
2026-01-21 03:49:45,060 - MainThread - INFO - Page 387 completed (131 successful, 134 failed)
2026-01-21 03:49:45,061 - MainThread - INFO - Page 384 completed (132 successful, 134 failed)
2026-01-21 03:49:45,064 - ThreadPoolExecutor-0_3 - INFO - Page 378 saved with 4 properties
2026-01-21 03:49:45,360 - MainThread - INFO - Page 378 completed (133 successful, 134 failed)
2026-01-21 03:49:57,435 - ThreadPoolExecutor-0_15 - ERROR - Page 389 failed: Failed to perform, curl: (56) Recv failure: Connection was reset. See https://curl.se/libcurl/c/libcurl-errors.html first for more details.
2026-01-21 03:49:57,436 - ThreadPoolExecutor-0_14 - ERROR - Page 382 failed: Failed to perform, curl: (56) Recv failure: Connection was reset. See https://curl.se/libcurl/c/libcurl-errors.html first for more details.
2026-01-21 03:49:57,436 - MainThread - ERROR - Page 389 failed: Failed to perform, curl: (56) Recv failure: Connection was reset. See https://curl.se/libcurl/c/libcurl-errors.html first for more details.
2026-01-21 03:49:57,530 - ThreadPoolExecutor-0_8 - ERROR - Page 388 failed: Failed to perform, curl: (56) Recv failure: Connection was reset. See https://curl.se/libcurl/c/libcurl-errors.html first for more details.
2026-01-21 03:49:57,530 - ThreadPoolExecutor-0_19 - ERROR - Page 379 failed: Failed to perform, curl: (56) Recv failure: Connection was reset. See https://curl.se/libcurl/c/libcurl-errors.html first for more details.
2026-01-21 03:49:57,532 - MainThread - ERROR - Page 388 failed: Failed to perform, curl: (56) Recv failure: Connection was reset. See https://curl.se/libcurl/c/libcurl-errors.html first for more details.
2026-01-21 03:49:57,533 - MainThread - ERROR - Page 379 failed: Failed to perform, curl: (56) Recv failure: Connection was reset. See https://curl.se/libcurl/c/libcurl-errors.html first for more details.
2026-01-21 03:49:57,624 - ThreadPoolExecutor-0_7 - ERROR - Page 390 failed: Failed to perform, curl: (56) Recv failure: Connection was reset. See https://curl.se/libcurl/c/libcurl-errors.html first for more details.
2026-01-21 03:49:57,624 - MainThread - ERROR - Page 390 failed: Failed to perform, curl: (56) Recv failure: Connection was reset. See https://curl.se/libcurl/c/libcurl-errors.html first for more details.
2026-01-21 03:49:57,700 - ThreadPoolExecutor-0_16 - ERROR - Page 380 failed: Failed to perform, curl: (56) Recv failure: Connection was reset. See https://curl.se/libcurl/c/libcurl-errors.html first for more details.
2026-01-21 03:49:57,702 - ThreadPoolExecutor-0_6 - ERROR - Page 385 failed: Failed to perform, curl: (56) Recv failure: Connection was reset. See https://curl.se/libcurl/c/libcurl-errors.html first for more details.
2026-01-21 03:49:57,703 - ThreadPoolExecutor-0_4 - ERROR - Page 396 failed: Failed to perform, curl: (56) Recv failure: Connection was reset. See https://curl.se/libcurl/c/libcurl-errors.html first for more details.
2026-01-21 03:49:57,703 - ThreadPoolExecutor-0_13 - ERROR - Page 386 failed: Failed to perform, curl: (56) Recv failure: Connection was reset. See https://curl.se/libcurl/c/libcurl-errors.html first for more details.
2026-01-21 03:49:57,703 - ThreadPoolExecutor-0_1 - ERROR - Page 392 failed: Failed to perform, curl: (56) Recv failure: Connection was reset. See https://curl.se/libcurl/c/libcurl-errors.html first for more details.
2026-01-21 03:49:57,704 - ThreadPoolExecutor-0_10 - ERROR - Page 381 failed: Failed to perform, curl: (56) Recv failure: Connection was reset. See https://curl.se/libcurl/c/libcurl-errors.html first for more details.
2026-01-21 03:49:57,704 - MainThread - ERROR - Page 385 failed: Failed to perform, curl: (56) Recv failure: Connection was reset. See https://curl.se/libcurl/c/libcurl-errors.html first for more details.
2026-01-21 03:49:57,704 - MainThread - ERROR - Page 396 failed: Failed to perform, curl: (56) Recv failure: Connection was reset. See https://curl.se/libcurl/c/libcurl-errors.html first for more details.
2026-01-21 03:49:57,706 - MainThread - ERROR - Page 386 failed: Failed to perform, curl: (56) Recv failure: Connection was reset. See https://curl.se/libcurl/c/libcurl-errors.html first for more details.
2026-01-21 03:49:57,706 - MainThread - ERROR - Page 381 failed: Failed to perform, curl: (56) Recv failure: Connection was reset. See https://curl.se/libcurl/c/libcurl-errors.html first for more details.
2026-01-21 03:49:57,740 - MainThread - ERROR - Page 382 failed: Failed to perform, curl: (56) Recv failure: Connection was reset. See https://curl.se/libcurl/c/libcurl-errors.html first for more details.
2026-01-21 03:49:57,741 - ThreadPoolExecutor-0_5 - ERROR - Page 394 failed: Failed to perform, curl: (56) Recv failure: Connection was reset. See https://curl.se/libcurl/c/libcurl-errors.html first for more details.
2026-01-21 03:49:57,842 - ThreadPoolExecutor-0_12 - ERROR - Page 391 failed: Failed to perform, curl: (56) Recv failure: Connection was reset. See https://curl.se/libcurl/c/libcurl-errors.html first for more details.
2026-01-21 03:49:58,097 - MainThread - ERROR - Page 391 failed: Failed to perform, curl: (56) Recv failure: Connection was reset. See https://curl.se/libcurl/c/libcurl-errors.html first for more details.
2026-01-21 03:49:58,168 - MainThread - ERROR - Page 380 failed: Failed to perform, curl: (56) Recv failure: Connection was reset. See https://curl.se/libcurl/c/libcurl-errors.html first for more details.
2026-01-21 03:49:58,169 - MainThread - ERROR - Page 394 failed: Failed to perform, curl: (56) Recv failure: Connection was reset. See https://curl.se/libcurl/c/libcurl-errors.html first for more details.
2026-01-21 03:49:58,172 - MainThread - ERROR - Page 392 failed: Failed to perform, curl: (56) Recv failure: Connection was reset. See https://curl.se/libcurl/c/libcurl-errors.html first for more details.
2026-01-21 03:49:58,174 - MainThread - INFO - Waiting 3 seconds before next batch...
2026-01-21 03:50:01,174 - MainThread - INFO - Processing batch 15 with 20 pages
2026-01-21 03:50:01,175 - ThreadPoolExecutor-0_17 - INFO - Scraping page 398: https://www.fotocasa.es/es/comprar/viviendas/espana/todas-las-zonas/l/398
2026-01-21 03:50:01,175 - ThreadPoolExecutor-0_11 - INFO - Scraping page 399: https://www.fotocasa.es/es/comprar/viviendas/espana/todas-las-zonas/l/399
2026-01-21 03:50:01,175 - ThreadPoolExecutor-0_18 - INFO - Scraping page 400: https://www.fotocasa.es/es/comprar/viviendas/espana/todas-las-zonas/l/400
2026-01-21 03:50:01,194 - ThreadPoolExecutor-0_2 - INFO - Scraping page 401: https://www.fotocasa.es/es/comprar/viviendas/espana/todas-las-zonas/l/401
2026-01-21 03:50:01,204 - ThreadPoolExecutor-0_9 - INFO - Scraping page 402: https://www.fotocasa.es/es/comprar/viviendas/espana/todas-las-zonas/l/402
2026-01-21 03:50:01,208 - ThreadPoolExecutor-0_0 - INFO - Scraping page 403: https://www.fotocasa.es/es/comprar/viviendas/espana/todas-las-zonas/l/403
2026-01-21 03:50:01,209 - ThreadPoolExecutor-0_15 - INFO - Scraping page 405: https://www.fotocasa.es/es/comprar/viviendas/espana/todas-las-zonas/l/405
2026-01-21 03:50:01,209 - ThreadPoolExecutor-0_8 - INFO - Scraping page 406: https://www.fotocasa.es/es/comprar/viviendas/espana/todas-las-zonas/l/406
2026-01-21 03:50:01,210 - ThreadPoolExecutor-0_19 - INFO - Scraping page 407: https://www.fotocasa.es/es/comprar/viviendas/espana/todas-las-zonas/l/407
2026-01-21 03:50:01,210 - ThreadPoolExecutor-0_7 - INFO - Scraping page 408: https://www.fotocasa.es/es/comprar/viviendas/espana/todas-las-zonas/l/408
2026-01-21 03:50:01,210 - ThreadPoolExecutor-0_6 - INFO - Scraping page 409: https://www.fotocasa.es/es/comprar/viviendas/espana/todas-las-zonas/l/409
2026-01-21 03:50:01,210 - ThreadPoolExecutor-0_4 - INFO - Scraping page 410: https://www.fotocasa.es/es/comprar/viviendas/espana/todas-las-zonas/l/410
2026-01-21 03:50:01,210 - ThreadPoolExecutor-0_13 - INFO - Scraping page 411: https://www.fotocasa.es/es/comprar/viviendas/espana/todas-las-zonas/l/411
2026-01-21 03:50:01,210 - ThreadPoolExecutor-0_10 - INFO - Scraping page 412: https://www.fotocasa.es/es/comprar/viviendas/espana/todas-las-zonas/l/412
2026-01-21 03:50:01,211 - ThreadPoolExecutor-0_3 - INFO - Scraping page 404: https://www.fotocasa.es/es/comprar/viviendas/espana/todas-las-zonas/l/404
2026-01-21 03:50:01,212 - ThreadPoolExecutor-0_14 - INFO - Scraping page 413: https://www.fotocasa.es/es/comprar/viviendas/espana/todas-las-zonas/l/413
2026-01-21 03:50:01,212 - ThreadPoolExecutor-0_12 - INFO - Scraping page 414: https://www.fotocasa.es/es/comprar/viviendas/espana/todas-las-zonas/l/414
2026-01-21 03:50:01,221 - ThreadPoolExecutor-0_16 - INFO - Scraping page 415: https://www.fotocasa.es/es/comprar/viviendas/espana/todas-las-zonas/l/415
2026-01-21 03:50:01,223 - ThreadPoolExecutor-0_5 - INFO - Scraping page 416: https://www.fotocasa.es/es/comprar/viviendas/espana/todas-las-zonas/l/416
2026-01-21 03:50:01,224 - ThreadPoolExecutor-0_1 - INFO - Scraping page 417: https://www.fotocasa.es/es/comprar/viviendas/espana/todas-las-zonas/l/417
2026-01-21 03:50:05,607 - ThreadPoolExecutor-0_10 - INFO - Extracted 4 properties from page
2026-01-21 03:50:05,607 - ThreadPoolExecutor-0_17 - INFO - Extracted 4 properties from page
2026-01-21 03:50:05,628 - ThreadPoolExecutor-0_6 - INFO - Extracted 4 properties from page
2026-01-21 03:50:05,632 - ThreadPoolExecutor-0_18 - INFO - Extracted 4 properties from page
2026-01-21 03:50:05,633 - ThreadPoolExecutor-0_10 - INFO - Page 412 saved with 4 properties
2026-01-21 03:50:05,633 - ThreadPoolExecutor-0_12 - INFO - Extracted 4 properties from page
2026-01-21 03:50:05,636 - ThreadPoolExecutor-0_4 - INFO - Extracted 4 properties from page
2026-01-21 03:50:05,638 - ThreadPoolExecutor-0_5 - INFO - Extracted 4 properties from page
2026-01-21 03:50:05,639 - ThreadPoolExecutor-0_15 - INFO - Extracted 4 properties from page
2026-01-21 03:50:05,643 - ThreadPoolExecutor-0_1 - INFO - Extracted 4 properties from page
2026-01-21 03:50:05,644 - ThreadPoolExecutor-0_9 - INFO - Extracted 4 properties from page
2026-01-21 03:50:05,644 - ThreadPoolExecutor-0_8 - INFO - Extracted 4 properties from page
2026-01-21 03:50:05,644 - ThreadPoolExecutor-0_17 - INFO - Page 398 saved with 4 properties
2026-01-21 03:50:05,644 - ThreadPoolExecutor-0_16 - INFO - Extracted 4 properties from page
2026-01-21 03:50:05,647 - MainThread - INFO - Page 412 completed (134 successful, 147 failed)
2026-01-21 03:50:05,648 - ThreadPoolExecutor-0_18 - INFO - Page 400 saved with 4 properties
2026-01-21 03:50:05,673 - ThreadPoolExecutor-0_6 - INFO - Page 409 saved with 4 properties
2026-01-21 03:50:05,675 - ThreadPoolExecutor-0_4 - INFO - Page 410 saved with 4 properties
2026-01-21 03:50:05,676 - ThreadPoolExecutor-0_5 - INFO - Page 416 saved with 4 properties
2026-01-21 03:50:05,676 - ThreadPoolExecutor-0_12 - INFO - Page 414 saved with 4 properties
2026-01-21 03:50:05,682 - ThreadPoolExecutor-0_1 - INFO - Page 417 saved with 4 properties
2026-01-21 03:50:05,682 - ThreadPoolExecutor-0_15 - INFO - Page 405 saved with 4 properties
2026-01-21 03:50:05,685 - ThreadPoolExecutor-0_8 - INFO - Page 406 saved with 4 properties
2026-01-21 03:50:05,685 - ThreadPoolExecutor-0_9 - INFO - Page 402 saved with 4 properties
2026-01-21 03:50:05,686 - MainThread - INFO - Page 398 completed (135 successful, 147 failed)
2026-01-21 03:50:05,691 - ThreadPoolExecutor-0_16 - INFO - Page 415 saved with 4 properties
2026-01-21 03:50:05,694 - MainThread - INFO - Page 400 completed (136 successful, 147 failed)
2026-01-21 03:50:05,695 - MainThread - INFO - Page 409 completed (137 successful, 147 failed)
2026-01-21 03:50:05,695 - MainThread - INFO - Page 410 completed (138 successful, 147 failed)
2026-01-21 03:50:05,696 - MainThread - INFO - Page 416 completed (139 successful, 147 failed)
2026-01-21 03:50:05,696 - MainThread - INFO - Page 414 completed (140 successful, 147 failed)
2026-01-21 03:50:05,697 - MainThread - INFO - Page 417 completed (141 successful, 147 failed)
2026-01-21 03:50:05,697 - MainThread - INFO - Page 405 completed (142 successful, 147 failed)
2026-01-21 03:50:05,697 - MainThread - INFO - Page 406 completed (143 successful, 147 failed)
2026-01-21 03:50:05,697 - MainThread - INFO - Page 402 completed (144 successful, 147 failed)
2026-01-21 03:50:05,697 - MainThread - INFO - Page 415 completed (145 successful, 147 failed)
2026-01-21 03:50:21,089 - ThreadPoolExecutor-0_3 - ERROR - Page 404 failed: Failed to perform, curl: (56) Recv failure: Connection was reset. See https://curl.se/libcurl/c/libcurl-errors.html first for more details.
2026-01-21 03:50:21,090 - MainThread - ERROR - Page 404 failed: Failed to perform, curl: (56) Recv failure: Connection was reset. See https://curl.se/libcurl/c/libcurl-errors.html first for more details.
2026-01-21 03:50:21,166 - ThreadPoolExecutor-0_19 - ERROR - Page 407 failed: Failed to perform, curl: (56) Recv failure: Connection was reset. See https://curl.se/libcurl/c/libcurl-errors.html first for more details.
2026-01-21 03:50:21,167 - ThreadPoolExecutor-0_13 - ERROR - Page 411 failed: Failed to perform, curl: (56) Recv failure: Connection was reset. See https://curl.se/libcurl/c/libcurl-errors.html first for more details.
2026-01-21 03:50:21,168 - ThreadPoolExecutor-0_0 - ERROR - Page 403 failed: Failed to perform, curl: (56) Recv failure: Connection was reset. See https://curl.se/libcurl/c/libcurl-errors.html first for more details.
2026-01-21 03:50:21,169 - MainThread - ERROR - Page 407 failed: Failed to perform, curl: (56) Recv failure: Connection was reset. See https://curl.se/libcurl/c/libcurl-errors.html first for more details.
2026-01-21 03:50:21,169 - MainThread - ERROR - Page 403 failed: Failed to perform, curl: (56) Recv failure: Connection was reset. See https://curl.se/libcurl/c/libcurl-errors.html first for more details.
2026-01-21 03:50:21,170 - MainThread - ERROR - Page 411 failed: Failed to perform, curl: (56) Recv failure: Connection was reset. See https://curl.se/libcurl/c/libcurl-errors.html first for more details.
2026-01-21 03:50:21,181 - ThreadPoolExecutor-0_2 - ERROR - Page 401 failed: Failed to perform, curl: (56) Recv failure: Connection was reset. See https://curl.se/libcurl/c/libcurl-errors.html first for more details.
2026-01-21 03:50:21,182 - ThreadPoolExecutor-0_11 - ERROR - Page 399 failed: Failed to perform, curl: (56) Recv failure: Connection was reset. See https://curl.se/libcurl/c/libcurl-errors.html first for more details.
2026-01-21 03:50:21,182 - MainThread - ERROR - Page 401 failed: Failed to perform, curl: (56) Recv failure: Connection was reset. See https://curl.se/libcurl/c/libcurl-errors.html first for more details.
2026-01-21 03:50:21,183 - MainThread - ERROR - Page 399 failed: Failed to perform, curl: (56) Recv failure: Connection was reset. See https://curl.se/libcurl/c/libcurl-errors.html first for more details.
2026-01-21 03:50:21,351 - ThreadPoolExecutor-0_14 - ERROR - Page 413 failed: Failed to perform, curl: (56) Recv failure: Connection was reset. See https://curl.se/libcurl/c/libcurl-errors.html first for more details.
2026-01-21 03:50:21,352 - MainThread - ERROR - Page 413 failed: Failed to perform, curl: (56) Recv failure: Connection was reset. See https://curl.se/libcurl/c/libcurl-errors.html first for more details.
2026-01-21 03:50:21,367 - ThreadPoolExecutor-0_7 - ERROR - Page 408 failed: Failed to perform, curl: (56) Recv failure: Connection was reset. See https://curl.se/libcurl/c/libcurl-errors.html first for more details.
2026-01-21 03:50:21,368 - MainThread - ERROR - Page 408 failed: Failed to perform, curl: (56) Recv failure: Connection was reset. See https://curl.se/libcurl/c/libcurl-errors.html first for more details.
2026-01-21 03:50:21,369 - MainThread - INFO - Waiting 3 seconds before next batch...
2026-01-21 03:50:24,371 - MainThread - INFO - Processing batch 16 with 20 pages
2026-01-21 03:50:24,682 - ThreadPoolExecutor-0_10 - INFO - Scraping page 418: https://www.fotocasa.es/es/comprar/viviendas/espana/todas-las-zonas/l/418
2026-01-21 03:50:24,685 - ThreadPoolExecutor-0_17 - INFO - Scraping page 419: https://www.fotocasa.es/es/comprar/viviendas/espana/todas-las-zonas/l/419
2026-01-21 03:50:24,686 - ThreadPoolExecutor-0_18 - INFO - Scraping page 420: https://www.fotocasa.es/es/comprar/viviendas/espana/todas-las-zonas/l/420
2026-01-21 03:50:24,688 - ThreadPoolExecutor-0_6 - INFO - Scraping page 421: https://www.fotocasa.es/es/comprar/viviendas/espana/todas-las-zonas/l/421
2026-01-21 03:50:24,689 - ThreadPoolExecutor-0_4 - INFO - Scraping page 422: https://www.fotocasa.es/es/comprar/viviendas/espana/todas-las-zonas/l/422
2026-01-21 03:50:24,690 - ThreadPoolExecutor-0_5 - INFO - Scraping page 423: https://www.fotocasa.es/es/comprar/viviendas/espana/todas-las-zonas/l/423
2026-01-21 03:50:24,690 - ThreadPoolExecutor-0_12 - INFO - Scraping page 424: https://www.fotocasa.es/es/comprar/viviendas/espana/todas-las-zonas/l/424
2026-01-21 03:50:24,691 - ThreadPoolExecutor-0_1 - INFO - Scraping page 425: https://www.fotocasa.es/es/comprar/viviendas/espana/todas-las-zonas/l/425
2026-01-21 03:50:24,691 - ThreadPoolExecutor-0_15 - INFO - Scraping page 426: https://www.fotocasa.es/es/comprar/viviendas/espana/todas-las-zonas/l/426
2026-01-21 03:50:24,692 - ThreadPoolExecutor-0_8 - INFO - Scraping page 427: https://www.fotocasa.es/es/comprar/viviendas/espana/todas-las-zonas/l/427
2026-01-21 03:50:24,692 - ThreadPoolExecutor-0_9 - INFO - Scraping page 428: https://www.fotocasa.es/es/comprar/viviendas/espana/todas-las-zonas/l/428
2026-01-21 03:50:24,693 - ThreadPoolExecutor-0_16 - INFO - Scraping page 429: https://www.fotocasa.es/es/comprar/viviendas/espana/todas-las-zonas/l/429
2026-01-21 03:50:24,694 - ThreadPoolExecutor-0_3 - INFO - Scraping page 430: https://www.fotocasa.es/es/comprar/viviendas/espana/todas-las-zonas/l/430
2026-01-21 03:50:24,694 - ThreadPoolExecutor-0_19 - INFO - Scraping page 431: https://www.fotocasa.es/es/comprar/viviendas/espana/todas-las-zonas/l/431
2026-01-21 03:50:24,695 - ThreadPoolExecutor-0_0 - INFO - Scraping page 432: https://www.fotocasa.es/es/comprar/viviendas/espana/todas-las-zonas/l/432
2026-01-21 03:50:24,696 - ThreadPoolExecutor-0_2 - INFO - Scraping page 434: https://www.fotocasa.es/es/comprar/viviendas/espana/todas-las-zonas/l/434
2026-01-21 03:50:24,696 - ThreadPoolExecutor-0_13 - INFO - Scraping page 433: https://www.fotocasa.es/es/comprar/viviendas/espana/todas-las-zonas/l/433
2026-01-21 03:50:24,697 - ThreadPoolExecutor-0_11 - INFO - Scraping page 435: https://www.fotocasa.es/es/comprar/viviendas/espana/todas-las-zonas/l/435
2026-01-21 03:50:24,950 - ThreadPoolExecutor-0_14 - INFO - Scraping page 436: https://www.fotocasa.es/es/comprar/viviendas/espana/todas-las-zonas/l/436
2026-01-21 03:50:24,951 - ThreadPoolExecutor-0_7 - INFO - Scraping page 437: https://www.fotocasa.es/es/comprar/viviendas/espana/todas-las-zonas/l/437
2026-01-21 03:50:27,855 - ThreadPoolExecutor-0_10 - INFO - Extracted 4 properties from page
2026-01-21 03:50:27,856 - ThreadPoolExecutor-0_10 - INFO - Page 418 saved with 4 properties
2026-01-21 03:50:27,860 - MainThread - INFO - Page 418 completed (146 successful, 155 failed)
2026-01-21 03:50:30,411 - ThreadPoolExecutor-0_4 - INFO - Extracted 4 properties from page
2026-01-21 03:50:30,458 - ThreadPoolExecutor-0_4 - INFO - Page 422 saved with 4 properties
2026-01-21 03:50:30,478 - MainThread - INFO - Page 422 completed (147 successful, 155 failed)
2026-01-21 03:50:30,653 - ThreadPoolExecutor-0_12 - INFO - Extracted 4 properties from page
2026-01-21 03:50:30,665 - ThreadPoolExecutor-0_3 - INFO - Extracted 4 properties from page
2026-01-21 03:50:30,689 - ThreadPoolExecutor-0_14 - INFO - Extracted 4 properties from page
2026-01-21 03:50:30,689 - ThreadPoolExecutor-0_9 - INFO - Extracted 4 properties from page
2026-01-21 03:50:30,693 - ThreadPoolExecutor-0_12 - INFO - Page 424 saved with 4 properties
2026-01-21 03:50:30,697 - ThreadPoolExecutor-0_2 - INFO - Extracted 4 properties from page
2026-01-21 03:50:30,698 - ThreadPoolExecutor-0_0 - INFO - Extracted 4 properties from page
2026-01-21 03:50:30,726 - ThreadPoolExecutor-0_3 - INFO - Page 430 saved with 4 properties
2026-01-21 03:50:30,731 - ThreadPoolExecutor-0_9 - INFO - Page 428 saved with 4 properties
2026-01-21 03:50:30,731 - ThreadPoolExecutor-0_14 - INFO - Page 436 saved with 4 properties
2026-01-21 03:50:30,742 - ThreadPoolExecutor-0_16 - INFO - Extracted 4 properties from page
2026-01-21 03:50:30,743 - MainThread - INFO - Page 424 completed (148 successful, 155 failed)
2026-01-21 03:50:30,746 - ThreadPoolExecutor-0_2 - INFO - Page 434 saved with 4 properties
2026-01-21 03:50:30,747 - ThreadPoolExecutor-0_0 - INFO - Page 432 saved with 4 properties
2026-01-21 03:50:30,760 - MainThread - INFO - Page 430 completed (149 successful, 155 failed)
2026-01-21 03:50:30,761 - ThreadPoolExecutor-0_16 - INFO - Page 429 saved with 4 properties
2026-01-21 03:50:30,764 - MainThread - INFO - Page 428 completed (150 successful, 155 failed)
2026-01-21 03:50:30,765 - MainThread - INFO - Page 436 completed (151 successful, 155 failed)
2026-01-21 03:50:30,765 - MainThread - INFO - Page 434 completed (152 successful, 155 failed)
2026-01-21 03:50:30,765 - MainThread - INFO - Page 432 completed (153 successful, 155 failed)
2026-01-21 03:50:30,766 - MainThread - INFO - Page 429 completed (154 successful, 155 failed)
2026-01-21 03:50:31,655 - ThreadPoolExecutor-0_13 - INFO - Extracted 4 properties from page
2026-01-21 03:50:31,656 - ThreadPoolExecutor-0_13 - INFO - Page 433 saved with 4 properties
2026-01-21 03:50:31,694 - MainThread - INFO - Page 433 completed (155 successful, 155 failed)
2026-01-21 03:50:32,126 - ThreadPoolExecutor-0_11 - INFO - Extracted 4 properties from page
2026-01-21 03:50:32,128 - ThreadPoolExecutor-0_11 - INFO - Page 435 saved with 4 properties
2026-01-21 03:50:32,182 - MainThread - INFO - Page 435 completed (156 successful, 155 failed)
2026-01-21 03:50:45,535 - ThreadPoolExecutor-0_15 - ERROR - Page 426 failed: Failed to perform, curl: (56) Recv failure: Connection was reset. See https://curl.se/libcurl/c/libcurl-errors.html first for more details.
2026-01-21 03:50:45,536 - MainThread - ERROR - Page 426 failed: Failed to perform, curl: (56) Recv failure: Connection was reset. See https://curl.se/libcurl/c/libcurl-errors.html first for more details.
2026-01-21 03:50:45,971 - ThreadPoolExecutor-0_1 - ERROR - Page 425 failed: Failed to perform, curl: (56) Recv failure: Connection was reset. See https://curl.se/libcurl/c/libcurl-errors.html first for more details.
2026-01-21 03:50:45,971 - ThreadPoolExecutor-0_6 - ERROR - Page 421 failed: Failed to perform, curl: (56) Recv failure: Connection was reset. See https://curl.se/libcurl/c/libcurl-errors.html first for more details.
2026-01-21 03:50:45,977 - MainThread - ERROR - Page 421 failed: Failed to perform, curl: (56) Recv failure: Connection was reset. See https://curl.se/libcurl/c/libcurl-errors.html first for more details.
2026-01-21 03:50:45,979 - MainThread - ERROR - Page 425 failed: Failed to perform, curl: (56) Recv failure: Connection was reset. See https://curl.se/libcurl/c/libcurl-errors.html first for more details.
2026-01-21 03:50:46,032 - ThreadPoolExecutor-0_18 - ERROR - Page 420 failed: Failed to perform, curl: (56) Recv failure: Connection was reset. See https://curl.se/libcurl/c/libcurl-errors.html first for more details.
2026-01-21 03:50:46,033 - ThreadPoolExecutor-0_5 - ERROR - Page 423 failed: Failed to perform, curl: (56) Recv failure: Connection was reset. See https://curl.se/libcurl/c/libcurl-errors.html first for more details.
2026-01-21 03:50:46,037 - MainThread - ERROR - Page 420 failed: Failed to perform, curl: (56) Recv failure: Connection was reset. See https://curl.se/libcurl/c/libcurl-errors.html first for more details.
2026-01-21 03:50:46,048 - MainThread - ERROR - Page 423 failed: Failed to perform, curl: (56) Recv failure: Connection was reset. See https://curl.se/libcurl/c/libcurl-errors.html first for more details.
2026-01-21 03:50:46,252 - ThreadPoolExecutor-0_17 - ERROR - Page 419 failed: Failed to perform, curl: (56) Recv failure: Connection was reset. See https://curl.se/libcurl/c/libcurl-errors.html first for more details.
2026-01-21 03:50:46,257 - MainThread - ERROR - Page 419 failed: Failed to perform, curl: (56) Recv failure: Connection was reset. See https://curl.se/libcurl/c/libcurl-errors.html first for more details.
2026-01-21 03:50:46,423 - ThreadPoolExecutor-0_8 - ERROR - Page 427 failed: Failed to perform, curl: (56) Recv failure: Connection was reset. See https://curl.se/libcurl/c/libcurl-errors.html first for more details.
2026-01-21 03:50:46,426 - MainThread - ERROR - Page 427 failed: Failed to perform, curl: (56) Recv failure: Connection was reset. See https://curl.se/libcurl/c/libcurl-errors.html first for more details.
2026-01-21 03:50:46,981 - ThreadPoolExecutor-0_7 - ERROR - Page 437 failed: Failed to perform, curl: (56) Recv failure: Connection was reset. See https://curl.se/libcurl/c/libcurl-errors.html first for more details.
2026-01-21 03:50:46,982 - MainThread - ERROR - Page 437 failed: Failed to perform, curl: (56) Recv failure: Connection was reset. See https://curl.se/libcurl/c/libcurl-errors.html first for more details.
2026-01-21 03:50:47,193 - ThreadPoolExecutor-0_19 - ERROR - Page 431 failed: Failed to perform, curl: (56) Recv failure: Connection was reset. See https://curl.se/libcurl/c/libcurl-errors.html first for more details.
2026-01-21 03:50:47,194 - MainThread - ERROR - Page 431 failed: Failed to perform, curl: (56) Recv failure: Connection was reset. See https://curl.se/libcurl/c/libcurl-errors.html first for more details.
2026-01-21 03:50:47,196 - MainThread - INFO - Waiting 3 seconds before next batch...
2026-01-21 03:50:50,197 - MainThread - INFO - Processing batch 17 with 20 pages
2026-01-21 03:50:50,198 - ThreadPoolExecutor-0_10 - INFO - Scraping page 438: https://www.fotocasa.es/es/comprar/viviendas/espana/todas-las-zonas/l/438
2026-01-21 03:50:50,198 - ThreadPoolExecutor-0_4 - INFO - Scraping page 439: https://www.fotocasa.es/es/comprar/viviendas/espana/todas-las-zonas/l/439
2026-01-21 03:50:50,198 - ThreadPoolExecutor-0_3 - INFO - Scraping page 441: https://www.fotocasa.es/es/comprar/viviendas/espana/todas-las-zonas/l/441
2026-01-21 03:50:50,199 - ThreadPoolExecutor-0_12 - INFO - Scraping page 440: https://www.fotocasa.es/es/comprar/viviendas/espana/todas-las-zonas/l/440
2026-01-21 03:50:50,200 - ThreadPoolExecutor-0_14 - INFO - Scraping page 443: https://www.fotocasa.es/es/comprar/viviendas/espana/todas-las-zonas/l/443
2026-01-21 03:50:50,200 - ThreadPoolExecutor-0_9 - INFO - Scraping page 442: https://www.fotocasa.es/es/comprar/viviendas/espana/todas-las-zonas/l/442
2026-01-21 03:50:50,201 - ThreadPoolExecutor-0_0 - INFO - Scraping page 445: https://www.fotocasa.es/es/comprar/viviendas/espana/todas-las-zonas/l/445
2026-01-21 03:50:50,201 - ThreadPoolExecutor-0_16 - INFO - Scraping page 446: https://www.fotocasa.es/es/comprar/viviendas/espana/todas-las-zonas/l/446
2026-01-21 03:50:50,202 - ThreadPoolExecutor-0_2 - INFO - Scraping page 444: https://www.fotocasa.es/es/comprar/viviendas/espana/todas-las-zonas/l/444
2026-01-21 03:50:50,202 - ThreadPoolExecutor-0_13 - INFO - Scraping page 447: https://www.fotocasa.es/es/comprar/viviendas/espana/todas-las-zonas/l/447
2026-01-21 03:50:50,202 - ThreadPoolExecutor-0_11 - INFO - Scraping page 448: https://www.fotocasa.es/es/comprar/viviendas/espana/todas-las-zonas/l/448
2026-01-21 03:50:50,203 - ThreadPoolExecutor-0_15 - INFO - Scraping page 449: https://www.fotocasa.es/es/comprar/viviendas/espana/todas-las-zonas/l/449
2026-01-21 03:50:50,205 - ThreadPoolExecutor-0_6 - INFO - Scraping page 450: https://www.fotocasa.es/es/comprar/viviendas/espana/todas-las-zonas/l/450
2026-01-21 03:50:50,205 - ThreadPoolExecutor-0_1 - INFO - Scraping page 451: https://www.fotocasa.es/es/comprar/viviendas/espana/todas-las-zonas/l/451
2026-01-21 03:50:50,206 - ThreadPoolExecutor-0_5 - INFO - Scraping page 453: https://www.fotocasa.es/es/comprar/viviendas/espana/todas-las-zonas/l/453
2026-01-21 03:50:50,206 - ThreadPoolExecutor-0_18 - INFO - Scraping page 452: https://www.fotocasa.es/es/comprar/viviendas/espana/todas-las-zonas/l/452
2026-01-21 03:50:50,206 - ThreadPoolExecutor-0_17 - INFO - Scraping page 454: https://www.fotocasa.es/es/comprar/viviendas/espana/todas-las-zonas/l/454
2026-01-21 03:50:50,207 - ThreadPoolExecutor-0_8 - INFO - Scraping page 455: https://www.fotocasa.es/es/comprar/viviendas/espana/todas-las-zonas/l/455
2026-01-21 03:50:50,208 - ThreadPoolExecutor-0_7 - INFO - Scraping page 456: https://www.fotocasa.es/es/comprar/viviendas/espana/todas-las-zonas/l/456
2026-01-21 03:50:50,211 - ThreadPoolExecutor-0_19 - INFO - Scraping page 457: https://www.fotocasa.es/es/comprar/viviendas/espana/todas-las-zonas/l/457
2026-01-21 03:50:51,575 - ThreadPoolExecutor-0_5 - INFO - Extracted 4 properties from page
2026-01-21 03:50:51,579 - ThreadPoolExecutor-0_5 - INFO - Page 453 saved with 4 properties
2026-01-21 03:50:51,580 - MainThread - INFO - Page 453 completed (157 successful, 164 failed)
2026-01-21 03:50:52,256 - ThreadPoolExecutor-0_9 - INFO - Extracted 4 properties from page
2026-01-21 03:50:52,524 - ThreadPoolExecutor-0_9 - INFO - Page 442 saved with 4 properties
2026-01-21 03:50:52,726 - MainThread - INFO - Page 442 completed (158 successful, 164 failed)
2026-01-21 03:50:52,730 - ThreadPoolExecutor-0_13 - INFO - Extracted 4 properties from page
2026-01-21 03:50:52,731 - ThreadPoolExecutor-0_10 - INFO - Extracted 4 properties from page
2026-01-21 03:50:52,733 - ThreadPoolExecutor-0_13 - INFO - Page 447 saved with 4 properties
2026-01-21 03:50:52,742 - ThreadPoolExecutor-0_19 - INFO - Extracted 4 properties from page
2026-01-21 03:50:52,746 - ThreadPoolExecutor-0_7 - INFO - Extracted 4 properties from page
2026-01-21 03:50:52,747 - ThreadPoolExecutor-0_10 - INFO - Page 438 saved with 4 properties
2026-01-21 03:50:52,750 - MainThread - INFO - Page 447 completed (159 successful, 164 failed)
2026-01-21 03:50:52,750 - ThreadPoolExecutor-0_11 - INFO - Extracted 4 properties from page
2026-01-21 03:50:52,750 - ThreadPoolExecutor-0_2 - INFO - Extracted 4 properties from page
2026-01-21 03:50:52,752 - MainThread - INFO - Page 438 completed (160 successful, 164 failed)
2026-01-21 03:50:52,753 - ThreadPoolExecutor-0_7 - INFO - Page 456 saved with 4 properties
2026-01-21 03:50:52,753 - ThreadPoolExecutor-0_19 - INFO - Page 457 saved with 4 properties
2026-01-21 03:50:52,755 - ThreadPoolExecutor-0_2 - INFO - Page 444 saved with 4 properties
2026-01-21 03:50:52,755 - ThreadPoolExecutor-0_11 - INFO - Page 448 saved with 4 properties
2026-01-21 03:50:52,755 - MainThread - INFO - Page 456 completed (161 successful, 164 failed)
2026-01-21 03:50:52,758 - MainThread - INFO - Page 457 completed (162 successful, 164 failed)
2026-01-21 03:50:52,758 - MainThread - INFO - Page 444 completed (163 successful, 164 failed)
2026-01-21 03:50:52,759 - MainThread - INFO - Page 448 completed (164 successful, 164 failed)
2026-01-21 03:50:59,408 - ThreadPoolExecutor-0_8 - INFO - Extracted 4 properties from page
2026-01-21 03:50:59,409 - ThreadPoolExecutor-0_8 - INFO - Page 455 saved with 4 properties
2026-01-21 03:50:59,573 - MainThread - INFO - Page 455 completed (165 successful, 164 failed)
2026-01-21 03:51:09,684 - ThreadPoolExecutor-0_18 - ERROR - Page 452 failed: Failed to perform, curl: (56) Recv failure: Connection was reset. See https://curl.se/libcurl/c/libcurl-errors.html first for more details.
2026-01-21 03:51:09,732 - ThreadPoolExecutor-0_6 - ERROR - Page 450 failed: Failed to perform, curl: (56) Recv failure: Connection was reset. See https://curl.se/libcurl/c/libcurl-errors.html first for more details.
2026-01-21 03:51:09,732 - ThreadPoolExecutor-0_14 - ERROR - Page 443 failed: Failed to perform, curl: (56) Recv failure: Connection was reset. See https://curl.se/libcurl/c/libcurl-errors.html first for more details.
2026-01-21 03:51:09,780 - ThreadPoolExecutor-0_16 - ERROR - Page 446 failed: Failed to perform, curl: (56) Recv failure: Connection was reset. See https://curl.se/libcurl/c/libcurl-errors.html first for more details.
2026-01-21 03:51:09,781 - ThreadPoolExecutor-0_1 - ERROR - Page 451 failed: Failed to perform, curl: (56) Recv failure: Connection was reset. See https://curl.se/libcurl/c/libcurl-errors.html first for more details.
2026-01-21 03:51:09,781 - ThreadPoolExecutor-0_3 - ERROR - Page 441 failed: Failed to perform, curl: (56) Recv failure: Connection was reset. See https://curl.se/libcurl/c/libcurl-errors.html first for more details.
2026-01-21 03:51:09,781 - ThreadPoolExecutor-0_17 - ERROR - Page 454 failed: Failed to perform, curl: (56) Recv failure: Connection was reset. See https://curl.se/libcurl/c/libcurl-errors.html first for more details.
2026-01-21 03:51:09,781 - ThreadPoolExecutor-0_4 - ERROR - Page 439 failed: Failed to perform, curl: (56) Recv failure: Connection was reset. See https://curl.se/libcurl/c/libcurl-errors.html first for more details.
2026-01-21 03:51:09,781 - ThreadPoolExecutor-0_15 - ERROR - Page 449 failed: Failed to perform, curl: (56) Recv failure: Connection was reset. See https://curl.se/libcurl/c/libcurl-errors.html first for more details.
2026-01-21 03:51:09,781 - ThreadPoolExecutor-0_12 - ERROR - Page 440 failed: Failed to perform, curl: (56) Recv failure: Connection was reset. See https://curl.se/libcurl/c/libcurl-errors.html first for more details.
2026-01-21 03:51:09,781 - ThreadPoolExecutor-0_0 - ERROR - Page 445 failed: Failed to perform, curl: (56) Recv failure: Connection was reset. See https://curl.se/libcurl/c/libcurl-errors.html first for more details.
2026-01-21 03:51:09,839 - MainThread - ERROR - Page 452 failed: Failed to perform, curl: (56) Recv failure: Connection was reset. See https://curl.se/libcurl/c/libcurl-errors.html first for more details.
2026-01-21 03:51:09,846 - MainThread - ERROR - Page 450 failed: Failed to perform, curl: (56) Recv failure: Connection was reset. See https://curl.se/libcurl/c/libcurl-errors.html first for more details.
2026-01-21 03:51:09,847 - MainThread - ERROR - Page 443 failed: Failed to perform, curl: (56) Recv failure: Connection was reset. See https://curl.se/libcurl/c/libcurl-errors.html first for more details.
2026-01-21 03:51:09,847 - MainThread - ERROR - Page 446 failed: Failed to perform, curl: (56) Recv failure: Connection was reset. See https://curl.se/libcurl/c/libcurl-errors.html first for more details.
2026-01-21 03:51:09,847 - MainThread - ERROR - Page 451 failed: Failed to perform, curl: (56) Recv failure: Connection was reset. See https://curl.se/libcurl/c/libcurl-errors.html first for more details.
2026-01-21 03:51:09,848 - MainThread - ERROR - Page 441 failed: Failed to perform, curl: (56) Recv failure: Connection was reset. See https://curl.se/libcurl/c/libcurl-errors.html first for more details.
2026-01-21 03:51:09,848 - MainThread - ERROR - Page 454 failed: Failed to perform, curl: (56) Recv failure: Connection was reset. See https://curl.se/libcurl/c/libcurl-errors.html first for more details.
2026-01-21 03:51:09,848 - MainThread - ERROR - Page 439 failed: Failed to perform, curl: (56) Recv failure: Connection was reset. See https://curl.se/libcurl/c/libcurl-errors.html first for more details.
2026-01-21 03:51:09,849 - MainThread - ERROR - Page 449 failed: Failed to perform, curl: (56) Recv failure: Connection was reset. See https://curl.se/libcurl/c/libcurl-errors.html first for more details.
2026-01-21 03:51:09,849 - MainThread - ERROR - Page 440 failed: Failed to perform, curl: (56) Recv failure: Connection was reset. See https://curl.se/libcurl/c/libcurl-errors.html first for more details.
2026-01-21 03:51:09,893 - MainThread - ERROR - Page 445 failed: Failed to perform, curl: (56) Recv failure: Connection was reset. See https://curl.se/libcurl/c/libcurl-errors.html first for more details.
2026-01-21 03:51:10,137 - MainThread - INFO - Waiting 3 seconds before next batch...
2026-01-21 03:51:13,173 - MainThread - INFO - Processing batch 18 with 20 pages
2026-01-21 03:51:13,444 - ThreadPoolExecutor-0_5 - INFO - Scraping page 458: https://www.fotocasa.es/es/comprar/viviendas/espana/todas-las-zonas/l/458
2026-01-21 03:51:13,445 - ThreadPoolExecutor-0_9 - INFO - Scraping page 459: https://www.fotocasa.es/es/comprar/viviendas/espana/todas-las-zonas/l/459
2026-01-21 03:51:13,445 - ThreadPoolExecutor-0_13 - INFO - Scraping page 460: https://www.fotocasa.es/es/comprar/viviendas/espana/todas-las-zonas/l/460
2026-01-21 03:51:13,445 - ThreadPoolExecutor-0_10 - INFO - Scraping page 461: https://www.fotocasa.es/es/comprar/viviendas/espana/todas-las-zonas/l/461
2026-01-21 03:51:13,445 - ThreadPoolExecutor-0_7 - INFO - Scraping page 462: https://www.fotocasa.es/es/comprar/viviendas/espana/todas-las-zonas/l/462
2026-01-21 03:51:13,445 - ThreadPoolExecutor-0_19 - INFO - Scraping page 463: https://www.fotocasa.es/es/comprar/viviendas/espana/todas-las-zonas/l/463
2026-01-21 03:51:13,445 - ThreadPoolExecutor-0_2 - INFO - Scraping page 464: https://www.fotocasa.es/es/comprar/viviendas/espana/todas-las-zonas/l/464
2026-01-21 03:51:13,446 - ThreadPoolExecutor-0_11 - INFO - Scraping page 465: https://www.fotocasa.es/es/comprar/viviendas/espana/todas-las-zonas/l/465
2026-01-21 03:51:13,446 - ThreadPoolExecutor-0_8 - INFO - Scraping page 466: https://www.fotocasa.es/es/comprar/viviendas/espana/todas-las-zonas/l/466
2026-01-21 03:51:13,446 - ThreadPoolExecutor-0_6 - INFO - Scraping page 468: https://www.fotocasa.es/es/comprar/viviendas/espana/todas-las-zonas/l/468
2026-01-21 03:51:13,446 - ThreadPoolExecutor-0_18 - INFO - Scraping page 467: https://www.fotocasa.es/es/comprar/viviendas/espana/todas-las-zonas/l/467
2026-01-21 03:51:13,446 - ThreadPoolExecutor-0_14 - INFO - Scraping page 469: https://www.fotocasa.es/es/comprar/viviendas/espana/todas-las-zonas/l/469
2026-01-21 03:51:13,447 - ThreadPoolExecutor-0_4 - INFO - Scraping page 474: https://www.fotocasa.es/es/comprar/viviendas/espana/todas-las-zonas/l/474
2026-01-21 03:51:13,447 - ThreadPoolExecutor-0_1 - INFO - Scraping page 471: https://www.fotocasa.es/es/comprar/viviendas/espana/todas-las-zonas/l/471
2026-01-21 03:51:13,447 - ThreadPoolExecutor-0_3 - INFO - Scraping page 472: https://www.fotocasa.es/es/comprar/viviendas/espana/todas-las-zonas/l/472
2026-01-21 03:51:13,447 - ThreadPoolExecutor-0_17 - INFO - Scraping page 473: https://www.fotocasa.es/es/comprar/viviendas/espana/todas-las-zonas/l/473
2026-01-21 03:51:13,447 - ThreadPoolExecutor-0_15 - INFO - Scraping page 475: https://www.fotocasa.es/es/comprar/viviendas/espana/todas-las-zonas/l/475
2026-01-21 03:51:13,447 - ThreadPoolExecutor-0_12 - INFO - Scraping page 476: https://www.fotocasa.es/es/comprar/viviendas/espana/todas-las-zonas/l/476
2026-01-21 03:51:13,448 - ThreadPoolExecutor-0_0 - INFO - Scraping page 477: https://www.fotocasa.es/es/comprar/viviendas/espana/todas-las-zonas/l/477
2026-01-21 03:51:13,446 - ThreadPoolExecutor-0_16 - INFO - Scraping page 470: https://www.fotocasa.es/es/comprar/viviendas/espana/todas-las-zonas/l/470
2026-01-21 03:51:19,516 - ThreadPoolExecutor-0_15 - INFO - Extracted 4 properties from page
2026-01-21 03:51:19,557 - ThreadPoolExecutor-0_9 - INFO - Extracted 4 properties from page
2026-01-21 03:51:19,559 - ThreadPoolExecutor-0_15 - INFO - Page 475 saved with 4 properties
2026-01-21 03:51:19,579 - ThreadPoolExecutor-0_16 - INFO - Extracted 4 properties from page
2026-01-21 03:51:19,591 - MainThread - INFO - Page 475 completed (166 successful, 175 failed)
2026-01-21 03:51:19,599 - ThreadPoolExecutor-0_3 - INFO - Extracted 4 properties from page
2026-01-21 03:51:19,599 - ThreadPoolExecutor-0_18 - INFO - Extracted 4 properties from page
2026-01-21 03:51:19,602 - ThreadPoolExecutor-0_2 - INFO - Extracted 4 properties from page
2026-01-21 03:51:19,606 - ThreadPoolExecutor-0_9 - INFO - Page 459 saved with 4 properties
2026-01-21 03:51:19,606 - ThreadPoolExecutor-0_17 - INFO - Extracted 4 properties from page
2026-01-21 03:51:19,606 - ThreadPoolExecutor-0_14 - INFO - Extracted 4 properties from page
2026-01-21 03:51:19,612 - ThreadPoolExecutor-0_12 - INFO - Extracted 4 properties from page
2026-01-21 03:51:19,612 - ThreadPoolExecutor-0_4 - INFO - Extracted 4 properties from page
2026-01-21 03:51:19,613 - ThreadPoolExecutor-0_19 - INFO - Extracted 4 properties from page
2026-01-21 03:51:19,613 - ThreadPoolExecutor-0_13 - INFO - Extracted 4 properties from page
2026-01-21 03:51:19,614 - ThreadPoolExecutor-0_3 - INFO - Page 472 saved with 4 properties
2026-01-21 03:51:19,633 - ThreadPoolExecutor-0_18 - INFO - Page 467 saved with 4 properties
2026-01-21 03:51:19,649 - ThreadPoolExecutor-0_16 - INFO - Page 470 saved with 4 properties
2026-01-21 03:51:19,651 - ThreadPoolExecutor-0_8 - INFO - Extracted 4 properties from page
2026-01-21 03:51:19,651 - ThreadPoolExecutor-0_2 - INFO - Page 464 saved with 4 properties
2026-01-21 03:51:19,652 - MainThread - INFO - Page 459 completed (167 successful, 175 failed)
2026-01-21 03:51:19,660 - ThreadPoolExecutor-0_17 - INFO - Page 473 saved with 4 properties
2026-01-21 03:51:19,660 - ThreadPoolExecutor-0_14 - INFO - Page 469 saved with 4 properties
2026-01-21 03:51:19,726 - ThreadPoolExecutor-0_12 - INFO - Page 476 saved with 4 properties
2026-01-21 03:51:19,729 - ThreadPoolExecutor-0_19 - INFO - Page 463 saved with 4 properties
2026-01-21 03:51:19,729 - ThreadPoolExecutor-0_13 - INFO - Page 460 saved with 4 properties
2026-01-21 03:51:19,738 - ThreadPoolExecutor-0_4 - INFO - Page 474 saved with 4 properties
2026-01-21 03:51:19,761 - ThreadPoolExecutor-0_8 - INFO - Page 466 saved with 4 properties
2026-01-21 03:51:19,783 - MainThread - INFO - Page 472 completed (168 successful, 175 failed)
2026-01-21 03:51:19,783 - MainThread - INFO - Page 467 completed (169 successful, 175 failed)
2026-01-21 03:51:19,784 - MainThread - INFO - Page 470 completed (170 successful, 175 failed)
2026-01-21 03:51:19,784 - MainThread - INFO - Page 464 completed (171 successful, 175 failed)
2026-01-21 03:51:19,786 - MainThread - INFO - Page 460 completed (172 successful, 175 failed)
2026-01-21 03:51:19,792 - MainThread - INFO - Page 466 completed (173 successful, 175 failed)
2026-01-21 03:51:19,823 - MainThread - INFO - Page 473 completed (174 successful, 175 failed)
2026-01-21 03:51:19,824 - MainThread - INFO - Page 469 completed (175 successful, 175 failed)
2026-01-21 03:51:19,824 - MainThread - INFO - Page 476 completed (176 successful, 175 failed)
2026-01-21 03:51:19,824 - MainThread - INFO - Page 463 completed (177 successful, 175 failed)
2026-01-21 03:51:19,824 - MainThread - INFO - Page 474 completed (178 successful, 175 failed)
2026-01-21 03:51:33,967 - ThreadPoolExecutor-0_5 - ERROR - Page 458 failed: Failed to perform, curl: (56) Recv failure: Connection was reset. See https://curl.se/libcurl/c/libcurl-errors.html first for more details.
2026-01-21 03:51:33,968 - MainThread - ERROR - Page 458 failed: Failed to perform, curl: (56) Recv failure: Connection was reset. See https://curl.se/libcurl/c/libcurl-errors.html first for more details.
2026-01-21 03:51:33,998 - ThreadPoolExecutor-0_11 - ERROR - Page 465 failed: Failed to perform, curl: (56) Recv failure: Connection was reset. See https://curl.se/libcurl/c/libcurl-errors.html first for more details.
2026-01-21 03:51:33,999 - MainThread - ERROR - Page 465 failed: Failed to perform, curl: (56) Recv failure: Connection was reset. See https://curl.se/libcurl/c/libcurl-errors.html first for more details.
2026-01-21 03:51:34,259 - ThreadPoolExecutor-0_0 - ERROR - Page 477 failed: Failed to perform, curl: (56) Recv failure: Connection was reset. See https://curl.se/libcurl/c/libcurl-errors.html first for more details.
2026-01-21 03:51:34,260 - MainThread - ERROR - Page 477 failed: Failed to perform, curl: (56) Recv failure: Connection was reset. See https://curl.se/libcurl/c/libcurl-errors.html first for more details.
2026-01-21 03:51:34,306 - ThreadPoolExecutor-0_10 - ERROR - Page 461 failed: Failed to perform, curl: (56) Recv failure: Connection was reset. See https://curl.se/libcurl/c/libcurl-errors.html first for more details.
2026-01-21 03:51:34,307 - ThreadPoolExecutor-0_6 - ERROR - Page 468 failed: Failed to perform, curl: (56) Recv failure: Connection was reset. See https://curl.se/libcurl/c/libcurl-errors.html first for more details.
2026-01-21 03:51:34,307 - MainThread - ERROR - Page 461 failed: Failed to perform, curl: (56) Recv failure: Connection was reset. See https://curl.se/libcurl/c/libcurl-errors.html first for more details.
2026-01-21 03:51:34,308 - MainThread - ERROR - Page 468 failed: Failed to perform, curl: (56) Recv failure: Connection was reset. See https://curl.se/libcurl/c/libcurl-errors.html first for more details.
2026-01-21 03:51:34,338 - ThreadPoolExecutor-0_1 - ERROR - Page 471 failed: Failed to perform, curl: (56) Recv failure: Connection was reset. See https://curl.se/libcurl/c/libcurl-errors.html first for more details.
2026-01-21 03:51:34,339 - ThreadPoolExecutor-0_7 - ERROR - Page 462 failed: Failed to perform, curl: (56) Recv failure: Connection was reset. See https://curl.se/libcurl/c/libcurl-errors.html first for more details.
2026-01-21 03:51:34,340 - MainThread - ERROR - Page 471 failed: Failed to perform, curl: (56) Recv failure: Connection was reset. See https://curl.se/libcurl/c/libcurl-errors.html first for more details.
2026-01-21 03:51:34,340 - MainThread - ERROR - Page 462 failed: Failed to perform, curl: (56) Recv failure: Connection was reset. See https://curl.se/libcurl/c/libcurl-errors.html first for more details.
2026-01-21 03:51:34,340 - MainThread - INFO - Waiting 3 seconds before next batch...
2026-01-21 03:51:37,341 - MainThread - INFO - Processing batch 19 with 20 pages
2026-01-21 03:51:37,342 - ThreadPoolExecutor-0_3 - INFO - Scraping page 480: https://www.fotocasa.es/es/comprar/viviendas/espana/todas-las-zonas/l/480
2026-01-21 03:51:37,342 - ThreadPoolExecutor-0_15 - INFO - Scraping page 478: https://www.fotocasa.es/es/comprar/viviendas/espana/todas-las-zonas/l/478
2026-01-21 03:51:37,342 - ThreadPoolExecutor-0_18 - INFO - Scraping page 481: https://www.fotocasa.es/es/comprar/viviendas/espana/todas-las-zonas/l/481
2026-01-21 03:51:37,343 - ThreadPoolExecutor-0_9 - INFO - Scraping page 479: https://www.fotocasa.es/es/comprar/viviendas/espana/todas-las-zonas/l/479
2026-01-21 03:51:37,344 - ThreadPoolExecutor-0_16 - INFO - Scraping page 482: https://www.fotocasa.es/es/comprar/viviendas/espana/todas-las-zonas/l/482
2026-01-21 03:51:37,344 - ThreadPoolExecutor-0_2 - INFO - Scraping page 483: https://www.fotocasa.es/es/comprar/viviendas/espana/todas-las-zonas/l/483
2026-01-21 03:51:37,345 - ThreadPoolExecutor-0_13 - INFO - Scraping page 484: https://www.fotocasa.es/es/comprar/viviendas/espana/todas-las-zonas/l/484
2026-01-21 03:51:37,346 - ThreadPoolExecutor-0_8 - INFO - Scraping page 485: https://www.fotocasa.es/es/comprar/viviendas/espana/todas-las-zonas/l/485
2026-01-21 03:51:37,346 - ThreadPoolExecutor-0_14 - INFO - Scraping page 487: https://www.fotocasa.es/es/comprar/viviendas/espana/todas-las-zonas/l/487
2026-01-21 03:51:37,347 - ThreadPoolExecutor-0_17 - INFO - Scraping page 486: https://www.fotocasa.es/es/comprar/viviendas/espana/todas-las-zonas/l/486
2026-01-21 03:51:37,347 - ThreadPoolExecutor-0_12 - INFO - Scraping page 488: https://www.fotocasa.es/es/comprar/viviendas/espana/todas-las-zonas/l/488
2026-01-21 03:51:37,348 - ThreadPoolExecutor-0_19 - INFO - Scraping page 489: https://www.fotocasa.es/es/comprar/viviendas/espana/todas-las-zonas/l/489
2026-01-21 03:51:37,348 - ThreadPoolExecutor-0_5 - INFO - Scraping page 491: https://www.fotocasa.es/es/comprar/viviendas/espana/todas-las-zonas/l/491
2026-01-21 03:51:37,349 - ThreadPoolExecutor-0_4 - INFO - Scraping page 490: https://www.fotocasa.es/es/comprar/viviendas/espana/todas-las-zonas/l/490
2026-01-21 03:51:37,349 - ThreadPoolExecutor-0_11 - INFO - Scraping page 492: https://www.fotocasa.es/es/comprar/viviendas/espana/todas-las-zonas/l/492
2026-01-21 03:51:37,351 - ThreadPoolExecutor-0_10 - INFO - Scraping page 494: https://www.fotocasa.es/es/comprar/viviendas/espana/todas-las-zonas/l/494
2026-01-21 03:51:37,351 - ThreadPoolExecutor-0_0 - INFO - Scraping page 493: https://www.fotocasa.es/es/comprar/viviendas/espana/todas-las-zonas/l/493
2026-01-21 03:51:37,357 - ThreadPoolExecutor-0_1 - INFO - Scraping page 496: https://www.fotocasa.es/es/comprar/viviendas/espana/todas-las-zonas/l/496
2026-01-21 03:51:37,353 - ThreadPoolExecutor-0_6 - INFO - Scraping page 495: https://www.fotocasa.es/es/comprar/viviendas/espana/todas-las-zonas/l/495
2026-01-21 03:51:37,359 - ThreadPoolExecutor-0_7 - INFO - Scraping page 497: https://www.fotocasa.es/es/comprar/viviendas/espana/todas-las-zonas/l/497
2026-01-21 03:51:38,987 - ThreadPoolExecutor-0_17 - INFO - Extracted 4 properties from page
2026-01-21 03:51:38,998 - ThreadPoolExecutor-0_17 - INFO - Page 486 saved with 4 properties
2026-01-21 03:51:39,000 - MainThread - INFO - Page 486 completed (179 successful, 182 failed)
2026-01-21 03:51:46,125 - ThreadPoolExecutor-0_11 - INFO - Extracted 4 properties from page
2026-01-21 03:51:46,125 - ThreadPoolExecutor-0_8 - INFO - Extracted 4 properties from page
2026-01-21 03:51:46,132 - ThreadPoolExecutor-0_6 - INFO - Extracted 4 properties from page
2026-01-21 03:51:46,136 - ThreadPoolExecutor-0_5 - INFO - Extracted 4 properties from page
2026-01-21 03:51:46,141 - ThreadPoolExecutor-0_11 - INFO - Page 492 saved with 4 properties
2026-01-21 03:51:46,141 - ThreadPoolExecutor-0_16 - INFO - Extracted 4 properties from page
2026-01-21 03:51:46,142 - ThreadPoolExecutor-0_3 - INFO - Extracted 4 properties from page
2026-01-21 03:51:46,143 - ThreadPoolExecutor-0_19 - INFO - Extracted 4 properties from page
2026-01-21 03:51:46,143 - ThreadPoolExecutor-0_7 - INFO - Extracted 4 properties from page
2026-01-21 03:51:46,143 - ThreadPoolExecutor-0_18 - INFO - Extracted 4 properties from page
2026-01-21 03:51:46,144 - ThreadPoolExecutor-0_10 - INFO - Extracted 4 properties from page
2026-01-21 03:51:46,144 - ThreadPoolExecutor-0_14 - INFO - Extracted 4 properties from page
2026-01-21 03:51:46,144 - ThreadPoolExecutor-0_15 - INFO - Extracted 4 properties from page
2026-01-21 03:51:46,144 - ThreadPoolExecutor-0_9 - INFO - Extracted 4 properties from page
2026-01-21 03:51:46,145 - ThreadPoolExecutor-0_4 - INFO - Extracted 4 properties from page
2026-01-21 03:51:46,146 - ThreadPoolExecutor-0_6 - INFO - Page 495 saved with 4 properties
2026-01-21 03:51:46,146 - ThreadPoolExecutor-0_8 - INFO - Page 485 saved with 4 properties
2026-01-21 03:51:46,147 - ThreadPoolExecutor-0_5 - INFO - Page 491 saved with 4 properties
2026-01-21 03:51:46,151 - MainThread - INFO - Page 492 completed (180 successful, 182 failed)
2026-01-21 03:51:46,152 - ThreadPoolExecutor-0_16 - INFO - Page 482 saved with 4 properties
2026-01-21 03:51:46,153 - ThreadPoolExecutor-0_19 - INFO - Page 489 saved with 4 properties
2026-01-21 03:51:46,153 - ThreadPoolExecutor-0_3 - INFO - Page 480 saved with 4 properties
2026-01-21 03:51:46,154 - ThreadPoolExecutor-0_7 - INFO - Page 497 saved with 4 properties
2026-01-21 03:51:46,160 - ThreadPoolExecutor-0_18 - INFO - Page 481 saved with 4 properties
2026-01-21 03:51:46,162 - ThreadPoolExecutor-0_10 - INFO - Page 494 saved with 4 properties
2026-01-21 03:51:46,163 - ThreadPoolExecutor-0_14 - INFO - Page 487 saved with 4 properties
2026-01-21 03:51:46,166 - ThreadPoolExecutor-0_15 - INFO - Page 478 saved with 4 properties
2026-01-21 03:51:46,167 - ThreadPoolExecutor-0_9 - INFO - Page 479 saved with 4 properties
2026-01-21 03:51:46,167 - ThreadPoolExecutor-0_4 - INFO - Page 490 saved with 4 properties
2026-01-21 03:51:46,171 - MainThread - INFO - Page 495 completed (181 successful, 182 failed)
2026-01-21 03:51:46,184 - MainThread - INFO - Page 485 completed (182 successful, 182 failed)
2026-01-21 03:51:46,185 - MainThread - INFO - Page 491 completed (183 successful, 182 failed)
2026-01-21 03:51:46,185 - MainThread - INFO - Page 482 completed (184 successful, 182 failed)
2026-01-21 03:51:46,185 - MainThread - INFO - Page 489 completed (185 successful, 182 failed)
2026-01-21 03:51:46,185 - MainThread - INFO - Page 480 completed (186 successful, 182 failed)
2026-01-21 03:51:46,187 - MainThread - INFO - Page 497 completed (187 successful, 182 failed)
2026-01-21 03:51:46,192 - MainThread - INFO - Page 481 completed (188 successful, 182 failed)
2026-01-21 03:51:46,192 - MainThread - INFO - Page 494 completed (189 successful, 182 failed)
2026-01-21 03:51:46,193 - MainThread - INFO - Page 487 completed (190 successful, 182 failed)
2026-01-21 03:51:46,193 - MainThread - INFO - Page 478 completed (191 successful, 182 failed)
2026-01-21 03:51:46,193 - MainThread - INFO - Page 479 completed (192 successful, 182 failed)
2026-01-21 03:51:46,193 - MainThread - INFO - Page 490 completed (193 successful, 182 failed)
2026-01-21 03:51:56,766 - ThreadPoolExecutor-0_2 - ERROR - Page 483 failed: Failed to perform, curl: (56) Recv failure: Connection was reset. See https://curl.se/libcurl/c/libcurl-errors.html first for more details.
2026-01-21 03:51:56,813 - ThreadPoolExecutor-0_1 - ERROR - Page 496 failed: Failed to perform, curl: (56) Recv failure: Connection was reset. See https://curl.se/libcurl/c/libcurl-errors.html first for more details.
2026-01-21 03:51:56,857 - ThreadPoolExecutor-0_12 - ERROR - Page 488 failed: Failed to perform, curl: (56) Recv failure: Connection was reset. See https://curl.se/libcurl/c/libcurl-errors.html first for more details.
2026-01-21 03:51:56,858 - ThreadPoolExecutor-0_13 - ERROR - Page 484 failed: Failed to perform, curl: (56) Recv failure: Connection was reset. See https://curl.se/libcurl/c/libcurl-errors.html first for more details.
2026-01-21 03:51:56,859 - MainThread - ERROR - Page 483 failed: Failed to perform, curl: (56) Recv failure: Connection was reset. See https://curl.se/libcurl/c/libcurl-errors.html first for more details.
2026-01-21 03:51:56,872 - MainThread - ERROR - Page 496 failed: Failed to perform, curl: (56) Recv failure: Connection was reset. See https://curl.se/libcurl/c/libcurl-errors.html first for more details.
2026-01-21 03:51:56,872 - MainThread - ERROR - Page 488 failed: Failed to perform, curl: (56) Recv failure: Connection was reset. See https://curl.se/libcurl/c/libcurl-errors.html first for more details.
2026-01-21 03:51:56,872 - MainThread - ERROR - Page 484 failed: Failed to perform, curl: (56) Recv failure: Connection was reset. See https://curl.se/libcurl/c/libcurl-errors.html first for more details.
2026-01-21 03:51:56,877 - ThreadPoolExecutor-0_0 - ERROR - Page 493 failed: Failed to perform, curl: (56) Recv failure: Connection was reset. See https://curl.se/libcurl/c/libcurl-errors.html first for more details.
2026-01-21 03:51:56,889 - MainThread - ERROR - Page 493 failed: Failed to perform, curl: (56) Recv failure: Connection was reset. See https://curl.se/libcurl/c/libcurl-errors.html first for more details.
2026-01-21 03:51:56,891 - MainThread - INFO - Waiting 3 seconds before next batch...
2026-01-21 03:51:59,892 - MainThread - INFO - Processing batch 20 with 20 pages
2026-01-21 03:51:59,894 - ThreadPoolExecutor-0_17 - INFO - Scraping page 498: https://www.fotocasa.es/es/comprar/viviendas/espana/todas-las-zonas/l/498
2026-01-21 03:51:59,894 - ThreadPoolExecutor-0_11 - INFO - Scraping page 499: https://www.fotocasa.es/es/comprar/viviendas/espana/todas-las-zonas/l/499
2026-01-21 03:51:59,911 - ThreadPoolExecutor-0_5 - INFO - Scraping page 502: https://www.fotocasa.es/es/comprar/viviendas/espana/todas-las-zonas/l/502
2026-01-21 03:51:59,911 - ThreadPoolExecutor-0_6 - INFO - Scraping page 500: https://www.fotocasa.es/es/comprar/viviendas/espana/todas-las-zonas/l/500
2026-01-21 03:51:59,912 - ThreadPoolExecutor-0_16 - INFO - Scraping page 503: https://www.fotocasa.es/es/comprar/viviendas/espana/todas-las-zonas/l/503
2026-01-21 03:51:59,911 - ThreadPoolExecutor-0_8 - INFO - Scraping page 501: https://www.fotocasa.es/es/comprar/viviendas/espana/todas-las-zonas/l/501
2026-01-21 03:51:59,925 - ThreadPoolExecutor-0_19 - INFO - Scraping page 504: https://www.fotocasa.es/es/comprar/viviendas/espana/todas-las-zonas/l/504
2026-01-21 03:51:59,925 - ThreadPoolExecutor-0_3 - INFO - Scraping page 505: https://www.fotocasa.es/es/comprar/viviendas/espana/todas-las-zonas/l/505
2026-01-21 03:51:59,926 - ThreadPoolExecutor-0_7 - INFO - Scraping page 506: https://www.fotocasa.es/es/comprar/viviendas/espana/todas-las-zonas/l/506
2026-01-21 03:51:59,926 - ThreadPoolExecutor-0_18 - INFO - Scraping page 507: https://www.fotocasa.es/es/comprar/viviendas/espana/todas-las-zonas/l/507
2026-01-21 03:51:59,926 - ThreadPoolExecutor-0_14 - INFO - Scraping page 509: https://www.fotocasa.es/es/comprar/viviendas/espana/todas-las-zonas/l/509
2026-01-21 03:51:59,926 - ThreadPoolExecutor-0_15 - INFO - Scraping page 510: https://www.fotocasa.es/es/comprar/viviendas/espana/todas-las-zonas/l/510
2026-01-21 03:51:59,926 - ThreadPoolExecutor-0_10 - INFO - Scraping page 508: https://www.fotocasa.es/es/comprar/viviendas/espana/todas-las-zonas/l/508
2026-01-21 03:51:59,928 - ThreadPoolExecutor-0_4 - INFO - Scraping page 512: https://www.fotocasa.es/es/comprar/viviendas/espana/todas-las-zonas/l/512
2026-01-21 03:51:59,929 - ThreadPoolExecutor-0_9 - INFO - Scraping page 511: https://www.fotocasa.es/es/comprar/viviendas/espana/todas-las-zonas/l/511
2026-01-21 03:51:59,929 - ThreadPoolExecutor-0_2 - INFO - Scraping page 513: https://www.fotocasa.es/es/comprar/viviendas/espana/todas-las-zonas/l/513
2026-01-21 03:51:59,929 - ThreadPoolExecutor-0_1 - INFO - Scraping page 514: https://www.fotocasa.es/es/comprar/viviendas/espana/todas-las-zonas/l/514
2026-01-21 03:51:59,930 - ThreadPoolExecutor-0_12 - INFO - Scraping page 515: https://www.fotocasa.es/es/comprar/viviendas/espana/todas-las-zonas/l/515
2026-01-21 03:51:59,930 - ThreadPoolExecutor-0_13 - INFO - Scraping page 516: https://www.fotocasa.es/es/comprar/viviendas/espana/todas-las-zonas/l/516
2026-01-21 03:51:59,930 - ThreadPoolExecutor-0_0 - INFO - Scraping page 517: https://www.fotocasa.es/es/comprar/viviendas/espana/todas-las-zonas/l/517
2026-01-21 03:52:01,464 - ThreadPoolExecutor-0_5 - INFO - Extracted 4 properties from page
2026-01-21 03:52:01,471 - ThreadPoolExecutor-0_5 - INFO - Page 502 saved with 4 properties
2026-01-21 03:52:01,485 - MainThread - INFO - Page 502 completed (194 successful, 187 failed)
2026-01-21 03:52:03,624 - ThreadPoolExecutor-0_18 - INFO - Extracted 4 properties from page
2026-01-21 03:52:03,907 - ThreadPoolExecutor-0_18 - INFO - Page 507 saved with 4 properties
2026-01-21 03:52:04,110 - MainThread - INFO - Page 507 completed (195 successful, 187 failed)
2026-01-21 03:52:04,380 - ThreadPoolExecutor-0_1 - INFO - Extracted 4 properties from page
2026-01-21 03:52:04,412 - ThreadPoolExecutor-0_4 - INFO - Extracted 4 properties from page
2026-01-21 03:52:04,419 - ThreadPoolExecutor-0_1 - INFO - Page 514 saved with 4 properties
2026-01-21 03:52:04,468 - ThreadPoolExecutor-0_2 - INFO - Extracted 4 properties from page
2026-01-21 03:52:04,472 - ThreadPoolExecutor-0_16 - INFO - Extracted 4 properties from page
2026-01-21 03:52:04,474 - ThreadPoolExecutor-0_4 - INFO - Page 512 saved with 4 properties
2026-01-21 03:52:04,499 - ThreadPoolExecutor-0_6 - INFO - Extracted 4 properties from page
2026-01-21 03:52:04,499 - ThreadPoolExecutor-0_0 - INFO - Extracted 4 properties from page
2026-01-21 03:52:04,501 - ThreadPoolExecutor-0_12 - INFO - Extracted 4 properties from page
2026-01-21 03:52:04,501 - ThreadPoolExecutor-0_15 - INFO - Extracted 4 properties from page
2026-01-21 03:52:04,502 - MainThread - INFO - Page 514 completed (196 successful, 187 failed)
2026-01-21 03:52:04,517 - ThreadPoolExecutor-0_2 - INFO - Page 513 saved with 4 properties
2026-01-21 03:52:04,527 - ThreadPoolExecutor-0_16 - INFO - Page 503 saved with 4 properties
2026-01-21 03:52:04,558 - ThreadPoolExecutor-0_6 - INFO - Page 500 saved with 4 properties
2026-01-21 03:52:04,559 - ThreadPoolExecutor-0_0 - INFO - Page 517 saved with 4 properties
2026-01-21 03:52:04,563 - MainThread - INFO - Page 512 completed (197 successful, 187 failed)
2026-01-21 03:52:04,563 - ThreadPoolExecutor-0_15 - INFO - Page 510 saved with 4 properties
2026-01-21 03:52:04,578 - ThreadPoolExecutor-0_12 - INFO - Page 515 saved with 4 properties
2026-01-21 03:52:04,602 - MainThread - INFO - Page 513 completed (198 successful, 187 failed)
2026-01-21 03:52:04,603 - MainThread - INFO - Page 503 completed (199 successful, 187 failed)
2026-01-21 03:52:04,604 - MainThread - INFO - Page 500 completed (200 successful, 187 failed)
2026-01-21 03:52:04,604 - MainThread - INFO - Page 517 completed (201 successful, 187 failed)
2026-01-21 03:52:04,686 - MainThread - INFO - Page 515 completed (202 successful, 187 failed)
2026-01-21 03:52:04,687 - MainThread - INFO - Page 510 completed (203 successful, 187 failed)
2026-01-21 03:52:19,751 - ThreadPoolExecutor-0_3 - ERROR - Page 505 failed: Failed to perform, curl: (56) Recv failure: Connection was reset. See https://curl.se/libcurl/c/libcurl-errors.html first for more details.
2026-01-21 03:52:19,764 - MainThread - ERROR - Page 505 failed: Failed to perform, curl: (56) Recv failure: Connection was reset. See https://curl.se/libcurl/c/libcurl-errors.html first for more details.
2026-01-21 03:52:19,814 - ThreadPoolExecutor-0_19 - ERROR - Page 504 failed: Failed to perform, curl: (56) Recv failure: Connection was reset. See https://curl.se/libcurl/c/libcurl-errors.html first for more details.
2026-01-21 03:52:19,814 - ThreadPoolExecutor-0_8 - ERROR - Page 501 failed: Failed to perform, curl: (56) Recv failure: Connection was reset. See https://curl.se/libcurl/c/libcurl-errors.html first for more details.
2026-01-21 03:52:19,817 - MainThread - ERROR - Page 504 failed: Failed to perform, curl: (56) Recv failure: Connection was reset. See https://curl.se/libcurl/c/libcurl-errors.html first for more details.
2026-01-21 03:52:19,818 - MainThread - ERROR - Page 501 failed: Failed to perform, curl: (56) Recv failure: Connection was reset. See https://curl.se/libcurl/c/libcurl-errors.html first for more details.
2026-01-21 03:52:19,986 - ThreadPoolExecutor-0_11 - ERROR - Page 499 failed: Failed to perform, curl: (56) Recv failure: Connection was reset. See https://curl.se/libcurl/c/libcurl-errors.html first for more details.
2026-01-21 03:52:19,987 - ThreadPoolExecutor-0_17 - ERROR - Page 498 failed: Failed to perform, curl: (56) Recv failure: Connection was reset. See https://curl.se/libcurl/c/libcurl-errors.html first for more details.
2026-01-21 03:52:19,988 - MainThread - ERROR - Page 498 failed: Failed to perform, curl: (56) Recv failure: Connection was reset. See https://curl.se/libcurl/c/libcurl-errors.html first for more details.
2026-01-21 03:52:19,988 - MainThread - ERROR - Page 499 failed: Failed to perform, curl: (56) Recv failure: Connection was reset. See https://curl.se/libcurl/c/libcurl-errors.html first for more details.
2026-01-21 03:52:20,016 - ThreadPoolExecutor-0_7 - ERROR - Page 506 failed: Failed to perform, curl: (56) Recv failure: Connection was reset. See https://curl.se/libcurl/c/libcurl-errors.html first for more details.
2026-01-21 03:52:20,020 - MainThread - ERROR - Page 506 failed: Failed to perform, curl: (56) Recv failure: Connection was reset. See https://curl.se/libcurl/c/libcurl-errors.html first for more details.
2026-01-21 03:52:20,063 - ThreadPoolExecutor-0_10 - ERROR - Page 508 failed: Failed to perform, curl: (56) Recv failure: Connection was reset. See https://curl.se/libcurl/c/libcurl-errors.html first for more details.
2026-01-21 03:52:20,064 - MainThread - ERROR - Page 508 failed: Failed to perform, curl: (56) Recv failure: Connection was reset. See https://curl.se/libcurl/c/libcurl-errors.html first for more details.
2026-01-21 03:52:20,204 - ThreadPoolExecutor-0_9 - ERROR - Page 511 failed: Failed to perform, curl: (56) Recv failure: Connection was reset. See https://curl.se/libcurl/c/libcurl-errors.html first for more details.
2026-01-21 03:52:20,205 - MainThread - ERROR - Page 511 failed: Failed to perform, curl: (56) Recv failure: Connection was reset. See https://curl.se/libcurl/c/libcurl-errors.html first for more details.
2026-01-21 03:52:20,487 - ThreadPoolExecutor-0_14 - ERROR - Page 509 failed: Failed to perform, curl: (56) Recv failure: Connection was reset. See https://curl.se/libcurl/c/libcurl-errors.html first for more details.
2026-01-21 03:52:20,487 - ThreadPoolExecutor-0_13 - ERROR - Page 516 failed: Failed to perform, curl: (56) Recv failure: Connection was reset. See https://curl.se/libcurl/c/libcurl-errors.html first for more details.
2026-01-21 03:52:20,501 - MainThread - ERROR - Page 509 failed: Failed to perform, curl: (56) Recv failure: Connection was reset. See https://curl.se/libcurl/c/libcurl-errors.html first for more details.
2026-01-21 03:52:20,504 - MainThread - ERROR - Page 516 failed: Failed to perform, curl: (56) Recv failure: Connection was reset. See https://curl.se/libcurl/c/libcurl-errors.html first for more details.
2026-01-21 03:52:20,505 - MainThread - INFO - Waiting 3 seconds before next batch...
2026-01-21 03:52:23,507 - MainThread - INFO - Processing batch 21 with 20 pages
2026-01-21 03:52:23,646 - ThreadPoolExecutor-0_5 - INFO - Scraping page 518: https://www.fotocasa.es/es/comprar/viviendas/espana/todas-las-zonas/l/518
2026-01-21 03:52:23,647 - ThreadPoolExecutor-0_18 - INFO - Scraping page 519: https://www.fotocasa.es/es/comprar/viviendas/espana/todas-las-zonas/l/519
2026-01-21 03:52:23,647 - ThreadPoolExecutor-0_1 - INFO - Scraping page 520: https://www.fotocasa.es/es/comprar/viviendas/espana/todas-las-zonas/l/520
2026-01-21 03:52:23,648 - ThreadPoolExecutor-0_0 - INFO - Scraping page 525: https://www.fotocasa.es/es/comprar/viviendas/espana/todas-las-zonas/l/525
2026-01-21 03:52:23,647 - ThreadPoolExecutor-0_2 - INFO - Scraping page 522: https://www.fotocasa.es/es/comprar/viviendas/espana/todas-las-zonas/l/522
2026-01-21 03:52:23,648 - ThreadPoolExecutor-0_16 - INFO - Scraping page 523: https://www.fotocasa.es/es/comprar/viviendas/espana/todas-las-zonas/l/523
2026-01-21 03:52:23,648 - ThreadPoolExecutor-0_6 - INFO - Scraping page 524: https://www.fotocasa.es/es/comprar/viviendas/espana/todas-las-zonas/l/524
2026-01-21 03:52:23,647 - ThreadPoolExecutor-0_4 - INFO - Scraping page 521: https://www.fotocasa.es/es/comprar/viviendas/espana/todas-las-zonas/l/521
2026-01-21 03:52:23,648 - ThreadPoolExecutor-0_12 - INFO - Scraping page 526: https://www.fotocasa.es/es/comprar/viviendas/espana/todas-las-zonas/l/526
2026-01-21 03:52:23,648 - ThreadPoolExecutor-0_3 - INFO - Scraping page 528: https://www.fotocasa.es/es/comprar/viviendas/espana/todas-las-zonas/l/528
2026-01-21 03:52:23,649 - ThreadPoolExecutor-0_15 - INFO - Scraping page 527: https://www.fotocasa.es/es/comprar/viviendas/espana/todas-las-zonas/l/527
2026-01-21 03:52:23,649 - ThreadPoolExecutor-0_19 - INFO - Scraping page 529: https://www.fotocasa.es/es/comprar/viviendas/espana/todas-las-zonas/l/529
2026-01-21 03:52:23,649 - ThreadPoolExecutor-0_8 - INFO - Scraping page 530: https://www.fotocasa.es/es/comprar/viviendas/espana/todas-las-zonas/l/530
2026-01-21 03:52:23,649 - ThreadPoolExecutor-0_17 - INFO - Scraping page 531: https://www.fotocasa.es/es/comprar/viviendas/espana/todas-las-zonas/l/531
2026-01-21 03:52:23,650 - ThreadPoolExecutor-0_11 - INFO - Scraping page 532: https://www.fotocasa.es/es/comprar/viviendas/espana/todas-las-zonas/l/532
2026-01-21 03:52:23,652 - ThreadPoolExecutor-0_7 - INFO - Scraping page 533: https://www.fotocasa.es/es/comprar/viviendas/espana/todas-las-zonas/l/533
2026-01-21 03:52:23,652 - ThreadPoolExecutor-0_10 - INFO - Scraping page 534: https://www.fotocasa.es/es/comprar/viviendas/espana/todas-las-zonas/l/534
2026-01-21 03:52:23,653 - ThreadPoolExecutor-0_14 - INFO - Scraping page 536: https://www.fotocasa.es/es/comprar/viviendas/espana/todas-las-zonas/l/536
2026-01-21 03:52:23,653 - ThreadPoolExecutor-0_9 - INFO - Scraping page 535: https://www.fotocasa.es/es/comprar/viviendas/espana/todas-las-zonas/l/535
2026-01-21 03:52:23,654 - ThreadPoolExecutor-0_13 - INFO - Scraping page 537: https://www.fotocasa.es/es/comprar/viviendas/espana/todas-las-zonas/l/537
2026-01-21 03:52:28,298 - ThreadPoolExecutor-0_12 - INFO - Extracted 4 properties from page
2026-01-21 03:52:28,305 - ThreadPoolExecutor-0_1 - INFO - Extracted 4 properties from page
2026-01-21 03:52:28,307 - ThreadPoolExecutor-0_3 - INFO - Extracted 4 properties from page
2026-01-21 03:52:28,313 - ThreadPoolExecutor-0_17 - INFO - Extracted 4 properties from page
2026-01-21 03:52:28,315 - ThreadPoolExecutor-0_2 - INFO - Extracted 4 properties from page
2026-01-21 03:52:28,316 - ThreadPoolExecutor-0_12 - INFO - Page 526 saved with 4 properties
2026-01-21 03:52:28,318 - ThreadPoolExecutor-0_10 - INFO - Extracted 4 properties from page
2026-01-21 03:52:28,319 - ThreadPoolExecutor-0_1 - INFO - Page 520 saved with 4 properties
2026-01-21 03:52:28,320 - ThreadPoolExecutor-0_7 - INFO - Extracted 4 properties from page
2026-01-21 03:52:28,327 - ThreadPoolExecutor-0_3 - INFO - Page 528 saved with 4 properties
2026-01-21 03:52:28,328 - ThreadPoolExecutor-0_13 - INFO - Extracted 4 properties from page
2026-01-21 03:52:28,332 - ThreadPoolExecutor-0_17 - INFO - Page 531 saved with 4 properties
2026-01-21 03:52:28,334 - ThreadPoolExecutor-0_8 - INFO - Extracted 4 properties from page
2026-01-21 03:52:28,335 - ThreadPoolExecutor-0_2 - INFO - Page 522 saved with 4 properties
2026-01-21 03:52:28,338 - MainThread - INFO - Page 526 completed (204 successful, 197 failed)
2026-01-21 03:52:28,339 - ThreadPoolExecutor-0_10 - INFO - Page 534 saved with 4 properties
2026-01-21 03:52:28,347 - ThreadPoolExecutor-0_7 - INFO - Page 533 saved with 4 properties
2026-01-21 03:52:28,350 - ThreadPoolExecutor-0_13 - INFO - Page 537 saved with 4 properties
2026-01-21 03:52:28,353 - MainThread - INFO - Page 520 completed (205 successful, 197 failed)
2026-01-21 03:52:28,353 - ThreadPoolExecutor-0_8 - INFO - Page 530 saved with 4 properties
2026-01-21 03:52:28,357 - MainThread - INFO - Page 528 completed (206 successful, 197 failed)
2026-01-21 03:52:28,361 - MainThread - INFO - Page 531 completed (207 successful, 197 failed)
2026-01-21 03:52:28,361 - MainThread - INFO - Page 522 completed (208 successful, 197 failed)
2026-01-21 03:52:28,362 - MainThread - INFO - Page 534 completed (209 successful, 197 failed)
2026-01-21 03:52:28,363 - MainThread - INFO - Page 533 completed (210 successful, 197 failed)
2026-01-21 03:52:28,363 - MainThread - INFO - Page 537 completed (211 successful, 197 failed)
2026-01-21 03:52:28,363 - MainThread - INFO - Page 530 completed (212 successful, 197 failed)
2026-01-21 03:52:43,416 - ThreadPoolExecutor-0_0 - ERROR - Page 525 failed: Failed to perform, curl: (56) Recv failure: Connection was reset. See https://curl.se/libcurl/c/libcurl-errors.html first for more details.
2026-01-21 03:52:43,416 - MainThread - ERROR - Page 525 failed: Failed to perform, curl: (56) Recv failure: Connection was reset. See https://curl.se/libcurl/c/libcurl-errors.html first for more details.
2026-01-21 03:52:43,602 - ThreadPoolExecutor-0_16 - ERROR - Page 523 failed: Failed to perform, curl: (56) Recv failure: Connection was reset. See https://curl.se/libcurl/c/libcurl-errors.html first for more details.
2026-01-21 03:52:43,602 - ThreadPoolExecutor-0_18 - ERROR - Page 519 failed: Failed to perform, curl: (56) Recv failure: Connection was reset. See https://curl.se/libcurl/c/libcurl-errors.html first for more details.
2026-01-21 03:52:43,603 - MainThread - ERROR - Page 523 failed: Failed to perform, curl: (56) Recv failure: Connection was reset. See https://curl.se/libcurl/c/libcurl-errors.html first for more details.
2026-01-21 03:52:43,603 - MainThread - ERROR - Page 519 failed: Failed to perform, curl: (56) Recv failure: Connection was reset. See https://curl.se/libcurl/c/libcurl-errors.html first for more details.
2026-01-21 03:52:43,663 - ThreadPoolExecutor-0_5 - ERROR - Page 518 failed: Failed to perform, curl: (56) Recv failure: Connection was reset. See https://curl.se/libcurl/c/libcurl-errors.html first for more details.
2026-01-21 03:52:43,664 - MainThread - ERROR - Page 518 failed: Failed to perform, curl: (56) Recv failure: Connection was reset. See https://curl.se/libcurl/c/libcurl-errors.html first for more details.
2026-01-21 03:52:43,725 - ThreadPoolExecutor-0_6 - ERROR - Page 524 failed: Failed to perform, curl: (56) Recv failure: Connection was reset. See https://curl.se/libcurl/c/libcurl-errors.html first for more details.
2026-01-21 03:52:43,726 - ThreadPoolExecutor-0_4 - ERROR - Page 521 failed: Failed to perform, curl: (56) Recv failure: Connection was reset. See https://curl.se/libcurl/c/libcurl-errors.html first for more details.
2026-01-21 03:52:43,727 - MainThread - ERROR - Page 524 failed: Failed to perform, curl: (56) Recv failure: Connection was reset. See https://curl.se/libcurl/c/libcurl-errors.html first for more details.
2026-01-21 03:52:43,727 - MainThread - ERROR - Page 521 failed: Failed to perform, curl: (56) Recv failure: Connection was reset. See https://curl.se/libcurl/c/libcurl-errors.html first for more details.
2026-01-21 03:52:44,217 - ThreadPoolExecutor-0_19 - ERROR - Page 529 failed: Failed to perform, curl: (56) Recv failure: Connection was reset. See https://curl.se/libcurl/c/libcurl-errors.html first for more details.
2026-01-21 03:52:44,218 - MainThread - ERROR - Page 529 failed: Failed to perform, curl: (56) Recv failure: Connection was reset. See https://curl.se/libcurl/c/libcurl-errors.html first for more details.
2026-01-21 03:52:44,419 - ThreadPoolExecutor-0_15 - ERROR - Page 527 failed: Failed to perform, curl: (56) Recv failure: Connection was reset. See https://curl.se/libcurl/c/libcurl-errors.html first for more details.
2026-01-21 03:52:44,419 - ThreadPoolExecutor-0_9 - ERROR - Page 535 failed: Failed to perform, curl: (56) Recv failure: Connection was reset. See https://curl.se/libcurl/c/libcurl-errors.html first for more details.
2026-01-21 03:52:44,420 - MainThread - ERROR - Page 527 failed: Failed to perform, curl: (56) Recv failure: Connection was reset. See https://curl.se/libcurl/c/libcurl-errors.html first for more details.
2026-01-21 03:52:44,420 - MainThread - ERROR - Page 535 failed: Failed to perform, curl: (56) Recv failure: Connection was reset. See https://curl.se/libcurl/c/libcurl-errors.html first for more details.
2026-01-21 03:52:44,434 - ThreadPoolExecutor-0_14 - ERROR - Page 536 failed: Failed to perform, curl: (56) Recv failure: Connection was reset. See https://curl.se/libcurl/c/libcurl-errors.html first for more details.
2026-01-21 03:52:44,434 - ThreadPoolExecutor-0_11 - ERROR - Page 532 failed: Failed to perform, curl: (56) Recv failure: Connection was reset. See https://curl.se/libcurl/c/libcurl-errors.html first for more details.
2026-01-21 03:52:44,436 - MainThread - ERROR - Page 532 failed: Failed to perform, curl: (56) Recv failure: Connection was reset. See https://curl.se/libcurl/c/libcurl-errors.html first for more details.
2026-01-21 03:52:44,436 - MainThread - ERROR - Page 536 failed: Failed to perform, curl: (56) Recv failure: Connection was reset. See https://curl.se/libcurl/c/libcurl-errors.html first for more details.
2026-01-21 03:52:44,439 - MainThread - INFO - Waiting 3 seconds before next batch...
2026-01-21 03:52:47,439 - MainThread - INFO - Processing batch 22 with 20 pages
2026-01-21 03:52:47,441 - ThreadPoolExecutor-0_3 - INFO - Scraping page 540: https://www.fotocasa.es/es/comprar/viviendas/espana/todas-las-zonas/l/540
2026-01-21 03:52:47,441 - ThreadPoolExecutor-0_1 - INFO - Scraping page 539: https://www.fotocasa.es/es/comprar/viviendas/espana/todas-las-zonas/l/539
2026-01-21 03:52:47,441 - ThreadPoolExecutor-0_12 - INFO - Scraping page 538: https://www.fotocasa.es/es/comprar/viviendas/espana/todas-las-zonas/l/538
2026-01-21 03:52:47,442 - ThreadPoolExecutor-0_17 - INFO - Scraping page 541: https://www.fotocasa.es/es/comprar/viviendas/espana/todas-las-zonas/l/541
2026-01-21 03:52:47,442 - ThreadPoolExecutor-0_2 - INFO - Scraping page 542: https://www.fotocasa.es/es/comprar/viviendas/espana/todas-las-zonas/l/542
2026-01-21 03:52:47,442 - ThreadPoolExecutor-0_10 - INFO - Scraping page 543: https://www.fotocasa.es/es/comprar/viviendas/espana/todas-las-zonas/l/543
2026-01-21 03:52:47,444 - ThreadPoolExecutor-0_7 - INFO - Scraping page 544: https://www.fotocasa.es/es/comprar/viviendas/espana/todas-las-zonas/l/544
2026-01-21 03:52:47,445 - ThreadPoolExecutor-0_13 - INFO - Scraping page 545: https://www.fotocasa.es/es/comprar/viviendas/espana/todas-las-zonas/l/545
2026-01-21 03:52:47,446 - ThreadPoolExecutor-0_8 - INFO - Scraping page 546: https://www.fotocasa.es/es/comprar/viviendas/espana/todas-las-zonas/l/546
2026-01-21 03:52:47,447 - ThreadPoolExecutor-0_0 - INFO - Scraping page 547: https://www.fotocasa.es/es/comprar/viviendas/espana/todas-las-zonas/l/547
2026-01-21 03:52:47,448 - ThreadPoolExecutor-0_16 - INFO - Scraping page 548: https://www.fotocasa.es/es/comprar/viviendas/espana/todas-las-zonas/l/548
2026-01-21 03:52:47,449 - ThreadPoolExecutor-0_4 - INFO - Scraping page 552: https://www.fotocasa.es/es/comprar/viviendas/espana/todas-las-zonas/l/552
2026-01-21 03:52:47,450 - ThreadPoolExecutor-0_5 - INFO - Scraping page 550: https://www.fotocasa.es/es/comprar/viviendas/espana/todas-las-zonas/l/550
2026-01-21 03:52:47,450 - ThreadPoolExecutor-0_6 - INFO - Scraping page 551: https://www.fotocasa.es/es/comprar/viviendas/espana/todas-las-zonas/l/551
2026-01-21 03:52:47,450 - ThreadPoolExecutor-0_19 - INFO - Scraping page 553: https://www.fotocasa.es/es/comprar/viviendas/espana/todas-las-zonas/l/553
2026-01-21 03:52:47,452 - ThreadPoolExecutor-0_18 - INFO - Scraping page 549: https://www.fotocasa.es/es/comprar/viviendas/espana/todas-las-zonas/l/549
2026-01-21 03:52:47,453 - ThreadPoolExecutor-0_15 - INFO - Scraping page 554: https://www.fotocasa.es/es/comprar/viviendas/espana/todas-las-zonas/l/554
2026-01-21 03:52:47,453 - ThreadPoolExecutor-0_11 - INFO - Scraping page 556: https://www.fotocasa.es/es/comprar/viviendas/espana/todas-las-zonas/l/556
2026-01-21 03:52:47,454 - ThreadPoolExecutor-0_14 - INFO - Scraping page 557: https://www.fotocasa.es/es/comprar/viviendas/espana/todas-las-zonas/l/557
2026-01-21 03:52:47,454 - ThreadPoolExecutor-0_9 - INFO - Scraping page 555: https://www.fotocasa.es/es/comprar/viviendas/espana/todas-las-zonas/l/555
2026-01-21 03:52:49,095 - ThreadPoolExecutor-0_10 - INFO - Extracted 4 properties from page
2026-01-21 03:52:49,128 - ThreadPoolExecutor-0_10 - ERROR - Page 543 failed: [Errno 2] No such file or directory: 'G:\\FOTOCASA\\HOMES\\pages\\page_00543.json'
2026-01-21 03:52:49,374 - MainThread - ERROR - Page 543 failed: [Errno 2] No such file or directory: 'G:\\FOTOCASA\\HOMES\\pages\\page_00543.json'
2026-01-21 03:52:49,509 - ThreadPoolExecutor-0_4 - INFO - Extracted 4 properties from page
2026-01-21 03:52:49,514 - ThreadPoolExecutor-0_4 - ERROR - Page 552 failed: [Errno 2] No such file or directory: 'G:\\FOTOCASA\\HOMES\\pages\\page_00552.json'
2026-01-21 03:52:49,515 - ThreadPoolExecutor-0_17 - INFO - Extracted 4 properties from page
2026-01-21 03:52:49,521 - ThreadPoolExecutor-0_12 - INFO - Extracted 4 properties from page
2026-01-21 03:52:49,524 - ThreadPoolExecutor-0_9 - INFO - Extracted 4 properties from page
2026-01-21 03:52:49,525 - ThreadPoolExecutor-0_17 - ERROR - Page 541 failed: [Errno 2] No such file or directory: 'G:\\FOTOCASA\\HOMES\\pages\\page_00541.json'
2026-01-21 03:52:49,527 - MainThread - ERROR - Page 552 failed: [Errno 2] No such file or directory: 'G:\\FOTOCASA\\HOMES\\pages\\page_00552.json'
2026-01-21 03:52:49,527 - ThreadPoolExecutor-0_12 - ERROR - Page 538 failed: [Errno 2] No such file or directory: 'G:\\FOTOCASA\\HOMES\\pages\\page_00538.json'
2026-01-21 03:52:49,528 - ThreadPoolExecutor-0_9 - ERROR - Page 555 failed: [Errno 2] No such file or directory: 'G:\\FOTOCASA\\HOMES\\pages\\page_00555.json'
2026-01-21 03:52:49,529 - MainThread - ERROR - Page 541 failed: [Errno 2] No such file or directory: 'G:\\FOTOCASA\\HOMES\\pages\\page_00541.json'
2026-01-21 03:52:49,530 - MainThread - ERROR - Page 538 failed: [Errno 2] No such file or directory: 'G:\\FOTOCASA\\HOMES\\pages\\page_00538.json'
2026-01-21 03:52:49,531 - MainThread - ERROR - Page 555 failed: [Errno 2] No such file or directory: 'G:\\FOTOCASA\\HOMES\\pages\\page_00555.json'
2026-01-21 03:52:50,162 - ThreadPoolExecutor-0_2 - INFO - Extracted 4 properties from page
2026-01-21 03:52:50,165 - ThreadPoolExecutor-0_5 - INFO - Extracted 4 properties from page
2026-01-21 03:52:50,165 - ThreadPoolExecutor-0_2 - ERROR - Page 542 failed: [Errno 2] No such file or directory: 'G:\\FOTOCASA\\HOMES\\pages\\page_00542.json'
2026-01-21 03:52:50,166 - ThreadPoolExecutor-0_5 - ERROR - Page 550 failed: [Errno 2] No such file or directory: 'G:\\FOTOCASA\\HOMES\\pages\\page_00550.json'
2026-01-21 03:52:50,168 - MainThread - ERROR - Page 542 failed: [Errno 2] No such file or directory: 'G:\\FOTOCASA\\HOMES\\pages\\page_00542.json'
2026-01-21 03:52:50,168 - MainThread - ERROR - Page 550 failed: [Errno 2] No such file or directory: 'G:\\FOTOCASA\\HOMES\\pages\\page_00550.json'
2026-01-21 03:52:50,316 - ThreadPoolExecutor-0_3 - INFO - Extracted 4 properties from page
2026-01-21 03:52:50,316 - ThreadPoolExecutor-0_3 - ERROR - Page 540 failed: [Errno 2] No such file or directory: 'G:\\FOTOCASA\\HOMES\\pages\\page_00540.json'
2026-01-21 03:52:50,319 - MainThread - ERROR - Page 540 failed: [Errno 2] No such file or directory: 'G:\\FOTOCASA\\HOMES\\pages\\page_00540.json'
2026-01-21 03:53:06,836 - ThreadPoolExecutor-0_1 - ERROR - Page 539 failed: Failed to perform, curl: (56) Recv failure: Connection was reset. See https://curl.se/libcurl/c/libcurl-errors.html first for more details.
2026-01-21 03:53:06,836 - ThreadPoolExecutor-0_7 - ERROR - Page 544 failed: Failed to perform, curl: (56) Recv failure: Connection was reset. See https://curl.se/libcurl/c/libcurl-errors.html first for more details.
2026-01-21 03:53:06,837 - MainThread - ERROR - Page 539 failed: Failed to perform, curl: (56) Recv failure: Connection was reset. See https://curl.se/libcurl/c/libcurl-errors.html first for more details.
2026-01-21 03:53:06,837 - MainThread - ERROR - Page 544 failed: Failed to perform, curl: (56) Recv failure: Connection was reset. See https://curl.se/libcurl/c/libcurl-errors.html first for more details.
2026-01-21 03:53:06,867 - ThreadPoolExecutor-0_13 - ERROR - Page 545 failed: Failed to perform, curl: (56) Recv failure: Connection was reset. See https://curl.se/libcurl/c/libcurl-errors.html first for more details.
2026-01-21 03:53:06,868 - ThreadPoolExecutor-0_8 - ERROR - Page 546 failed: Failed to perform, curl: (56) Recv failure: Connection was reset. See https://curl.se/libcurl/c/libcurl-errors.html first for more details.
2026-01-21 03:53:06,870 - ThreadPoolExecutor-0_0 - ERROR - Page 547 failed: Failed to perform, curl: (56) Recv failure: Connection was reset. See https://curl.se/libcurl/c/libcurl-errors.html first for more details.
2026-01-21 03:53:06,870 - MainThread - ERROR - Page 545 failed: Failed to perform, curl: (56) Recv failure: Connection was reset. See https://curl.se/libcurl/c/libcurl-errors.html first for more details.
2026-01-21 03:53:06,870 - ThreadPoolExecutor-0_15 - ERROR - Page 554 failed: Failed to perform, curl: (56) Recv failure: Connection was reset. See https://curl.se/libcurl/c/libcurl-errors.html first for more details.
2026-01-21 03:53:06,871 - ThreadPoolExecutor-0_16 - ERROR - Page 548 failed: Failed to perform, curl: (56) Recv failure: Connection was reset. See https://curl.se/libcurl/c/libcurl-errors.html first for more details.
2026-01-21 03:53:06,871 - ThreadPoolExecutor-0_6 - ERROR - Page 551 failed: Failed to perform, curl: (56) Recv failure: Connection was reset. See https://curl.se/libcurl/c/libcurl-errors.html first for more details.
2026-01-21 03:53:06,871 - MainThread - ERROR - Page 546 failed: Failed to perform, curl: (56) Recv failure: Connection was reset. See https://curl.se/libcurl/c/libcurl-errors.html first for more details.
2026-01-21 03:53:06,872 - MainThread - ERROR - Page 547 failed: Failed to perform, curl: (56) Recv failure: Connection was reset. See https://curl.se/libcurl/c/libcurl-errors.html first for more details.
2026-01-21 03:53:06,874 - MainThread - ERROR - Page 554 failed: Failed to perform, curl: (56) Recv failure: Connection was reset. See https://curl.se/libcurl/c/libcurl-errors.html first for more details.
2026-01-21 03:53:06,874 - MainThread - ERROR - Page 551 failed: Failed to perform, curl: (56) Recv failure: Connection was reset. See https://curl.se/libcurl/c/libcurl-errors.html first for more details.
2026-01-21 03:53:06,874 - MainThread - ERROR - Page 548 failed: Failed to perform, curl: (56) Recv failure: Connection was reset. See https://curl.se/libcurl/c/libcurl-errors.html first for more details.
2026-01-21 03:53:06,898 - ThreadPoolExecutor-0_19 - ERROR - Page 553 failed: Failed to perform, curl: (56) Recv failure: Connection was reset. See https://curl.se/libcurl/c/libcurl-errors.html first for more details.
2026-01-21 03:53:06,899 - ThreadPoolExecutor-0_14 - ERROR - Page 557 failed: Failed to perform, curl: (56) Recv failure: Connection was reset. See https://curl.se/libcurl/c/libcurl-errors.html first for more details.
2026-01-21 03:53:06,900 - ThreadPoolExecutor-0_18 - ERROR - Page 549 failed: Failed to perform, curl: (56) Recv failure: Connection was reset. See https://curl.se/libcurl/c/libcurl-errors.html first for more details.
2026-01-21 03:53:06,900 - ThreadPoolExecutor-0_11 - ERROR - Page 556 failed: Failed to perform, curl: (56) Recv failure: Connection was reset. See https://curl.se/libcurl/c/libcurl-errors.html first for more details.
2026-01-21 03:53:06,901 - MainThread - ERROR - Page 553 failed: Failed to perform, curl: (56) Recv failure: Connection was reset. See https://curl.se/libcurl/c/libcurl-errors.html first for more details.
2026-01-21 03:53:06,903 - MainThread - ERROR - Page 557 failed: Failed to perform, curl: (56) Recv failure: Connection was reset. See https://curl.se/libcurl/c/libcurl-errors.html first for more details.
2026-01-21 03:53:06,903 - MainThread - ERROR - Page 549 failed: Failed to perform, curl: (56) Recv failure: Connection was reset. See https://curl.se/libcurl/c/libcurl-errors.html first for more details.
2026-01-21 03:53:06,904 - MainThread - ERROR - Page 556 failed: Failed to perform, curl: (56) Recv failure: Connection was reset. See https://curl.se/libcurl/c/libcurl-errors.html first for more details.
2026-01-21 03:53:06,905 - MainThread - INFO - Waiting 3 seconds before next batch...
2026-01-21 03:53:09,906 - MainThread - INFO - Processing batch 23 with 20 pages
2026-01-21 03:53:09,906 - ThreadPoolExecutor-0_4 - INFO - Scraping page 559: https://www.fotocasa.es/es/comprar/viviendas/espana/todas-las-zonas/l/559
2026-01-21 03:53:09,907 - ThreadPoolExecutor-0_10 - INFO - Scraping page 558: https://www.fotocasa.es/es/comprar/viviendas/espana/todas-las-zonas/l/558
2026-01-21 03:53:09,907 - ThreadPoolExecutor-0_17 - INFO - Scraping page 560: https://www.fotocasa.es/es/comprar/viviendas/espana/todas-las-zonas/l/560
2026-01-21 03:53:09,907 - ThreadPoolExecutor-0_12 - INFO - Scraping page 561: https://www.fotocasa.es/es/comprar/viviendas/espana/todas-las-zonas/l/561
2026-01-21 03:53:09,908 - ThreadPoolExecutor-0_9 - INFO - Scraping page 562: https://www.fotocasa.es/es/comprar/viviendas/espana/todas-las-zonas/l/562
2026-01-21 03:53:09,910 - ThreadPoolExecutor-0_2 - INFO - Scraping page 563: https://www.fotocasa.es/es/comprar/viviendas/espana/todas-las-zonas/l/563
2026-01-21 03:53:09,910 - ThreadPoolExecutor-0_5 - INFO - Scraping page 564: https://www.fotocasa.es/es/comprar/viviendas/espana/todas-las-zonas/l/564
2026-01-21 03:53:09,911 - ThreadPoolExecutor-0_1 - INFO - Scraping page 566: https://www.fotocasa.es/es/comprar/viviendas/espana/todas-las-zonas/l/566
2026-01-21 03:53:09,911 - ThreadPoolExecutor-0_13 - INFO - Scraping page 568: https://www.fotocasa.es/es/comprar/viviendas/espana/todas-las-zonas/l/568
2026-01-21 03:53:09,912 - ThreadPoolExecutor-0_7 - INFO - Scraping page 567: https://www.fotocasa.es/es/comprar/viviendas/espana/todas-las-zonas/l/567
2026-01-21 03:53:09,912 - ThreadPoolExecutor-0_3 - INFO - Scraping page 565: https://www.fotocasa.es/es/comprar/viviendas/espana/todas-las-zonas/l/565
2026-01-21 03:53:09,913 - ThreadPoolExecutor-0_8 - INFO - Scraping page 569: https://www.fotocasa.es/es/comprar/viviendas/espana/todas-las-zonas/l/569
2026-01-21 03:53:09,914 - ThreadPoolExecutor-0_0 - INFO - Scraping page 570: https://www.fotocasa.es/es/comprar/viviendas/espana/todas-las-zonas/l/570
2026-01-21 03:53:09,914 - ThreadPoolExecutor-0_15 - INFO - Scraping page 571: https://www.fotocasa.es/es/comprar/viviendas/espana/todas-las-zonas/l/571
2026-01-21 03:53:09,918 - ThreadPoolExecutor-0_19 - INFO - Scraping page 574: https://www.fotocasa.es/es/comprar/viviendas/espana/todas-las-zonas/l/574
2026-01-21 03:53:09,919 - ThreadPoolExecutor-0_14 - INFO - Scraping page 575: https://www.fotocasa.es/es/comprar/viviendas/espana/todas-las-zonas/l/575
2026-01-21 03:53:09,916 - ThreadPoolExecutor-0_6 - INFO - Scraping page 572: https://www.fotocasa.es/es/comprar/viviendas/espana/todas-las-zonas/l/572
2026-01-21 03:53:09,919 - ThreadPoolExecutor-0_16 - INFO - Scraping page 573: https://www.fotocasa.es/es/comprar/viviendas/espana/todas-las-zonas/l/573
2026-01-21 03:53:09,920 - ThreadPoolExecutor-0_18 - INFO - Scraping page 576: https://www.fotocasa.es/es/comprar/viviendas/espana/todas-las-zonas/l/576
2026-01-21 03:53:09,921 - ThreadPoolExecutor-0_11 - INFO - Scraping page 577: https://www.fotocasa.es/es/comprar/viviendas/espana/todas-las-zonas/l/577
2026-01-21 03:53:11,729 - ThreadPoolExecutor-0_8 - INFO - Extracted 4 properties from page
2026-01-21 03:53:11,729 - ThreadPoolExecutor-0_8 - ERROR - Page 569 failed: [Errno 2] No such file or directory: 'G:\\FOTOCASA\\HOMES\\pages\\page_00569.json'
2026-01-21 03:53:11,731 - MainThread - ERROR - Page 569 failed: [Errno 2] No such file or directory: 'G:\\FOTOCASA\\HOMES\\pages\\page_00569.json'
2026-01-21 03:53:12,569 - ThreadPoolExecutor-0_10 - INFO - Extracted 4 properties from page
2026-01-21 03:53:12,570 - ThreadPoolExecutor-0_10 - ERROR - Page 558 failed: [Errno 2] No such file or directory: 'G:\\FOTOCASA\\HOMES\\pages\\page_00558.json'
2026-01-21 03:53:12,572 - MainThread - ERROR - Page 558 failed: [Errno 2] No such file or directory: 'G:\\FOTOCASA\\HOMES\\pages\\page_00558.json'
2026-01-21 03:53:12,751 - ThreadPoolExecutor-0_2 - INFO - Extracted 4 properties from page
2026-01-21 03:53:12,751 - ThreadPoolExecutor-0_2 - ERROR - Page 563 failed: [Errno 2] No such file or directory: 'G:\\FOTOCASA\\HOMES\\pages\\page_00563.json'
2026-01-21 03:53:12,753 - MainThread - ERROR - Page 563 failed: [Errno 2] No such file or directory: 'G:\\FOTOCASA\\HOMES\\pages\\page_00563.json'
2026-01-21 03:53:12,964 - ThreadPoolExecutor-0_13 - INFO - Extracted 4 properties from page
2026-01-21 03:53:12,965 - ThreadPoolExecutor-0_13 - ERROR - Page 568 failed: [Errno 2] No such file or directory: 'G:\\FOTOCASA\\HOMES\\pages\\page_00568.json'
2026-01-21 03:53:12,966 - MainThread - ERROR - Page 568 failed: [Errno 2] No such file or directory: 'G:\\FOTOCASA\\HOMES\\pages\\page_00568.json'
2026-01-21 03:53:13,330 - ThreadPoolExecutor-0_18 - INFO - Extracted 4 properties from page
2026-01-21 03:53:13,347 - ThreadPoolExecutor-0_18 - ERROR - Page 576 failed: [Errno 2] No such file or directory: 'G:\\FOTOCASA\\HOMES\\pages\\page_00576.json'
2026-01-21 03:53:13,352 - MainThread - ERROR - Page 576 failed: [Errno 2] No such file or directory: 'G:\\FOTOCASA\\HOMES\\pages\\page_00576.json'
2026-01-21 03:53:13,352 - ThreadPoolExecutor-0_7 - INFO - Extracted 4 properties from page
2026-01-21 03:53:13,352 - ThreadPoolExecutor-0_7 - ERROR - Page 567 failed: [Errno 2] No such file or directory: 'G:\\FOTOCASA\\HOMES\\pages\\page_00567.json'
2026-01-21 03:53:13,354 - MainThread - ERROR - Page 567 failed: [Errno 2] No such file or directory: 'G:\\FOTOCASA\\HOMES\\pages\\page_00567.json'
2026-01-21 03:53:29,282 - ThreadPoolExecutor-0_17 - ERROR - Page 560 failed: Failed to perform, curl: (56) Recv failure: Connection was reset. See https://curl.se/libcurl/c/libcurl-errors.html first for more details.
2026-01-21 03:53:29,283 - ThreadPoolExecutor-0_9 - ERROR - Page 562 failed: Failed to perform, curl: (56) Recv failure: Connection was reset. See https://curl.se/libcurl/c/libcurl-errors.html first for more details.
2026-01-21 03:53:29,284 - ThreadPoolExecutor-0_5 - ERROR - Page 564 failed: Failed to perform, curl: (56) Recv failure: Connection was reset. See https://curl.se/libcurl/c/libcurl-errors.html first for more details.
2026-01-21 03:53:29,285 - MainThread - ERROR - Page 560 failed: Failed to perform, curl: (56) Recv failure: Connection was reset. See https://curl.se/libcurl/c/libcurl-errors.html first for more details.
2026-01-21 03:53:29,285 - MainThread - ERROR - Page 562 failed: Failed to perform, curl: (56) Recv failure: Connection was reset. See https://curl.se/libcurl/c/libcurl-errors.html first for more details.
2026-01-21 03:53:29,286 - MainThread - ERROR - Page 564 failed: Failed to perform, curl: (56) Recv failure: Connection was reset. See https://curl.se/libcurl/c/libcurl-errors.html first for more details.
2026-01-21 03:53:29,297 - ThreadPoolExecutor-0_12 - ERROR - Page 561 failed: Failed to perform, curl: (56) Recv failure: Connection was reset. See https://curl.se/libcurl/c/libcurl-errors.html first for more details.
2026-01-21 03:53:29,298 - MainThread - ERROR - Page 561 failed: Failed to perform, curl: (56) Recv failure: Connection was reset. See https://curl.se/libcurl/c/libcurl-errors.html first for more details.
2026-01-21 03:53:29,314 - ThreadPoolExecutor-0_4 - ERROR - Page 559 failed: Failed to perform, curl: (56) Recv failure: Connection was reset. See https://curl.se/libcurl/c/libcurl-errors.html first for more details.
2026-01-21 03:53:29,314 - ThreadPoolExecutor-0_3 - ERROR - Page 565 failed: Failed to perform, curl: (56) Recv failure: Connection was reset. See https://curl.se/libcurl/c/libcurl-errors.html first for more details.
2026-01-21 03:53:29,315 - ThreadPoolExecutor-0_1 - ERROR - Page 566 failed: Failed to perform, curl: (56) Recv failure: Connection was reset. See https://curl.se/libcurl/c/libcurl-errors.html first for more details.
2026-01-21 03:53:29,316 - MainThread - ERROR - Page 559 failed: Failed to perform, curl: (56) Recv failure: Connection was reset. See https://curl.se/libcurl/c/libcurl-errors.html first for more details.
2026-01-21 03:53:29,316 - MainThread - ERROR - Page 566 failed: Failed to perform, curl: (56) Recv failure: Connection was reset. See https://curl.se/libcurl/c/libcurl-errors.html first for more details.
2026-01-21 03:53:29,317 - MainThread - ERROR - Page 565 failed: Failed to perform, curl: (56) Recv failure: Connection was reset. See https://curl.se/libcurl/c/libcurl-errors.html first for more details.
2026-01-21 03:53:29,329 - ThreadPoolExecutor-0_15 - ERROR - Page 571 failed: Failed to perform, curl: (56) Recv failure: Connection was reset. See https://curl.se/libcurl/c/libcurl-errors.html first for more details.
2026-01-21 03:53:29,330 - ThreadPoolExecutor-0_0 - ERROR - Page 570 failed: Failed to perform, curl: (56) Recv failure: Connection was reset. See https://curl.se/libcurl/c/libcurl-errors.html first for more details.
2026-01-21 03:53:29,330 - ThreadPoolExecutor-0_16 - ERROR - Page 573 failed: Failed to perform, curl: (56) Recv failure: Connection was reset. See https://curl.se/libcurl/c/libcurl-errors.html first for more details.
2026-01-21 03:53:29,331 - MainThread - ERROR - Page 571 failed: Failed to perform, curl: (56) Recv failure: Connection was reset. See https://curl.se/libcurl/c/libcurl-errors.html first for more details.
2026-01-21 03:53:29,332 - MainThread - ERROR - Page 570 failed: Failed to perform, curl: (56) Recv failure: Connection was reset. See https://curl.se/libcurl/c/libcurl-errors.html first for more details.
2026-01-21 03:53:29,333 - MainThread - ERROR - Page 573 failed: Failed to perform, curl: (56) Recv failure: Connection was reset. See https://curl.se/libcurl/c/libcurl-errors.html first for more details.
2026-01-21 03:53:29,344 - ThreadPoolExecutor-0_14 - ERROR - Page 575 failed: Failed to perform, curl: (56) Recv failure: Connection was reset. See https://curl.se/libcurl/c/libcurl-errors.html first for more details.
2026-01-21 03:53:29,344 - ThreadPoolExecutor-0_6 - ERROR - Page 572 failed: Failed to perform, curl: (56) Recv failure: Connection was reset. See https://curl.se/libcurl/c/libcurl-errors.html first for more details.
2026-01-21 03:53:29,344 - MainThread - ERROR - Page 575 failed: Failed to perform, curl: (56) Recv failure: Connection was reset. See https://curl.se/libcurl/c/libcurl-errors.html first for more details.
2026-01-21 03:53:29,347 - MainThread - ERROR - Page 572 failed: Failed to perform, curl: (56) Recv failure: Connection was reset. See https://curl.se/libcurl/c/libcurl-errors.html first for more details.
2026-01-21 03:53:29,362 - ThreadPoolExecutor-0_11 - ERROR - Page 577 failed: Failed to perform, curl: (56) Recv failure: Connection was reset. See https://curl.se/libcurl/c/libcurl-errors.html first for more details.
2026-01-21 03:53:29,362 - ThreadPoolExecutor-0_19 - ERROR - Page 574 failed: Failed to perform, curl: (56) Recv failure: Connection was reset. See https://curl.se/libcurl/c/libcurl-errors.html first for more details.
2026-01-21 03:53:29,363 - MainThread - ERROR - Page 577 failed: Failed to perform, curl: (56) Recv failure: Connection was reset. See https://curl.se/libcurl/c/libcurl-errors.html first for more details.
2026-01-21 03:53:29,364 - MainThread - ERROR - Page 574 failed: Failed to perform, curl: (56) Recv failure: Connection was reset. See https://curl.se/libcurl/c/libcurl-errors.html first for more details.
2026-01-21 03:53:29,366 - MainThread - INFO - Waiting 3 seconds before next batch...
2026-01-21 03:53:32,367 - MainThread - INFO - Processing batch 24 with 20 pages
2026-01-21 03:53:32,369 - ThreadPoolExecutor-0_2 - INFO - Scraping page 580: https://www.fotocasa.es/es/comprar/viviendas/espana/todas-las-zonas/l/580
2026-01-21 03:53:32,369 - ThreadPoolExecutor-0_8 - INFO - Scraping page 578: https://www.fotocasa.es/es/comprar/viviendas/espana/todas-las-zonas/l/578
2026-01-21 03:53:32,369 - ThreadPoolExecutor-0_10 - INFO - Scraping page 579: https://www.fotocasa.es/es/comprar/viviendas/espana/todas-las-zonas/l/579
2026-01-21 03:53:32,370 - ThreadPoolExecutor-0_18 - INFO - Scraping page 582: https://www.fotocasa.es/es/comprar/viviendas/espana/todas-las-zonas/l/582
2026-01-21 03:53:32,370 - ThreadPoolExecutor-0_13 - INFO - Scraping page 581: https://www.fotocasa.es/es/comprar/viviendas/espana/todas-las-zonas/l/581
2026-01-21 03:53:32,372 - ThreadPoolExecutor-0_7 - INFO - Scraping page 583: https://www.fotocasa.es/es/comprar/viviendas/espana/todas-las-zonas/l/583
2026-01-21 03:53:32,372 - ThreadPoolExecutor-0_17 - INFO - Scraping page 584: https://www.fotocasa.es/es/comprar/viviendas/espana/todas-las-zonas/l/584
2026-01-21 03:53:32,373 - ThreadPoolExecutor-0_9 - INFO - Scraping page 585: https://www.fotocasa.es/es/comprar/viviendas/espana/todas-las-zonas/l/585
2026-01-21 03:53:32,374 - ThreadPoolExecutor-0_12 - INFO - Scraping page 587: https://www.fotocasa.es/es/comprar/viviendas/espana/todas-las-zonas/l/587
2026-01-21 03:53:32,374 - ThreadPoolExecutor-0_5 - INFO - Scraping page 586: https://www.fotocasa.es/es/comprar/viviendas/espana/todas-las-zonas/l/586
2026-01-21 03:53:32,376 - ThreadPoolExecutor-0_1 - INFO - Scraping page 589: https://www.fotocasa.es/es/comprar/viviendas/espana/todas-las-zonas/l/589
2026-01-21 03:53:32,376 - ThreadPoolExecutor-0_4 - INFO - Scraping page 588: https://www.fotocasa.es/es/comprar/viviendas/espana/todas-las-zonas/l/588
2026-01-21 03:53:32,378 - ThreadPoolExecutor-0_3 - INFO - Scraping page 590: https://www.fotocasa.es/es/comprar/viviendas/espana/todas-las-zonas/l/590
2026-01-21 03:53:32,378 - ThreadPoolExecutor-0_15 - INFO - Scraping page 591: https://www.fotocasa.es/es/comprar/viviendas/espana/todas-las-zonas/l/591
2026-01-21 03:53:32,378 - ThreadPoolExecutor-0_0 - INFO - Scraping page 592: https://www.fotocasa.es/es/comprar/viviendas/espana/todas-las-zonas/l/592
2026-01-21 03:53:32,385 - ThreadPoolExecutor-0_6 - INFO - Scraping page 595: https://www.fotocasa.es/es/comprar/viviendas/espana/todas-las-zonas/l/595
2026-01-21 03:53:32,380 - ThreadPoolExecutor-0_16 - INFO - Scraping page 593: https://www.fotocasa.es/es/comprar/viviendas/espana/todas-las-zonas/l/593
2026-01-21 03:53:32,392 - ThreadPoolExecutor-0_19 - INFO - Scraping page 597: https://www.fotocasa.es/es/comprar/viviendas/espana/todas-las-zonas/l/597
2026-01-21 03:53:32,389 - ThreadPoolExecutor-0_11 - INFO - Scraping page 596: https://www.fotocasa.es/es/comprar/viviendas/espana/todas-las-zonas/l/596
2026-01-21 03:53:32,382 - ThreadPoolExecutor-0_14 - INFO - Scraping page 594: https://www.fotocasa.es/es/comprar/viviendas/espana/todas-las-zonas/l/594
2026-01-21 03:53:33,917 - ThreadPoolExecutor-0_13 - INFO - Extracted 4 properties from page
2026-01-21 03:53:33,918 - ThreadPoolExecutor-0_13 - ERROR - Page 581 failed: [Errno 2] No such file or directory: 'G:\\FOTOCASA\\HOMES\\pages\\page_00581.json'
2026-01-21 03:53:33,920 - MainThread - ERROR - Page 581 failed: [Errno 2] No such file or directory: 'G:\\FOTOCASA\\HOMES\\pages\\page_00581.json'
2026-01-21 03:53:34,260 - ThreadPoolExecutor-0_6 - INFO - Extracted 4 properties from page
2026-01-21 03:53:34,261 - ThreadPoolExecutor-0_6 - ERROR - Page 595 failed: [Errno 2] No such file or directory: 'G:\\FOTOCASA\\HOMES\\pages\\page_00595.json'
2026-01-21 03:53:34,261 - ThreadPoolExecutor-0_3 - INFO - Extracted 4 properties from page
2026-01-21 03:53:34,266 - MainThread - ERROR - Page 595 failed: [Errno 2] No such file or directory: 'G:\\FOTOCASA\\HOMES\\pages\\page_00595.json'
2026-01-21 03:53:34,266 - ThreadPoolExecutor-0_3 - ERROR - Page 590 failed: [Errno 2] No such file or directory: 'G:\\FOTOCASA\\HOMES\\pages\\page_00590.json'
2026-01-21 03:53:34,270 - ThreadPoolExecutor-0_8 - INFO - Extracted 4 properties from page
2026-01-21 03:53:34,272 - ThreadPoolExecutor-0_8 - ERROR - Page 578 failed: [Errno 2] No such file or directory: 'G:\\FOTOCASA\\HOMES\\pages\\page_00578.json'
2026-01-21 03:53:34,272 - MainThread - ERROR - Page 590 failed: [Errno 2] No such file or directory: 'G:\\FOTOCASA\\HOMES\\pages\\page_00590.json'
2026-01-21 03:53:34,273 - MainThread - ERROR - Page 578 failed: [Errno 2] No such file or directory: 'G:\\FOTOCASA\\HOMES\\pages\\page_00578.json'
2026-01-21 03:53:34,833 - ThreadPoolExecutor-0_11 - INFO - Extracted 4 properties from page
2026-01-21 03:53:34,833 - ThreadPoolExecutor-0_11 - ERROR - Page 596 failed: [Errno 2] No such file or directory: 'G:\\FOTOCASA\\HOMES\\pages\\page_00596.json'
2026-01-21 03:53:34,834 - MainThread - ERROR - Page 596 failed: [Errno 2] No such file or directory: 'G:\\FOTOCASA\\HOMES\\pages\\page_00596.json'
2026-01-21 03:53:35,669 - ThreadPoolExecutor-0_2 - INFO - Extracted 4 properties from page
2026-01-21 03:53:35,671 - ThreadPoolExecutor-0_2 - ERROR - Page 580 failed: [Errno 2] No such file or directory: 'G:\\FOTOCASA\\HOMES\\pages\\page_00580.json'
2026-01-21 03:53:35,672 - MainThread - ERROR - Page 580 failed: [Errno 2] No such file or directory: 'G:\\FOTOCASA\\HOMES\\pages\\page_00580.json'
2026-01-21 03:53:35,789 - ThreadPoolExecutor-0_12 - INFO - Extracted 4 properties from page
2026-01-21 03:53:35,789 - ThreadPoolExecutor-0_12 - ERROR - Page 587 failed: [Errno 2] No such file or directory: 'G:\\FOTOCASA\\HOMES\\pages\\page_00587.json'
2026-01-21 03:53:35,791 - MainThread - ERROR - Page 587 failed: [Errno 2] No such file or directory: 'G:\\FOTOCASA\\HOMES\\pages\\page_00587.json'
2026-01-21 03:53:36,109 - ThreadPoolExecutor-0_9 - INFO - Extracted 4 properties from page
2026-01-21 03:53:36,110 - ThreadPoolExecutor-0_9 - ERROR - Page 585 failed: [Errno 2] No such file or directory: 'G:\\FOTOCASA\\HOMES\\pages\\page_00585.json'
2026-01-21 03:53:36,111 - MainThread - ERROR - Page 585 failed: [Errno 2] No such file or directory: 'G:\\FOTOCASA\\HOMES\\pages\\page_00585.json'
2026-01-21 03:53:37,718 - ThreadPoolExecutor-0_19 - INFO - Extracted 4 properties from page
2026-01-21 03:53:37,718 - ThreadPoolExecutor-0_19 - ERROR - Page 597 failed: [Errno 2] No such file or directory: 'G:\\FOTOCASA\\HOMES\\pages\\page_00597.json'
2026-01-21 03:53:37,720 - MainThread - ERROR - Page 597 failed: [Errno 2] No such file or directory: 'G:\\FOTOCASA\\HOMES\\pages\\page_00597.json'
2026-01-21 03:53:51,754 - ThreadPoolExecutor-0_17 - ERROR - Page 584 failed: Failed to perform, curl: (56) Recv failure: Connection was reset. See https://curl.se/libcurl/c/libcurl-errors.html first for more details.
2026-01-21 03:53:51,756 - ThreadPoolExecutor-0_10 - ERROR - Page 579 failed: Failed to perform, curl: (56) Recv failure: Connection was reset. See https://curl.se/libcurl/c/libcurl-errors.html first for more details.
2026-01-21 03:53:51,756 - ThreadPoolExecutor-0_7 - ERROR - Page 583 failed: Failed to perform, curl: (56) Recv failure: Connection was reset. See https://curl.se/libcurl/c/libcurl-errors.html first for more details.
2026-01-21 03:53:51,757 - MainThread - ERROR - Page 584 failed: Failed to perform, curl: (56) Recv failure: Connection was reset. See https://curl.se/libcurl/c/libcurl-errors.html first for more details.
2026-01-21 03:53:51,757 - MainThread - ERROR - Page 579 failed: Failed to perform, curl: (56) Recv failure: Connection was reset. See https://curl.se/libcurl/c/libcurl-errors.html first for more details.
2026-01-21 03:53:51,758 - MainThread - ERROR - Page 583 failed: Failed to perform, curl: (56) Recv failure: Connection was reset. See https://curl.se/libcurl/c/libcurl-errors.html first for more details.
2026-01-21 03:53:51,769 - ThreadPoolExecutor-0_18 - ERROR - Page 582 failed: Failed to perform, curl: (56) Recv failure: Connection was reset. See https://curl.se/libcurl/c/libcurl-errors.html first for more details.
2026-01-21 03:53:51,770 - MainThread - ERROR - Page 582 failed: Failed to perform, curl: (56) Recv failure: Connection was reset. See https://curl.se/libcurl/c/libcurl-errors.html first for more details.
2026-01-21 03:53:51,784 - ThreadPoolExecutor-0_1 - ERROR - Page 589 failed: Failed to perform, curl: (56) Recv failure: Connection was reset. See https://curl.se/libcurl/c/libcurl-errors.html first for more details.
2026-01-21 03:53:51,785 - MainThread - ERROR - Page 589 failed: Failed to perform, curl: (56) Recv failure: Connection was reset. See https://curl.se/libcurl/c/libcurl-errors.html first for more details.
2026-01-21 03:53:51,800 - ThreadPoolExecutor-0_4 - ERROR - Page 588 failed: Failed to perform, curl: (56) Recv failure: Connection was reset. See https://curl.se/libcurl/c/libcurl-errors.html first for more details.
2026-01-21 03:53:51,801 - ThreadPoolExecutor-0_0 - ERROR - Page 592 failed: Failed to perform, curl: (56) Recv failure: Connection was reset. See https://curl.se/libcurl/c/libcurl-errors.html first for more details.
2026-01-21 03:53:51,801 - ThreadPoolExecutor-0_15 - ERROR - Page 591 failed: Failed to perform, curl: (56) Recv failure: Connection was reset. See https://curl.se/libcurl/c/libcurl-errors.html first for more details.
2026-01-21 03:53:51,802 - MainThread - ERROR - Page 588 failed: Failed to perform, curl: (56) Recv failure: Connection was reset. See https://curl.se/libcurl/c/libcurl-errors.html first for more details.
2026-01-21 03:53:51,802 - MainThread - ERROR - Page 592 failed: Failed to perform, curl: (56) Recv failure: Connection was reset. See https://curl.se/libcurl/c/libcurl-errors.html first for more details.
2026-01-21 03:53:51,803 - MainThread - ERROR - Page 591 failed: Failed to perform, curl: (56) Recv failure: Connection was reset. See https://curl.se/libcurl/c/libcurl-errors.html first for more details.
2026-01-21 03:53:51,816 - ThreadPoolExecutor-0_5 - ERROR - Page 586 failed: Failed to perform, curl: (56) Recv failure: Connection was reset. See https://curl.se/libcurl/c/libcurl-errors.html first for more details.
2026-01-21 03:53:51,817 - MainThread - ERROR - Page 586 failed: Failed to perform, curl: (56) Recv failure: Connection was reset. See https://curl.se/libcurl/c/libcurl-errors.html first for more details.
2026-01-21 03:53:51,848 - ThreadPoolExecutor-0_16 - ERROR - Page 593 failed: Failed to perform, curl: (56) Recv failure: Connection was reset. See https://curl.se/libcurl/c/libcurl-errors.html first for more details.
2026-01-21 03:53:51,849 - ThreadPoolExecutor-0_14 - ERROR - Page 594 failed: Failed to perform, curl: (56) Recv failure: Connection was reset. See https://curl.se/libcurl/c/libcurl-errors.html first for more details.
2026-01-21 03:53:51,850 - MainThread - ERROR - Page 593 failed: Failed to perform, curl: (56) Recv failure: Connection was reset. See https://curl.se/libcurl/c/libcurl-errors.html first for more details.
2026-01-21 03:53:51,850 - MainThread - ERROR - Page 594 failed: Failed to perform, curl: (56) Recv failure: Connection was reset. See https://curl.se/libcurl/c/libcurl-errors.html first for more details.
2026-01-21 03:53:51,851 - MainThread - INFO - Waiting 3 seconds before next batch...
2026-01-21 03:53:54,853 - MainThread - INFO - Processing batch 25 with 20 pages
2026-01-21 03:53:54,854 - ThreadPoolExecutor-0_6 - INFO - Scraping page 599: https://www.fotocasa.es/es/comprar/viviendas/espana/todas-las-zonas/l/599
2026-01-21 03:53:54,854 - ThreadPoolExecutor-0_13 - INFO - Scraping page 598: https://www.fotocasa.es/es/comprar/viviendas/espana/todas-las-zonas/l/598
2026-01-21 03:53:54,855 - ThreadPoolExecutor-0_3 - INFO - Scraping page 600: https://www.fotocasa.es/es/comprar/viviendas/espana/todas-las-zonas/l/600
2026-01-21 03:53:54,856 - ThreadPoolExecutor-0_11 - INFO - Scraping page 602: https://www.fotocasa.es/es/comprar/viviendas/espana/todas-las-zonas/l/602
2026-01-21 03:53:54,857 - ThreadPoolExecutor-0_8 - INFO - Scraping page 601: https://www.fotocasa.es/es/comprar/viviendas/espana/todas-las-zonas/l/601
2026-01-21 03:53:54,857 - ThreadPoolExecutor-0_12 - INFO - Scraping page 604: https://www.fotocasa.es/es/comprar/viviendas/espana/todas-las-zonas/l/604
2026-01-21 03:53:54,858 - ThreadPoolExecutor-0_2 - INFO - Scraping page 603: https://www.fotocasa.es/es/comprar/viviendas/espana/todas-las-zonas/l/603
2026-01-21 03:53:54,858 - ThreadPoolExecutor-0_9 - INFO - Scraping page 605: https://www.fotocasa.es/es/comprar/viviendas/espana/todas-las-zonas/l/605
2026-01-21 03:53:54,859 - ThreadPoolExecutor-0_17 - INFO - Scraping page 607: https://www.fotocasa.es/es/comprar/viviendas/espana/todas-las-zonas/l/607
2026-01-21 03:53:54,859 - ThreadPoolExecutor-0_10 - INFO - Scraping page 608: https://www.fotocasa.es/es/comprar/viviendas/espana/todas-las-zonas/l/608
2026-01-21 03:53:54,860 - ThreadPoolExecutor-0_7 - INFO - Scraping page 609: https://www.fotocasa.es/es/comprar/viviendas/espana/todas-las-zonas/l/609
2026-01-21 03:53:54,860 - ThreadPoolExecutor-0_19 - INFO - Scraping page 606: https://www.fotocasa.es/es/comprar/viviendas/espana/todas-las-zonas/l/606
2026-01-21 03:53:54,861 - ThreadPoolExecutor-0_18 - INFO - Scraping page 610: https://www.fotocasa.es/es/comprar/viviendas/espana/todas-las-zonas/l/610
2026-01-21 03:53:54,861 - ThreadPoolExecutor-0_1 - INFO - Scraping page 611: https://www.fotocasa.es/es/comprar/viviendas/espana/todas-las-zonas/l/611
2026-01-21 03:53:54,866 - ThreadPoolExecutor-0_5 - INFO - Scraping page 615: https://www.fotocasa.es/es/comprar/viviendas/espana/todas-las-zonas/l/615
2026-01-21 03:53:54,867 - ThreadPoolExecutor-0_14 - INFO - Scraping page 617: https://www.fotocasa.es/es/comprar/viviendas/espana/todas-las-zonas/l/617
2026-01-21 03:53:54,863 - ThreadPoolExecutor-0_0 - INFO - Scraping page 613: https://www.fotocasa.es/es/comprar/viviendas/espana/todas-las-zonas/l/613
2026-01-21 03:53:54,866 - ThreadPoolExecutor-0_15 - INFO - Scraping page 614: https://www.fotocasa.es/es/comprar/viviendas/espana/todas-las-zonas/l/614
2026-01-21 03:53:54,862 - ThreadPoolExecutor-0_4 - INFO - Scraping page 612: https://www.fotocasa.es/es/comprar/viviendas/espana/todas-las-zonas/l/612
2026-01-21 03:53:54,866 - ThreadPoolExecutor-0_16 - INFO - Scraping page 616: https://www.fotocasa.es/es/comprar/viviendas/espana/todas-las-zonas/l/616
2026-01-21 03:53:56,869 - ThreadPoolExecutor-0_2 - INFO - Extracted 4 properties from page
2026-01-21 03:53:57,328 - ThreadPoolExecutor-0_2 - ERROR - Page 603 failed: [Errno 2] No such file or directory: 'G:\\FOTOCASA\\HOMES\\pages\\page_00603.json'
2026-01-21 03:53:57,709 - MainThread - ERROR - Page 603 failed: [Errno 2] No such file or directory: 'G:\\FOTOCASA\\HOMES\\pages\\page_00603.json'
2026-01-21 03:53:57,824 - ThreadPoolExecutor-0_7 - INFO - Extracted 4 properties from page
2026-01-21 03:53:57,833 - ThreadPoolExecutor-0_1 - INFO - Extracted 4 properties from page
2026-01-21 03:53:57,836 - ThreadPoolExecutor-0_18 - INFO - Extracted 4 properties from page
2026-01-21 03:53:57,839 - ThreadPoolExecutor-0_17 - INFO - Extracted 4 properties from page
2026-01-21 03:53:57,839 - ThreadPoolExecutor-0_7 - ERROR - Page 609 failed: [Errno 2] No such file or directory: 'G:\\FOTOCASA\\HOMES\\pages\\page_00609.json'
2026-01-21 03:53:57,846 - ThreadPoolExecutor-0_5 - INFO - Extracted 4 properties from page
2026-01-21 03:53:57,846 - ThreadPoolExecutor-0_6 - INFO - Extracted 4 properties from page
2026-01-21 03:53:57,847 - ThreadPoolExecutor-0_19 - INFO - Extracted 4 properties from page
2026-01-21 03:53:57,850 - ThreadPoolExecutor-0_1 - ERROR - Page 611 failed: [Errno 2] No such file or directory: 'G:\\FOTOCASA\\HOMES\\pages\\page_00611.json'
2026-01-21 03:53:57,851 - ThreadPoolExecutor-0_18 - ERROR - Page 610 failed: [Errno 2] No such file or directory: 'G:\\FOTOCASA\\HOMES\\pages\\page_00610.json'
2026-01-21 03:53:57,851 - ThreadPoolExecutor-0_4 - INFO - Extracted 4 properties from page
2026-01-21 03:53:57,851 - ThreadPoolExecutor-0_17 - ERROR - Page 607 failed: [Errno 2] No such file or directory: 'G:\\FOTOCASA\\HOMES\\pages\\page_00607.json'
2026-01-21 03:53:57,851 - ThreadPoolExecutor-0_5 - ERROR - Page 615 failed: [Errno 2] No such file or directory: 'G:\\FOTOCASA\\HOMES\\pages\\page_00615.json'
2026-01-21 03:53:57,852 - ThreadPoolExecutor-0_6 - ERROR - Page 599 failed: [Errno 2] No such file or directory: 'G:\\FOTOCASA\\HOMES\\pages\\page_00599.json'
2026-01-21 03:53:57,853 - MainThread - ERROR - Page 609 failed: [Errno 2] No such file or directory: 'G:\\FOTOCASA\\HOMES\\pages\\page_00609.json'
2026-01-21 03:53:57,853 - ThreadPoolExecutor-0_19 - ERROR - Page 606 failed: [Errno 2] No such file or directory: 'G:\\FOTOCASA\\HOMES\\pages\\page_00606.json'
2026-01-21 03:53:57,858 - ThreadPoolExecutor-0_4 - ERROR - Page 612 failed: [Errno 2] No such file or directory: 'G:\\FOTOCASA\\HOMES\\pages\\page_00612.json'
2026-01-21 03:53:57,862 - MainThread - ERROR - Page 611 failed: [Errno 2] No such file or directory: 'G:\\FOTOCASA\\HOMES\\pages\\page_00611.json'
2026-01-21 03:53:57,863 - MainThread - ERROR - Page 610 failed: [Errno 2] No such file or directory: 'G:\\FOTOCASA\\HOMES\\pages\\page_00610.json'
2026-01-21 03:53:57,867 - MainThread - ERROR - Page 607 failed: [Errno 2] No such file or directory: 'G:\\FOTOCASA\\HOMES\\pages\\page_00607.json'
2026-01-21 03:53:57,868 - MainThread - ERROR - Page 615 failed: [Errno 2] No such file or directory: 'G:\\FOTOCASA\\HOMES\\pages\\page_00615.json'
2026-01-21 03:53:57,868 - MainThread - ERROR - Page 599 failed: [Errno 2] No such file or directory: 'G:\\FOTOCASA\\HOMES\\pages\\page_00599.json'
2026-01-21 03:53:57,868 - MainThread - ERROR - Page 612 failed: [Errno 2] No such file or directory: 'G:\\FOTOCASA\\HOMES\\pages\\page_00612.json'
2026-01-21 03:53:57,868 - MainThread - ERROR - Page 606 failed: [Errno 2] No such file or directory: 'G:\\FOTOCASA\\HOMES\\pages\\page_00606.json'
2026-01-21 03:54:54,313 - MainThread - INFO - Starting scraper for 15203 pages with 20 threads
2026-01-21 03:54:54,314 - MainThread - INFO - Resuming from page 537
2026-01-21 03:54:54,328 - MainThread - INFO - Pages to scrape: 14874/15203
2026-01-21 03:54:54,333 - MainThread - INFO - Processing batch 1 with 20 pages
2026-01-21 03:54:54,350 - ThreadPoolExecutor-0_0 - INFO - Scraping page 10: https://www.fotocasa.es/es/comprar/viviendas/espana/todas-las-zonas/l/10
2026-01-21 03:54:54,396 - ThreadPoolExecutor-0_1 - INFO - Scraping page 32: https://www.fotocasa.es/es/comprar/viviendas/espana/todas-las-zonas/l/32
2026-01-21 03:54:54,428 - ThreadPoolExecutor-0_2 - INFO - Scraping page 33: https://www.fotocasa.es/es/comprar/viviendas/espana/todas-las-zonas/l/33
2026-01-21 03:54:54,450 - ThreadPoolExecutor-0_3 - INFO - Scraping page 35: https://www.fotocasa.es/es/comprar/viviendas/espana/todas-las-zonas/l/35
2026-01-21 03:54:54,480 - ThreadPoolExecutor-0_4 - INFO - Scraping page 42: https://www.fotocasa.es/es/comprar/viviendas/espana/todas-las-zonas/l/42
2026-01-21 03:54:54,500 - ThreadPoolExecutor-0_5 - INFO - Scraping page 44: https://www.fotocasa.es/es/comprar/viviendas/espana/todas-las-zonas/l/44
2026-01-21 03:54:54,531 - ThreadPoolExecutor-0_6 - INFO - Scraping page 52: https://www.fotocasa.es/es/comprar/viviendas/espana/todas-las-zonas/l/52
2026-01-21 03:54:54,564 - ThreadPoolExecutor-0_7 - INFO - Scraping page 58: https://www.fotocasa.es/es/comprar/viviendas/espana/todas-las-zonas/l/58
2026-01-21 03:54:54,589 - ThreadPoolExecutor-0_8 - INFO - Scraping page 64: https://www.fotocasa.es/es/comprar/viviendas/espana/todas-las-zonas/l/64
2026-01-21 03:54:54,621 - ThreadPoolExecutor-0_9 - INFO - Scraping page 69: https://www.fotocasa.es/es/comprar/viviendas/espana/todas-las-zonas/l/69
2026-01-21 03:54:54,629 - ThreadPoolExecutor-0_10 - INFO - Scraping page 73: https://www.fotocasa.es/es/comprar/viviendas/espana/todas-las-zonas/l/73
2026-01-21 03:54:54,634 - ThreadPoolExecutor-0_11 - INFO - Scraping page 80: https://www.fotocasa.es/es/comprar/viviendas/espana/todas-las-zonas/l/80
2026-01-21 03:54:54,660 - ThreadPoolExecutor-0_12 - INFO - Scraping page 84: https://www.fotocasa.es/es/comprar/viviendas/espana/todas-las-zonas/l/84
2026-01-21 03:54:54,680 - ThreadPoolExecutor-0_13 - INFO - Scraping page 90: https://www.fotocasa.es/es/comprar/viviendas/espana/todas-las-zonas/l/90
2026-01-21 03:54:54,697 - ThreadPoolExecutor-0_14 - INFO - Scraping page 92: https://www.fotocasa.es/es/comprar/viviendas/espana/todas-las-zonas/l/92
2026-01-21 03:54:54,725 - ThreadPoolExecutor-0_15 - INFO - Scraping page 97: https://www.fotocasa.es/es/comprar/viviendas/espana/todas-las-zonas/l/97
2026-01-21 03:54:54,762 - ThreadPoolExecutor-0_16 - INFO - Scraping page 98: https://www.fotocasa.es/es/comprar/viviendas/espana/todas-las-zonas/l/98
2026-01-21 03:54:54,812 - ThreadPoolExecutor-0_17 - INFO - Scraping page 104: https://www.fotocasa.es/es/comprar/viviendas/espana/todas-las-zonas/l/104
2026-01-21 03:54:54,868 - ThreadPoolExecutor-0_18 - INFO - Scraping page 106: https://www.fotocasa.es/es/comprar/viviendas/espana/todas-las-zonas/l/106
2026-01-21 03:54:54,938 - ThreadPoolExecutor-0_19 - INFO - Scraping page 109: https://www.fotocasa.es/es/comprar/viviendas/espana/todas-las-zonas/l/109
2026-01-21 03:54:56,121 - ThreadPoolExecutor-0_1 - INFO - Extracted 4 properties from page
2026-01-21 03:54:56,557 - ThreadPoolExecutor-0_4 - INFO - Extracted 4 properties from page
2026-01-21 03:54:56,615 - ThreadPoolExecutor-0_1 - INFO - Page 32 saved with 4 properties
2026-01-21 03:54:56,723 - ThreadPoolExecutor-0_6 - INFO - Extracted 4 properties from page
2026-01-21 03:54:56,726 - ThreadPoolExecutor-0_5 - INFO - Extracted 4 properties from page
2026-01-21 03:54:56,728 - MainThread - INFO - Page 32 completed (1 successful, 0 failed)
2026-01-21 03:54:56,729 - ThreadPoolExecutor-0_4 - INFO - Page 42 saved with 4 properties
2026-01-21 03:54:56,732 - ThreadPoolExecutor-0_10 - INFO - Extracted 4 properties from page
2026-01-21 03:54:56,747 - ThreadPoolExecutor-0_12 - INFO - Extracted 4 properties from page
2026-01-21 03:54:56,749 - MainThread - INFO - Page 42 completed (2 successful, 0 failed)
2026-01-21 03:54:56,750 - ThreadPoolExecutor-0_5 - INFO - Page 44 saved with 4 properties
2026-01-21 03:54:56,750 - ThreadPoolExecutor-0_6 - INFO - Page 52 saved with 4 properties
2026-01-21 03:54:56,751 - ThreadPoolExecutor-0_10 - INFO - Page 73 saved with 4 properties
2026-01-21 03:54:56,772 - MainThread - INFO - Page 44 completed (3 successful, 0 failed)
2026-01-21 03:54:56,774 - MainThread - INFO - Page 52 completed (4 successful, 0 failed)
2026-01-21 03:54:56,774 - MainThread - INFO - Page 73 completed (5 successful, 0 failed)
2026-01-21 03:54:56,774 - ThreadPoolExecutor-0_12 - INFO - Page 84 saved with 4 properties
2026-01-21 03:54:56,775 - MainThread - INFO - Page 84 completed (6 successful, 0 failed)
2026-01-21 03:54:57,762 - ThreadPoolExecutor-0_15 - INFO - Extracted 4 properties from page
2026-01-21 03:54:57,763 - ThreadPoolExecutor-0_15 - INFO - Page 97 saved with 4 properties
2026-01-21 03:54:57,764 - MainThread - INFO - Page 97 completed (7 successful, 0 failed)
2026-01-21 03:54:58,117 - ThreadPoolExecutor-0_0 - INFO - Extracted 4 properties from page
2026-01-21 03:54:58,119 - ThreadPoolExecutor-0_0 - INFO - Page 10 saved with 4 properties
2026-01-21 03:54:58,121 - MainThread - INFO - Page 10 completed (8 successful, 0 failed)
2026-01-21 03:54:58,319 - ThreadPoolExecutor-0_19 - INFO - Extracted 4 properties from page
2026-01-21 03:54:58,320 - ThreadPoolExecutor-0_19 - INFO - Page 109 saved with 4 properties
2026-01-21 03:54:58,321 - MainThread - INFO - Page 109 completed (9 successful, 0 failed)
2026-01-21 03:55:13,972 - ThreadPoolExecutor-0_3 - ERROR - Page 35 failed: Failed to perform, curl: (56) Recv failure: Connection was reset. See https://curl.se/libcurl/c/libcurl-errors.html first for more details.
2026-01-21 03:55:13,972 - ThreadPoolExecutor-0_2 - ERROR - Page 33 failed: Failed to perform, curl: (56) Recv failure: Connection was reset. See https://curl.se/libcurl/c/libcurl-errors.html first for more details.
2026-01-21 03:55:13,973 - MainThread - ERROR - Page 35 failed: Failed to perform, curl: (56) Recv failure: Connection was reset. See https://curl.se/libcurl/c/libcurl-errors.html first for more details.
2026-01-21 03:55:13,973 - MainThread - ERROR - Page 33 failed: Failed to perform, curl: (56) Recv failure: Connection was reset. See https://curl.se/libcurl/c/libcurl-errors.html first for more details.
2026-01-21 03:55:14,236 - ThreadPoolExecutor-0_14 - ERROR - Page 92 failed: Failed to perform, curl: (56) Recv failure: Connection was reset. See https://curl.se/libcurl/c/libcurl-errors.html first for more details.
2026-01-21 03:55:14,236 - ThreadPoolExecutor-0_11 - ERROR - Page 80 failed: Failed to perform, curl: (56) Recv failure: Connection was reset. See https://curl.se/libcurl/c/libcurl-errors.html first for more details.
2026-01-21 03:55:14,237 - ThreadPoolExecutor-0_8 - ERROR - Page 64 failed: Failed to perform, curl: (56) Recv failure: Connection was reset. See https://curl.se/libcurl/c/libcurl-errors.html first for more details.
2026-01-21 03:55:14,237 - ThreadPoolExecutor-0_9 - ERROR - Page 69 failed: Failed to perform, curl: (56) Recv failure: Connection was reset. See https://curl.se/libcurl/c/libcurl-errors.html first for more details.
2026-01-21 03:55:14,239 - MainThread - ERROR - Page 92 failed: Failed to perform, curl: (56) Recv failure: Connection was reset. See https://curl.se/libcurl/c/libcurl-errors.html first for more details.
2026-01-21 03:55:14,239 - MainThread - ERROR - Page 80 failed: Failed to perform, curl: (56) Recv failure: Connection was reset. See https://curl.se/libcurl/c/libcurl-errors.html first for more details.
2026-01-21 03:55:14,240 - MainThread - ERROR - Page 69 failed: Failed to perform, curl: (56) Recv failure: Connection was reset. See https://curl.se/libcurl/c/libcurl-errors.html first for more details.
2026-01-21 03:55:14,240 - MainThread - ERROR - Page 64 failed: Failed to perform, curl: (56) Recv failure: Connection was reset. See https://curl.se/libcurl/c/libcurl-errors.html first for more details.
2026-01-21 03:55:14,266 - ThreadPoolExecutor-0_7 - ERROR - Page 58 failed: Failed to perform, curl: (56) Recv failure: Connection was reset. See https://curl.se/libcurl/c/libcurl-errors.html first for more details.
2026-01-21 03:55:14,267 - ThreadPoolExecutor-0_13 - ERROR - Page 90 failed: Failed to perform, curl: (56) Recv failure: Connection was reset. See https://curl.se/libcurl/c/libcurl-errors.html first for more details.
2026-01-21 03:55:14,267 - ThreadPoolExecutor-0_16 - ERROR - Page 98 failed: Failed to perform, curl: (56) Recv failure: Connection was reset. See https://curl.se/libcurl/c/libcurl-errors.html first for more details.
2026-01-21 03:55:14,267 - MainThread - ERROR - Page 58 failed: Failed to perform, curl: (56) Recv failure: Connection was reset. See https://curl.se/libcurl/c/libcurl-errors.html first for more details.
2026-01-21 03:55:14,268 - MainThread - ERROR - Page 90 failed: Failed to perform, curl: (56) Recv failure: Connection was reset. See https://curl.se/libcurl/c/libcurl-errors.html first for more details.
2026-01-21 03:55:14,268 - MainThread - ERROR - Page 98 failed: Failed to perform, curl: (56) Recv failure: Connection was reset. See https://curl.se/libcurl/c/libcurl-errors.html first for more details.
2026-01-21 03:55:14,466 - ThreadPoolExecutor-0_17 - ERROR - Page 104 failed: Failed to perform, curl: (56) Recv failure: Connection was reset. See https://curl.se/libcurl/c/libcurl-errors.html first for more details.
2026-01-21 03:55:14,467 - MainThread - ERROR - Page 104 failed: Failed to perform, curl: (56) Recv failure: Connection was reset. See https://curl.se/libcurl/c/libcurl-errors.html first for more details.
2026-01-21 03:55:14,715 - ThreadPoolExecutor-0_18 - ERROR - Page 106 failed: Failed to perform, curl: (56) Recv failure: Connection was reset. See https://curl.se/libcurl/c/libcurl-errors.html first for more details.
2026-01-21 03:55:14,715 - MainThread - ERROR - Page 106 failed: Failed to perform, curl: (56) Recv failure: Connection was reset. See https://curl.se/libcurl/c/libcurl-errors.html first for more details.
2026-01-21 03:55:14,716 - MainThread - INFO - Waiting 3 seconds before next batch...
2026-01-21 03:55:17,718 - MainThread - INFO - Processing batch 2 with 20 pages
2026-01-21 03:55:17,719 - ThreadPoolExecutor-0_4 - INFO - Scraping page 116: https://www.fotocasa.es/es/comprar/viviendas/espana/todas-las-zonas/l/116
2026-01-21 03:55:17,719 - ThreadPoolExecutor-0_1 - INFO - Scraping page 113: https://www.fotocasa.es/es/comprar/viviendas/espana/todas-las-zonas/l/113
2026-01-21 03:55:17,719 - ThreadPoolExecutor-0_5 - INFO - Scraping page 120: https://www.fotocasa.es/es/comprar/viviendas/espana/todas-las-zonas/l/120
2026-01-21 03:55:17,720 - ThreadPoolExecutor-0_6 - INFO - Scraping page 122: https://www.fotocasa.es/es/comprar/viviendas/espana/todas-las-zonas/l/122
2026-01-21 03:55:17,721 - ThreadPoolExecutor-0_12 - INFO - Scraping page 125: https://www.fotocasa.es/es/comprar/viviendas/espana/todas-las-zonas/l/125
2026-01-21 03:55:17,721 - ThreadPoolExecutor-0_15 - INFO - Scraping page 131: https://www.fotocasa.es/es/comprar/viviendas/espana/todas-las-zonas/l/131
2026-01-21 03:55:17,722 - ThreadPoolExecutor-0_10 - INFO - Scraping page 124: https://www.fotocasa.es/es/comprar/viviendas/espana/todas-las-zonas/l/124
2026-01-21 03:55:17,723 - ThreadPoolExecutor-0_0 - INFO - Scraping page 132: https://www.fotocasa.es/es/comprar/viviendas/espana/todas-las-zonas/l/132
2026-01-21 03:55:17,723 - ThreadPoolExecutor-0_19 - INFO - Scraping page 134: https://www.fotocasa.es/es/comprar/viviendas/espana/todas-las-zonas/l/134
2026-01-21 03:55:17,723 - ThreadPoolExecutor-0_3 - INFO - Scraping page 141: https://www.fotocasa.es/es/comprar/viviendas/espana/todas-las-zonas/l/141
2026-01-21 03:55:17,724 - ThreadPoolExecutor-0_14 - INFO - Scraping page 144: https://www.fotocasa.es/es/comprar/viviendas/espana/todas-las-zonas/l/144
2026-01-21 03:55:17,724 - ThreadPoolExecutor-0_11 - INFO - Scraping page 154: https://www.fotocasa.es/es/comprar/viviendas/espana/todas-las-zonas/l/154
2026-01-21 03:55:17,724 - ThreadPoolExecutor-0_2 - INFO - Scraping page 143: https://www.fotocasa.es/es/comprar/viviendas/espana/todas-las-zonas/l/143
2026-01-21 03:55:17,726 - ThreadPoolExecutor-0_9 - INFO - Scraping page 155: https://www.fotocasa.es/es/comprar/viviendas/espana/todas-las-zonas/l/155
2026-01-21 03:55:17,726 - ThreadPoolExecutor-0_7 - INFO - Scraping page 159: https://www.fotocasa.es/es/comprar/viviendas/espana/todas-las-zonas/l/159
2026-01-21 03:55:17,727 - ThreadPoolExecutor-0_13 - INFO - Scraping page 161: https://www.fotocasa.es/es/comprar/viviendas/espana/todas-las-zonas/l/161
2026-01-21 03:55:17,728 - ThreadPoolExecutor-0_8 - INFO - Scraping page 156: https://www.fotocasa.es/es/comprar/viviendas/espana/todas-las-zonas/l/156
2026-01-21 03:55:17,728 - ThreadPoolExecutor-0_16 - INFO - Scraping page 166: https://www.fotocasa.es/es/comprar/viviendas/espana/todas-las-zonas/l/166
2026-01-21 03:55:17,730 - ThreadPoolExecutor-0_17 - INFO - Scraping page 174: https://www.fotocasa.es/es/comprar/viviendas/espana/todas-las-zonas/l/174
2026-01-21 03:55:17,731 - ThreadPoolExecutor-0_18 - INFO - Scraping page 177: https://www.fotocasa.es/es/comprar/viviendas/espana/todas-las-zonas/l/177
2026-01-21 03:55:19,825 - ThreadPoolExecutor-0_8 - INFO - Extracted 4 properties from page
2026-01-21 03:55:19,832 - ThreadPoolExecutor-0_8 - INFO - Page 156 saved with 4 properties
2026-01-21 03:55:19,841 - ThreadPoolExecutor-0_4 - INFO - Extracted 4 properties from page
2026-01-21 03:55:19,948 - ThreadPoolExecutor-0_11 - INFO - Extracted 4 properties from page
2026-01-21 03:55:19,960 - ThreadPoolExecutor-0_9 - INFO - Extracted 4 properties from page
2026-01-21 03:55:19,963 - MainThread - INFO - Page 156 completed (10 successful, 11 failed)
2026-01-21 03:55:19,972 - ThreadPoolExecutor-0_1 - INFO - Extracted 4 properties from page
2026-01-21 03:55:20,072 - ThreadPoolExecutor-0_4 - INFO - Page 116 saved with 4 properties
2026-01-21 03:55:20,075 - ThreadPoolExecutor-0_15 - INFO - Extracted 4 properties from page
2026-01-21 03:55:20,127 - ThreadPoolExecutor-0_12 - INFO - Extracted 4 properties from page
2026-01-21 03:55:20,129 - ThreadPoolExecutor-0_11 - INFO - Page 154 saved with 4 properties
2026-01-21 03:55:20,131 - ThreadPoolExecutor-0_9 - INFO - Page 155 saved with 4 properties
2026-01-21 03:55:20,136 - ThreadPoolExecutor-0_3 - INFO - Extracted 4 properties from page
2026-01-21 03:55:20,136 - ThreadPoolExecutor-0_1 - INFO - Page 113 saved with 4 properties
2026-01-21 03:55:20,139 - MainThread - INFO - Page 116 completed (11 successful, 11 failed)
2026-01-21 03:55:20,142 - ThreadPoolExecutor-0_12 - INFO - Page 125 saved with 4 properties
2026-01-21 03:55:20,142 - ThreadPoolExecutor-0_15 - INFO - Page 131 saved with 4 properties
2026-01-21 03:55:20,145 - ThreadPoolExecutor-0_3 - INFO - Page 141 saved with 4 properties
2026-01-21 03:55:20,145 - MainThread - INFO - Page 154 completed (12 successful, 11 failed)
2026-01-21 03:55:20,149 - MainThread - INFO - Page 155 completed (13 successful, 11 failed)
2026-01-21 03:55:20,149 - MainThread - INFO - Page 113 completed (14 successful, 11 failed)
2026-01-21 03:55:20,149 - MainThread - INFO - Page 125 completed (15 successful, 11 failed)
2026-01-21 03:55:20,149 - MainThread - INFO - Page 131 completed (16 successful, 11 failed)
2026-01-21 03:55:20,150 - MainThread - INFO - Page 141 completed (17 successful, 11 failed)
2026-01-21 03:55:37,213 - ThreadPoolExecutor-0_18 - ERROR - Page 177 failed: Failed to perform, curl: (56) Recv failure: Connection was reset. See https://curl.se/libcurl/c/libcurl-errors.html first for more details.
2026-01-21 03:55:37,230 - ThreadPoolExecutor-0_16 - ERROR - Page 166 failed: Failed to perform, curl: (56) Recv failure: Connection was reset. See https://curl.se/libcurl/c/libcurl-errors.html first for more details.
2026-01-21 03:55:37,231 - ThreadPoolExecutor-0_10 - ERROR - Page 124 failed: Failed to perform, curl: (56) Recv failure: Connection was reset. See https://curl.se/libcurl/c/libcurl-errors.html first for more details.
2026-01-21 03:55:37,232 - ThreadPoolExecutor-0_6 - ERROR - Page 122 failed: Failed to perform, curl: (56) Recv failure: Connection was reset. See https://curl.se/libcurl/c/libcurl-errors.html first for more details.
2026-01-21 03:55:37,233 - ThreadPoolExecutor-0_0 - ERROR - Page 132 failed: Failed to perform, curl: (56) Recv failure: Connection was reset. See https://curl.se/libcurl/c/libcurl-errors.html first for more details.
2026-01-21 03:55:37,234 - ThreadPoolExecutor-0_19 - ERROR - Page 134 failed: Failed to perform, curl: (56) Recv failure: Connection was reset. See https://curl.se/libcurl/c/libcurl-errors.html first for more details.
2026-01-21 03:55:37,234 - ThreadPoolExecutor-0_5 - ERROR - Page 120 failed: Failed to perform, curl: (56) Recv failure: Connection was reset. See https://curl.se/libcurl/c/libcurl-errors.html first for more details.
2026-01-21 03:55:37,235 - ThreadPoolExecutor-0_7 - ERROR - Page 159 failed: Failed to perform, curl: (56) Recv failure: Connection was reset. See https://curl.se/libcurl/c/libcurl-errors.html first for more details.
2026-01-21 03:55:37,236 - ThreadPoolExecutor-0_14 - ERROR - Page 144 failed: Failed to perform, curl: (56) Recv failure: Connection was reset. See https://curl.se/libcurl/c/libcurl-errors.html first for more details.
2026-01-21 03:55:37,239 - ThreadPoolExecutor-0_2 - ERROR - Page 143 failed: Failed to perform, curl: (56) Recv failure: Connection was reset. See https://curl.se/libcurl/c/libcurl-errors.html first for more details.
2026-01-21 03:55:37,240 - ThreadPoolExecutor-0_13 - ERROR - Page 161 failed: Failed to perform, curl: (56) Recv failure: Connection was reset. See https://curl.se/libcurl/c/libcurl-errors.html first for more details.
2026-01-21 03:55:37,353 - ThreadPoolExecutor-0_17 - ERROR - Page 174 failed: Failed to perform, curl: (56) Recv failure: Connection was reset. See https://curl.se/libcurl/c/libcurl-errors.html first for more details.
2026-01-21 03:55:38,926 - MainThread - INFO - Scraping interrupted by user
2026-01-21 04:15:24,080 - MainThread - INFO - Starting scraper for 15203 pages with 20 threads
2026-01-21 04:15:24,083 - MainThread - INFO - Pages to scrape: 15203/15203
2026-01-21 04:15:24,083 - MainThread - INFO - Processing batch 1 with 20 pages
2026-01-21 04:15:24,087 - ThreadPoolExecutor-0_0 - INFO - Scraping page 1: https://www.fotocasa.es/es/comprar/viviendas/espana/todas-las-zonas/l
2026-01-21 04:15:24,088 - ThreadPoolExecutor-0_1 - INFO - Scraping page 2: https://www.fotocasa.es/es/comprar/viviendas/espana/todas-las-zonas/l/2
2026-01-21 04:15:24,095 - ThreadPoolExecutor-0_2 - INFO - Scraping page 3: https://www.fotocasa.es/es/comprar/viviendas/espana/todas-las-zonas/l/3
2026-01-21 04:15:24,110 - ThreadPoolExecutor-0_3 - INFO - Scraping page 4: https://www.fotocasa.es/es/comprar/viviendas/espana/todas-las-zonas/l/4
2026-01-21 04:15:24,129 - ThreadPoolExecutor-0_4 - INFO - Scraping page 5: https://www.fotocasa.es/es/comprar/viviendas/espana/todas-las-zonas/l/5
2026-01-21 04:15:24,144 - ThreadPoolExecutor-0_5 - INFO - Scraping page 6: https://www.fotocasa.es/es/comprar/viviendas/espana/todas-las-zonas/l/6
2026-01-21 04:15:24,164 - ThreadPoolExecutor-0_6 - INFO - Scraping page 7: https://www.fotocasa.es/es/comprar/viviendas/espana/todas-las-zonas/l/7
2026-01-21 04:15:24,166 - ThreadPoolExecutor-0_7 - INFO - Scraping page 8: https://www.fotocasa.es/es/comprar/viviendas/espana/todas-las-zonas/l/8
2026-01-21 04:15:24,173 - ThreadPoolExecutor-0_8 - INFO - Scraping page 9: https://www.fotocasa.es/es/comprar/viviendas/espana/todas-las-zonas/l/9
2026-01-21 04:15:24,192 - ThreadPoolExecutor-0_9 - INFO - Scraping page 10: https://www.fotocasa.es/es/comprar/viviendas/espana/todas-las-zonas/l/10
2026-01-21 04:15:24,208 - ThreadPoolExecutor-0_10 - INFO - Scraping page 11: https://www.fotocasa.es/es/comprar/viviendas/espana/todas-las-zonas/l/11
2026-01-21 04:15:24,209 - ThreadPoolExecutor-0_11 - INFO - Scraping page 12: https://www.fotocasa.es/es/comprar/viviendas/espana/todas-las-zonas/l/12
2026-01-21 04:15:24,210 - ThreadPoolExecutor-0_12 - INFO - Scraping page 13: https://www.fotocasa.es/es/comprar/viviendas/espana/todas-las-zonas/l/13
2026-01-21 04:15:24,249 - ThreadPoolExecutor-0_13 - INFO - Scraping page 14: https://www.fotocasa.es/es/comprar/viviendas/espana/todas-las-zonas/l/14
2026-01-21 04:15:24,258 - ThreadPoolExecutor-0_14 - INFO - Scraping page 15: https://www.fotocasa.es/es/comprar/viviendas/espana/todas-las-zonas/l/15
2026-01-21 04:15:24,269 - ThreadPoolExecutor-0_15 - INFO - Scraping page 16: https://www.fotocasa.es/es/comprar/viviendas/espana/todas-las-zonas/l/16
2026-01-21 04:15:24,273 - ThreadPoolExecutor-0_16 - INFO - Scraping page 17: https://www.fotocasa.es/es/comprar/viviendas/espana/todas-las-zonas/l/17
2026-01-21 04:15:24,288 - ThreadPoolExecutor-0_17 - INFO - Scraping page 18: https://www.fotocasa.es/es/comprar/viviendas/espana/todas-las-zonas/l/18
2026-01-21 04:15:24,316 - ThreadPoolExecutor-0_18 - INFO - Scraping page 19: https://www.fotocasa.es/es/comprar/viviendas/espana/todas-las-zonas/l/19
2026-01-21 04:15:24,317 - ThreadPoolExecutor-0_19 - INFO - Scraping page 20: https://www.fotocasa.es/es/comprar/viviendas/espana/todas-las-zonas/l/20
2026-01-21 04:15:25,519 - ThreadPoolExecutor-0_3 - INFO - Extracted 0 properties from page
2026-01-21 04:15:25,522 - ThreadPoolExecutor-0_3 - WARNING - Page 4 has 0 properties
2026-01-21 04:15:25,527 - ThreadPoolExecutor-0_3 - INFO - Page 4 saved with 0 properties
2026-01-21 04:15:25,528 - MainThread - INFO - Page 4 completed (1 successful, 0 failed)
2026-01-21 04:15:25,570 - ThreadPoolExecutor-0_6 - INFO - Extracted 0 properties from page
2026-01-21 04:15:25,571 - ThreadPoolExecutor-0_6 - WARNING - Page 7 has 0 properties
2026-01-21 04:15:25,572 - ThreadPoolExecutor-0_6 - INFO - Page 7 saved with 0 properties
2026-01-21 04:15:25,573 - MainThread - INFO - Page 7 completed (2 successful, 0 failed)
2026-01-21 04:15:25,674 - ThreadPoolExecutor-0_15 - INFO - Extracted 0 properties from page
2026-01-21 04:15:25,676 - ThreadPoolExecutor-0_15 - WARNING - Page 16 has 0 properties
2026-01-21 04:15:25,677 - ThreadPoolExecutor-0_15 - INFO - Page 16 saved with 0 properties
2026-01-21 04:15:25,678 - MainThread - INFO - Page 16 completed (3 successful, 0 failed)
2026-01-21 04:15:26,176 - ThreadPoolExecutor-0_13 - INFO - Extracted 0 properties from page
2026-01-21 04:15:26,177 - ThreadPoolExecutor-0_13 - WARNING - Page 14 has 0 properties
2026-01-21 04:15:26,179 - ThreadPoolExecutor-0_13 - INFO - Page 14 saved with 0 properties
2026-01-21 04:15:26,180 - MainThread - INFO - Page 14 completed (4 successful, 0 failed)
2026-01-21 04:15:26,220 - ThreadPoolExecutor-0_12 - INFO - Extracted 0 properties from page
2026-01-21 04:15:26,221 - ThreadPoolExecutor-0_12 - WARNING - Page 13 has 0 properties
2026-01-21 04:15:26,222 - ThreadPoolExecutor-0_12 - INFO - Page 13 saved with 0 properties
2026-01-21 04:15:26,223 - MainThread - INFO - Page 13 completed (5 successful, 0 failed)
2026-01-21 04:15:26,545 - ThreadPoolExecutor-0_2 - INFO - Extracted 0 properties from page
2026-01-21 04:15:26,546 - ThreadPoolExecutor-0_2 - WARNING - Page 3 has 0 properties
2026-01-21 04:15:26,547 - ThreadPoolExecutor-0_2 - INFO - Page 3 saved with 0 properties
2026-01-21 04:15:26,548 - MainThread - INFO - Page 3 completed (6 successful, 0 failed)
2026-01-21 04:15:27,061 - ThreadPoolExecutor-0_11 - INFO - Extracted 0 properties from page
2026-01-21 04:15:27,062 - ThreadPoolExecutor-0_11 - WARNING - Page 12 has 0 properties
2026-01-21 04:15:27,063 - ThreadPoolExecutor-0_11 - INFO - Page 12 saved with 0 properties
2026-01-21 04:15:27,064 - MainThread - INFO - Page 12 completed (7 successful, 0 failed)
2026-01-21 04:15:27,210 - ThreadPoolExecutor-0_19 - INFO - Extracted 0 properties from page
2026-01-21 04:15:27,211 - ThreadPoolExecutor-0_19 - WARNING - Page 20 has 0 properties
2026-01-21 04:15:27,212 - ThreadPoolExecutor-0_19 - INFO - Page 20 saved with 0 properties
2026-01-21 04:15:27,213 - MainThread - INFO - Page 20 completed (8 successful, 0 failed)
2026-01-21 04:15:27,589 - ThreadPoolExecutor-0_10 - INFO - Extracted 0 properties from page
2026-01-21 04:15:27,591 - ThreadPoolExecutor-0_10 - WARNING - Page 11 has 0 properties
2026-01-21 04:15:27,592 - ThreadPoolExecutor-0_10 - INFO - Page 11 saved with 0 properties
2026-01-21 04:15:27,593 - MainThread - INFO - Page 11 completed (9 successful, 0 failed)
2026-01-21 04:15:43,549 - ThreadPoolExecutor-0_1 - ERROR - Page 2 failed: Failed to perform, curl: (56) Recv failure: Connection was reset. See https://curl.se/libcurl/c/libcurl-errors.html first for more details.
2026-01-21 04:15:43,563 - ThreadPoolExecutor-0_4 - ERROR - Page 5 failed: Failed to perform, curl: (56) Recv failure: Connection was reset. See https://curl.se/libcurl/c/libcurl-errors.html first for more details.
2026-01-21 04:15:43,565 - ThreadPoolExecutor-0_8 - ERROR - Page 9 failed: Failed to perform, curl: (56) Recv failure: Connection was reset. See https://curl.se/libcurl/c/libcurl-errors.html first for more details.
2026-01-21 04:15:43,566 - ThreadPoolExecutor-0_0 - ERROR - Page 1 failed: Failed to perform, curl: (56) Recv failure: Connection was reset. See https://curl.se/libcurl/c/libcurl-errors.html first for more details.
2026-01-21 04:15:43,566 - ThreadPoolExecutor-0_5 - ERROR - Page 6 failed: Failed to perform, curl: (56) Recv failure: Connection was reset. See https://curl.se/libcurl/c/libcurl-errors.html first for more details.
2026-01-21 04:15:43,579 - ThreadPoolExecutor-0_7 - ERROR - Page 8 failed: Failed to perform, curl: (56) Recv failure: Connection was reset. See https://curl.se/libcurl/c/libcurl-errors.html first for more details.
2026-01-21 04:15:43,610 - ThreadPoolExecutor-0_9 - ERROR - Page 10 failed: Failed to perform, curl: (56) Recv failure: Connection was reset. See https://curl.se/libcurl/c/libcurl-errors.html first for more details.
2026-01-21 04:15:43,657 - ThreadPoolExecutor-0_14 - ERROR - Page 15 failed: Failed to perform, curl: (56) Recv failure: Connection was reset. See https://curl.se/libcurl/c/libcurl-errors.html first for more details.
2026-01-21 04:15:43,671 - ThreadPoolExecutor-0_16 - ERROR - Page 17 failed: Failed to perform, curl: (56) Recv failure: Connection was reset. See https://curl.se/libcurl/c/libcurl-errors.html first for more details.
2026-01-21 04:15:43,701 - ThreadPoolExecutor-0_17 - ERROR - Page 18 failed: Failed to perform, curl: (56) Recv failure: Connection was reset. See https://curl.se/libcurl/c/libcurl-errors.html first for more details.
2026-01-21 04:15:45,700 - ThreadPoolExecutor-0_18 - ERROR - Page 19 failed: Failed to perform, curl: (56) Recv failure: Connection was reset. See https://curl.se/libcurl/c/libcurl-errors.html first for more details.
2026-01-21 04:15:45,701 - MainThread - INFO - Scraping interrupted by user
