2026-01-21 01:29:43,554 - INFO - Starting SAFE scraping for 1020 properties
2026-01-21 01:29:43,556 - INFO - Delay: 10-15 seconds between requests
2026-01-21 01:29:43,556 - INFO - NO PROXY - Using direct connection
2026-01-21 01:29:43,557 - INFO - Single-threaded (one at a time)
2026-01-21 01:29:43,558 - INFO - Estimated time: 212.5 minutes

2026-01-21 01:29:43,559 - INFO - 
[1/1020] Processing property 20528373...
2026-01-21 01:29:43,559 - INFO - Waiting 12.8 seconds before requesting property 20528373...
2026-01-21 01:29:56,444 - INFO - Requesting property 20528373: https://www.fotocasa.es/es/comprar/obra-nueva/begues/20528373
2026-01-21 01:29:59,894 - INFO - ✓ SUCCESS: Property 20528373 - Phone: +34933634028
2026-01-21 01:29:59,898 - INFO - 
[2/1020] Processing property 20563916...
2026-01-21 01:29:59,899 - INFO - Waiting 12.5 seconds before requesting property 20563916...
2026-01-21 01:30:12,404 - INFO - Requesting property 20563916: https://www.fotocasa.es/es/comprar/obra-nueva/calonge-i-sant-antoni/20563916
2026-01-21 01:30:12,868 - INFO - ✓ SUCCESS: Property 20563916 - Phone: 972085721
2026-01-21 01:30:12,871 - INFO - 
[3/1020] Processing property 20564652...
2026-01-21 01:30:12,871 - INFO - Waiting 12.8 seconds before requesting property 20564652...
2026-01-21 01:30:25,712 - INFO - Requesting property 20564652: https://www.fotocasa.es/es/comprar/obra-nueva/rubi/20564652
2026-01-21 01:30:26,112 - INFO - ✓ SUCCESS: Property 20564652 - Phone: 930443725
2026-01-21 01:30:26,115 - INFO - 
[4/1020] Processing property 20562086...
2026-01-21 01:30:26,116 - INFO - Waiting 12.6 seconds before requesting property 20562086...
2026-01-21 01:30:38,763 - INFO - Requesting property 20562086: https://www.fotocasa.es/es/comprar/obra-nueva/fuenlabrada/20562086
2026-01-21 01:30:39,211 - INFO - ✓ SUCCESS: Property 20562086 - Phone: 910752658
2026-01-21 01:30:39,214 - INFO - 
[5/1020] Processing property 20541166...
2026-01-21 01:30:39,215 - INFO - Waiting 11.7 seconds before requesting property 20541166...
2026-01-21 01:30:50,891 - INFO - Requesting property 20541166: https://www.fotocasa.es/es/comprar/obra-nueva/sitges/20541166
2026-01-21 01:30:51,331 - INFO - ✓ SUCCESS: Property 20541166 - Phone: 930442918
2026-01-21 01:30:51,334 - INFO - 
[6/1020] Processing property 20529247...
2026-01-21 01:30:51,335 - INFO - Waiting 14.9 seconds before requesting property 20529247...
2026-01-21 01:31:06,219 - INFO - Requesting property 20529247: https://www.fotocasa.es/es/comprar/obra-nueva/eivissa/20529247
2026-01-21 01:31:06,682 - INFO - ✓ SUCCESS: Property 20529247 - Phone: 910751209
2026-01-21 01:31:06,686 - INFO - 
[7/1020] Processing property 20525105...
2026-01-21 01:31:06,686 - INFO - Waiting 10.6 seconds before requesting property 20525105...
2026-01-21 01:31:17,310 - INFO - Requesting property 20525105: https://www.fotocasa.es/es/comprar/obra-nueva/granada-capital/20525105
2026-01-21 01:31:17,803 - INFO - ✓ SUCCESS: Property 20525105 - Phone: 954201732
2026-01-21 01:31:17,807 - INFO - 
[8/1020] Processing property 20525140...
2026-01-21 01:31:17,807 - INFO - Waiting 14.4 seconds before requesting property 20525140...
2026-01-21 01:31:32,177 - INFO - Requesting property 20525140: https://www.fotocasa.es/es/comprar/obra-nueva/sagunto-sagunt/20525140
2026-01-21 01:31:32,621 - INFO - ✓ SUCCESS: Property 20525140 - Phone: 954201732
2026-01-21 01:31:32,624 - INFO - 
[9/1020] Processing property 20525087...
2026-01-21 01:31:32,625 - INFO - Waiting 11.4 seconds before requesting property 20525087...
2026-01-21 01:31:44,057 - INFO - Requesting property 20525087: https://www.fotocasa.es/es/comprar/obra-nueva/arico/20525087
2026-01-21 01:31:44,623 - INFO - ✓ SUCCESS: Property 20525087 - Phone: 954201732
2026-01-21 01:31:44,625 - INFO - 
[10/1020] Processing property 20567479...
2026-01-21 01:31:44,626 - INFO - Waiting 14.9 seconds before requesting property 20567479...
2026-01-21 01:31:59,491 - INFO - Requesting property 20567479: https://www.fotocasa.es/es/comprar/obra-nueva/azuqueca-de-henares/20567479
2026-01-21 01:31:59,998 - INFO - ✓ SUCCESS: Property 20567479 - Phone: +34902110022
2026-01-21 01:32:00,001 - INFO - 
Progress: 10/1020 (1.0%)
2026-01-21 01:32:00,001 - INFO - Success: 10, Failed: 0
2026-01-21 01:32:00,001 - INFO - Estimated time remaining: 229.7 minutes

2026-01-21 01:32:00,001 - INFO - 
[11/1020] Processing property 20567478...
2026-01-21 01:32:00,002 - INFO - Waiting 10.5 seconds before requesting property 20567478...
2026-01-21 01:32:10,463 - INFO - Requesting property 20567478: https://www.fotocasa.es/es/comprar/obra-nueva/alovera/20567478
2026-01-21 01:32:10,966 - INFO - ✓ SUCCESS: Property 20567478 - Phone: +34902110022
2026-01-21 01:32:10,969 - INFO - 
[12/1020] Processing property 20516328...
2026-01-21 01:32:10,969 - INFO - Waiting 10.1 seconds before requesting property 20516328...
2026-01-21 01:32:21,117 - INFO - Requesting property 20516328: https://www.fotocasa.es/es/comprar/obra-nueva/alovera/20516328
2026-01-21 01:32:21,629 - INFO - ✓ SUCCESS: Property 20516328 - Phone: +34902110022
2026-01-21 01:32:21,633 - INFO - 
[13/1020] Processing property 20516327...
2026-01-21 01:32:21,634 - INFO - Waiting 10.1 seconds before requesting property 20516327...
2026-01-21 01:32:31,697 - INFO - Requesting property 20516327: https://www.fotocasa.es/es/comprar/obra-nueva/alovera/20516327
2026-01-21 01:32:32,326 - INFO - ✓ SUCCESS: Property 20516327 - Phone: +34902110022
2026-01-21 01:32:32,329 - INFO - 
[14/1020] Processing property 20554437...
2026-01-21 01:32:32,329 - INFO - Waiting 13.1 seconds before requesting property 20554437...
2026-01-21 01:32:45,459 - INFO - Requesting property 20554437: https://www.fotocasa.es/es/comprar/obra-nueva/alovera/20554437
2026-01-21 01:32:46,182 - INFO - ✓ SUCCESS: Property 20554437 - Phone: +34902110022
2026-01-21 01:32:46,185 - INFO - 
[15/1020] Processing property 20516323...
2026-01-21 01:32:46,186 - INFO - Waiting 14.2 seconds before requesting property 20516323...
2026-01-21 01:33:00,385 - INFO - Requesting property 20516323: https://www.fotocasa.es/es/comprar/obra-nueva/alovera/20516323
2026-01-21 01:33:00,849 - INFO - ✓ SUCCESS: Property 20516323 - Phone: +34902110022
2026-01-21 01:33:00,852 - INFO - 
[16/1020] Processing property 20516321...
2026-01-21 01:33:00,852 - INFO - Waiting 10.9 seconds before requesting property 20516321...
2026-01-21 01:33:11,784 - INFO - Requesting property 20516321: https://www.fotocasa.es/es/comprar/obra-nueva/mungia/20516321
2026-01-21 01:33:12,227 - INFO - ✓ SUCCESS: Property 20516321 - Phone: +34902110022
2026-01-21 01:33:12,229 - INFO - 
[17/1020] Processing property 20553693...
2026-01-21 01:33:12,230 - INFO - Waiting 11.4 seconds before requesting property 20553693...
2026-01-21 01:33:23,663 - INFO - Requesting property 20553693: https://www.fotocasa.es/es/comprar/obra-nueva/bilbao/20553693
2026-01-21 01:33:24,126 - INFO - ✓ SUCCESS: Property 20553693 - Phone: +34902110022
2026-01-21 01:33:24,130 - INFO - 
[18/1020] Processing property 20516301...
2026-01-21 01:33:24,130 - INFO - Waiting 10.5 seconds before requesting property 20516301...
2026-01-21 01:33:34,632 - INFO - Requesting property 20516301: https://www.fotocasa.es/es/comprar/obra-nueva/mungia/20516301
2026-01-21 01:33:35,071 - INFO - ✓ SUCCESS: Property 20516301 - Phone: +34902110022
2026-01-21 01:33:35,073 - INFO - 
[19/1020] Processing property 20631987...
2026-01-21 01:33:35,073 - INFO - Waiting 14.5 seconds before requesting property 20631987...
2026-01-21 01:33:49,530 - INFO - Requesting property 20631987: https://www.fotocasa.es/es/comprar/obra-nueva/cordoba-capital/20631987
2026-01-21 01:33:50,208 - INFO - ✓ SUCCESS: Property 20631987 - Phone: +34902110022
2026-01-21 01:33:50,210 - INFO - 
[20/1020] Processing property 20516300...
2026-01-21 01:33:50,211 - INFO - Waiting 12.4 seconds before requesting property 20516300...
2026-01-21 01:34:02,599 - INFO - Requesting property 20516300: https://www.fotocasa.es/es/comprar/obra-nueva/estepona/20516300
2026-01-21 01:34:03,001 - INFO - ✓ SUCCESS: Property 20516300 - Phone: +34902110022
2026-01-21 01:34:03,004 - INFO - 
Progress: 20/1020 (2.0%)
2026-01-21 01:34:03,005 - INFO - Success: 20, Failed: 0
2026-01-21 01:34:03,005 - INFO - Estimated time remaining: 216.2 minutes

2026-01-21 01:34:03,005 - INFO - 
[21/1020] Processing property 20560282...
2026-01-21 01:34:03,005 - INFO - Waiting 10.5 seconds before requesting property 20560282...
2026-01-21 01:34:13,515 - INFO - Requesting property 20560282: https://www.fotocasa.es/es/comprar/obra-nueva/paterna/20560282
2026-01-21 01:34:14,169 - INFO - ✓ SUCCESS: Property 20560282 - Phone: +34902110022
2026-01-21 01:34:14,172 - INFO - 
[22/1020] Processing property 20516299...
2026-01-21 01:34:14,172 - INFO - Waiting 11.5 seconds before requesting property 20516299...
2026-01-21 01:34:25,665 - INFO - Requesting property 20516299: https://www.fotocasa.es/es/comprar/obra-nueva/estepona/20516299
2026-01-21 01:34:26,085 - INFO - ✓ SUCCESS: Property 20516299 - Phone: +34902110022
2026-01-21 01:34:26,089 - INFO - 
[23/1020] Processing property 20516298...
2026-01-21 01:34:26,090 - INFO - Waiting 10.2 seconds before requesting property 20516298...
2026-01-21 01:34:36,318 - INFO - Requesting property 20516298: https://www.fotocasa.es/es/comprar/obra-nueva/madrid-capital/20516298
2026-01-21 01:34:36,755 - INFO - ✓ SUCCESS: Property 20516298 - Phone: +34902110022
2026-01-21 01:34:36,758 - INFO - 
[24/1020] Processing property 20516296...
2026-01-21 01:34:36,759 - INFO - Waiting 10.7 seconds before requesting property 20516296...
2026-01-21 01:34:47,489 - INFO - Requesting property 20516296: https://www.fotocasa.es/es/comprar/obra-nueva/rubi/20516296
2026-01-21 01:34:47,936 - INFO - ✓ SUCCESS: Property 20516296 - Phone: +34902110022
2026-01-21 01:34:47,939 - INFO - 
[25/1020] Processing property 20516295...
2026-01-21 01:34:47,939 - INFO - Waiting 14.9 seconds before requesting property 20516295...
2026-01-21 01:35:02,830 - INFO - Requesting property 20516295: https://www.fotocasa.es/es/comprar/obra-nueva/rubi/20516295
2026-01-21 01:35:03,314 - INFO - ✓ SUCCESS: Property 20516295 - Phone: +34902110022
2026-01-21 01:35:03,318 - INFO - 
[26/1020] Processing property 20516294...
2026-01-21 01:35:03,318 - INFO - Waiting 10.4 seconds before requesting property 20516294...
2026-01-21 01:35:13,745 - INFO - Requesting property 20516294: https://www.fotocasa.es/es/comprar/obra-nueva/madrid-capital/20516294
2026-01-21 01:35:14,292 - INFO - ✓ SUCCESS: Property 20516294 - Phone: +34902110022
2026-01-21 01:35:14,296 - INFO - 
[27/1020] Processing property 20516293...
2026-01-21 01:35:14,298 - INFO - Waiting 10.8 seconds before requesting property 20516293...
2026-01-21 01:35:25,064 - INFO - Requesting property 20516293: https://www.fotocasa.es/es/comprar/obra-nueva/las-rozas-de-madrid/20516293
2026-01-21 01:35:25,568 - INFO - ✓ SUCCESS: Property 20516293 - Phone: +34902110022
2026-01-21 01:35:25,572 - INFO - 
[28/1020] Processing property 20516291...
2026-01-21 01:35:25,572 - INFO - Waiting 14.5 seconds before requesting property 20516291...
2026-01-21 01:35:40,025 - INFO - Requesting property 20516291: https://www.fotocasa.es/es/comprar/obra-nueva/guadalajara-capital/20516291
2026-01-21 01:35:40,507 - INFO - ✓ SUCCESS: Property 20516291 - Phone: +34902110022
2026-01-21 01:35:40,512 - INFO - 
[29/1020] Processing property 20516289...
2026-01-21 01:35:40,518 - INFO - Waiting 14.9 seconds before requesting property 20516289...
2026-01-21 01:35:55,399 - INFO - Requesting property 20516289: https://www.fotocasa.es/es/comprar/obra-nueva/guadalajara-capital/20516289
2026-01-21 01:35:55,832 - INFO - ✓ SUCCESS: Property 20516289 - Phone: +34902110022
2026-01-21 01:35:55,834 - INFO - 
[30/1020] Processing property 20516288...
2026-01-21 01:35:55,834 - INFO - Waiting 14.5 seconds before requesting property 20516288...
2026-01-21 01:36:10,329 - INFO - Requesting property 20516288: https://www.fotocasa.es/es/comprar/obra-nueva/sevilla-capital/20516288
2026-01-21 01:36:10,781 - INFO - ✓ SUCCESS: Property 20516288 - Phone: +34902110022
2026-01-21 01:36:10,784 - INFO - 
Progress: 30/1020 (2.9%)
2026-01-21 01:36:10,784 - INFO - Success: 30, Failed: 0
2026-01-21 01:36:10,785 - INFO - Estimated time remaining: 213.0 minutes

2026-01-21 01:36:10,786 - INFO - 
[31/1020] Processing property 20641586...
2026-01-21 01:36:10,786 - INFO - Waiting 13.8 seconds before requesting property 20641586...
2026-01-21 01:36:24,591 - INFO - Requesting property 20641586: https://www.fotocasa.es/es/comprar/obra-nueva/anoeta/20641586
2026-01-21 01:36:25,015 - INFO - ✓ SUCCESS: Property 20641586 - Phone: 943916037
2026-01-21 01:36:25,017 - INFO - 
[32/1020] Processing property 20562767...
2026-01-21 01:36:25,018 - INFO - Waiting 10.6 seconds before requesting property 20562767...
2026-01-21 01:36:35,645 - INFO - Requesting property 20562767: https://www.fotocasa.es/es/comprar/obra-nueva/moncofa/20562767
2026-01-21 01:36:36,082 - ERROR - ✗ ERROR: Property 20562767 - 'utf-8' codec can't encode characters in position 1821-1822: surrogates not allowed
2026-01-21 01:36:36,085 - INFO - 
[33/1020] Processing property 20509178...
2026-01-21 01:36:36,086 - INFO - Waiting 14.8 seconds before requesting property 20509178...
2026-01-21 01:36:50,921 - INFO - Requesting property 20509178: https://www.fotocasa.es/es/comprar/obra-nueva/salou/20509178
2026-01-21 01:36:51,353 - INFO - ✓ SUCCESS: Property 20509178 - Phone: 931321259
2026-01-21 01:36:51,356 - INFO - 
[34/1020] Processing property 20511742...
2026-01-21 01:36:51,356 - INFO - Waiting 13.7 seconds before requesting property 20511742...
2026-01-21 01:37:05,097 - INFO - Requesting property 20511742: https://www.fotocasa.es/es/comprar/obra-nueva/sant-andreu-de-llavaneres/20511742
2026-01-21 01:37:05,542 - INFO - ✓ SUCCESS: Property 20511742 - Phone: 930440597
2026-01-21 01:37:05,544 - INFO - 
[35/1020] Processing property 20509463...
2026-01-21 01:37:05,545 - INFO - Waiting 13.7 seconds before requesting property 20509463...
2026-01-21 01:37:19,235 - INFO - Requesting property 20509463: https://www.fotocasa.es/es/comprar/obra-nueva/foz/20509463
2026-01-21 01:37:19,659 - INFO - ✓ SUCCESS: Property 20509463 - Phone: 982681069
2026-01-21 01:37:19,663 - INFO - 
[36/1020] Processing property 20538825...
2026-01-21 01:37:19,663 - INFO - Waiting 14.2 seconds before requesting property 20538825...
2026-01-21 01:37:33,880 - INFO - Requesting property 20538825: https://www.fotocasa.es/es/comprar/obra-nueva/murcia-capital/20538825
2026-01-21 01:37:34,336 - INFO - ✓ SUCCESS: Property 20538825 - Phone: 968911907
2026-01-21 01:37:34,338 - INFO - 
[37/1020] Processing property 20582905...
2026-01-21 01:37:34,339 - INFO - Waiting 10.3 seconds before requesting property 20582905...
2026-01-21 01:37:44,626 - INFO - Requesting property 20582905: https://www.fotocasa.es/es/comprar/obra-nueva/santpedor/20582905
2026-01-21 01:37:45,125 - INFO - ✓ SUCCESS: Property 20582905 - Phone: 930442573
2026-01-21 01:37:45,129 - INFO - 
[38/1020] Processing property 20643452...
2026-01-21 01:37:45,129 - INFO - Waiting 14.4 seconds before requesting property 20643452...
2026-01-21 01:38:00,192 - INFO - Requesting property 20643452: https://www.fotocasa.es/es/comprar/obra-nueva/valencia-capital/20643452
2026-01-21 01:38:02,456 - INFO - ✓ SUCCESS: Property 20643452 - Phone: 954201803
2026-01-21 01:38:02,462 - INFO - 
[39/1020] Processing property 20518899...
2026-01-21 01:38:02,463 - INFO - Waiting 12.1 seconds before requesting property 20518899...
2026-01-21 01:38:14,533 - INFO - Requesting property 20518899: https://www.fotocasa.es/es/comprar/obra-nueva/bormujos/20518899
2026-01-21 01:38:14,982 - INFO - ✓ SUCCESS: Property 20518899 - Phone: 954201627
2026-01-21 01:38:14,985 - INFO - 
[40/1020] Processing property 20518867...
2026-01-21 01:38:14,986 - INFO - Waiting 10.4 seconds before requesting property 20518867...
2026-01-21 01:38:25,345 - INFO - Requesting property 20518867: https://www.fotocasa.es/es/comprar/obra-nueva/dos-hermanas/20518867
2026-01-21 01:38:25,989 - INFO - ✓ SUCCESS: Property 20518867 - Phone: 954201623
2026-01-21 01:38:25,992 - INFO - 
Progress: 40/1020 (3.9%)
2026-01-21 01:38:25,992 - INFO - Success: 39, Failed: 1
2026-01-21 01:38:25,993 - INFO - Estimated time remaining: 213.3 minutes

2026-01-21 01:38:25,993 - INFO - 
[41/1020] Processing property 20633521...
2026-01-21 01:38:25,993 - INFO - Waiting 10.9 seconds before requesting property 20633521...
2026-01-21 01:38:36,859 - INFO - Requesting property 20633521: https://www.fotocasa.es/es/comprar/obra-nueva/cadiz-capital/20633521
2026-01-21 01:38:37,467 - INFO - ✓ SUCCESS: Property 20633521 - Phone: 956910139
2026-01-21 01:38:37,471 - INFO - 
[42/1020] Processing property 20631529...
2026-01-21 01:38:37,471 - INFO - Waiting 12.9 seconds before requesting property 20631529...
2026-01-21 01:38:50,345 - INFO - Requesting property 20631529: https://www.fotocasa.es/es/comprar/obra-nueva/alcala-de-henares/20631529
2026-01-21 01:38:50,873 - INFO - ✓ SUCCESS: Property 20631529 - Phone: 930442286
2026-01-21 01:38:50,876 - INFO - 
[43/1020] Processing property 20610904...
2026-01-21 01:38:50,876 - INFO - Waiting 10.1 seconds before requesting property 20610904...
2026-01-21 01:39:00,989 - INFO - Requesting property 20610904: https://www.fotocasa.es/es/comprar/obra-nueva/l-hospitalet-de-llobregat/20610904
2026-01-21 01:39:01,442 - INFO - ✓ SUCCESS: Property 20610904 - Phone: 930442286
2026-01-21 01:39:01,445 - INFO - 
[44/1020] Processing property 20532950...
2026-01-21 01:39:01,446 - INFO - Waiting 10.7 seconds before requesting property 20532950...
2026-01-21 01:39:12,195 - INFO - Requesting property 20532950: https://www.fotocasa.es/es/comprar/obra-nueva/badalona/20532950
2026-01-21 01:39:12,620 - INFO - ✓ SUCCESS: Property 20532950 - Phone: 930442286
2026-01-21 01:39:12,623 - INFO - 
[45/1020] Processing property 20603582...
2026-01-21 01:39:12,623 - INFO - Waiting 14.2 seconds before requesting property 20603582...
2026-01-21 01:39:26,867 - INFO - Requesting property 20603582: https://www.fotocasa.es/es/comprar/obra-nueva/calafell/20603582
2026-01-21 01:39:27,301 - INFO - ✓ SUCCESS: Property 20603582 - Phone: 977937361
2026-01-21 01:39:27,304 - INFO - 
[46/1020] Processing property 20531662...
2026-01-21 01:39:27,305 - INFO - Waiting 10.9 seconds before requesting property 20531662...
2026-01-21 01:39:38,194 - INFO - Requesting property 20531662: https://www.fotocasa.es/es/comprar/obra-nueva/barcelona-capital/20531662
2026-01-21 01:39:38,737 - INFO - ✓ SUCCESS: Property 20531662 - Phone: 930441839
2026-01-21 01:39:38,741 - INFO - 
[47/1020] Processing property 20531678...
2026-01-21 01:39:38,742 - INFO - Waiting 14.5 seconds before requesting property 20531678...
2026-01-21 01:39:53,232 - INFO - Requesting property 20531678: https://www.fotocasa.es/es/comprar/obra-nueva/begur/20531678
2026-01-21 01:39:53,694 - INFO - ✓ SUCCESS: Property 20531678 - Phone: 930441839
2026-01-21 01:39:53,697 - INFO - 
[48/1020] Processing property 20534662...
2026-01-21 01:39:53,697 - INFO - Waiting 14.6 seconds before requesting property 20534662...
2026-01-21 01:40:08,343 - INFO - Requesting property 20534662: https://www.fotocasa.es/es/comprar/obra-nueva/barcelona-capital/20534662
2026-01-21 01:40:08,854 - INFO - ✓ SUCCESS: Property 20534662 - Phone: 930441839
2026-01-21 01:40:08,858 - INFO - 
[49/1020] Processing property 20560517...
2026-01-21 01:40:08,858 - INFO - Waiting 11.7 seconds before requesting property 20560517...
2026-01-21 01:40:20,629 - INFO - Requesting property 20560517: https://www.fotocasa.es/es/comprar/obra-nueva/l-hospitalet-de-llobregat/20560517
2026-01-21 01:40:21,685 - INFO - ✓ SUCCESS: Property 20560517 - Phone: 930441839
2026-01-21 01:40:21,726 - INFO - 
[50/1020] Processing property 20531695...
2026-01-21 01:40:21,767 - INFO - Waiting 14.4 seconds before requesting property 20531695...
2026-01-21 01:40:36,166 - INFO - Requesting property 20531695: https://www.fotocasa.es/es/comprar/obra-nueva/gualta/20531695
2026-01-21 01:40:36,609 - INFO - ✓ SUCCESS: Property 20531695 - Phone: 930441839
2026-01-21 01:40:36,612 - INFO - 
Progress: 50/1020 (4.9%)
2026-01-21 01:40:36,612 - INFO - Success: 49, Failed: 1
2026-01-21 01:40:36,613 - INFO - Estimated time remaining: 211.2 minutes

2026-01-21 01:40:36,613 - INFO - 
[51/1020] Processing property 20604333...
2026-01-21 01:40:36,613 - INFO - Waiting 14.0 seconds before requesting property 20604333...
2026-01-21 01:40:50,858 - INFO - Requesting property 20604333: https://www.fotocasa.es/es/comprar/obra-nueva/barcelona-capital/20604333
2026-01-21 01:40:54,618 - INFO - ✓ SUCCESS: Property 20604333 - Phone: 932755759
2026-01-21 01:40:54,634 - INFO - 
[52/1020] Processing property 20613234...
2026-01-21 01:40:54,634 - INFO - Waiting 11.1 seconds before requesting property 20613234...
2026-01-21 01:41:05,763 - INFO - Requesting property 20613234: https://www.fotocasa.es/es/comprar/obra-nueva/sant-cugat-del-valles/20613234
2026-01-21 01:41:06,439 - INFO - ✓ SUCCESS: Property 20613234 - Phone: 932755759
2026-01-21 01:41:06,446 - INFO - 
[53/1020] Processing property 20531677...
2026-01-21 01:41:06,448 - INFO - Waiting 12.3 seconds before requesting property 20531677...
2026-01-21 01:41:18,708 - INFO - Requesting property 20531677: https://www.fotocasa.es/es/comprar/obra-nueva/montgat/20531677
2026-01-21 01:41:19,162 - INFO - ✓ SUCCESS: Property 20531677 - Phone: 930441839
2026-01-21 01:41:19,165 - INFO - 
[54/1020] Processing property 20598948...
2026-01-21 01:41:19,165 - INFO - Waiting 13.3 seconds before requesting property 20598948...
2026-01-21 01:41:32,454 - INFO - Requesting property 20598948: https://www.fotocasa.es/es/comprar/obra-nueva/alicante-alacant/20598948
2026-01-21 01:41:33,020 - INFO - ✓ SUCCESS: Property 20598948 - Phone: 954201732
2026-01-21 01:41:33,023 - INFO - 
[55/1020] Processing property 20509179...
2026-01-21 01:41:33,024 - INFO - Waiting 11.4 seconds before requesting property 20509179...
2026-01-21 01:41:44,379 - INFO - Requesting property 20509179: https://www.fotocasa.es/es/comprar/obra-nueva/vilafranca-del-penedes/20509179
2026-01-21 01:41:44,870 - INFO - ✓ SUCCESS: Property 20509179 - Phone: 931321259
2026-01-21 01:41:44,875 - INFO - 
[56/1020] Processing property 20642863...
2026-01-21 01:41:44,876 - INFO - Waiting 12.1 seconds before requesting property 20642863...
2026-01-21 02:12:08,752 - INFO - Starting SAFE scraping for 1020 properties
2026-01-21 02:12:08,753 - INFO - Delay: 10-15 seconds between requests
2026-01-21 02:12:08,824 - INFO - NO PROXY - Using direct connection
2026-01-21 02:12:08,826 - INFO - Single-threaded (one at a time)
2026-01-21 02:12:08,827 - INFO - Estimated time: 212.5 minutes

2026-01-21 02:12:08,870 - INFO - 
[1/1020] Processing property 20528373...
2026-01-21 02:12:08,908 - INFO - Waiting 14.5 seconds before requesting property 20528373...
2026-01-21 02:12:24,130 - INFO - Requesting property 20528373: https://www.fotocasa.es/es/comprar/obra-nueva/begues/20528373
2026-01-21 02:12:24,607 - INFO - Property 20528373 - advertiser.phone: +34933634028
2026-01-21 02:12:24,607 - INFO - Found promotion ID: e5242b2f-af45-4ab2-9519-ac19dd88a494, fetching tracking phone...
2026-01-21 02:12:24,608 - ERROR - Error extracting data: get_tracking_phone() takes 1 positional argument but 2 were given
2026-01-21 02:12:24,608 - WARNING - NO DATA: Property 20528373
2026-01-21 02:12:24,611 - INFO - 
[2/1020] Processing property 20563916...
2026-01-21 02:12:24,612 - INFO - Waiting 13.9 seconds before requesting property 20563916...
2026-01-21 02:12:38,485 - INFO - Requesting property 20563916: https://www.fotocasa.es/es/comprar/obra-nueva/calonge-i-sant-antoni/20563916
2026-01-21 02:12:38,928 - INFO - Property 20563916 - advertiser.phone: 972085721
2026-01-21 02:12:38,928 - INFO - Found promotion ID: 7c9f9a69-4eb8-4ae2-9b09-9018658ad280, fetching tracking phone...
2026-01-21 02:12:38,929 - ERROR - Error extracting data: get_tracking_phone() takes 1 positional argument but 2 were given
2026-01-21 02:12:38,929 - WARNING - NO DATA: Property 20563916
2026-01-21 02:12:38,932 - INFO - 
[3/1020] Processing property 20564652...
2026-01-21 02:12:38,933 - INFO - Waiting 11.8 seconds before requesting property 20564652...
2026-01-21 02:14:14,763 - INFO - Starting SAFE scraping for 1020 properties
2026-01-21 02:14:14,764 - INFO - Delay: 10-15 seconds between requests
2026-01-21 02:14:14,764 - INFO - NO PROXY - Using direct connection
2026-01-21 02:14:14,765 - INFO - Single-threaded (one at a time)
2026-01-21 02:14:14,765 - INFO - Estimated time: 212.5 minutes

2026-01-21 02:14:14,766 - INFO - 
[1/1020] Processing property 20528373...
2026-01-21 02:14:14,766 - INFO - Waiting 13.6 seconds before requesting property 20528373...
2026-01-21 02:14:28,389 - INFO - Requesting property 20528373: https://www.fotocasa.es/es/comprar/obra-nueva/begues/20528373
2026-01-21 02:14:29,137 - INFO - Property 20528373 - advertiser.phone: +34933634028
2026-01-21 02:14:29,137 - INFO - Found promotion ID: e5242b2f-af45-4ab2-9519-ac19dd88a494, fetching tracking phone...
2026-01-21 02:14:29,642 - INFO - Got tracking phone for promotion e5242b2f-af45-4ab2-9519-ac19dd88a494: +34933634028
2026-01-21 02:14:29,643 - INFO - Property 20528373 - publisher.phone: +34933634028
2026-01-21 02:14:29,643 - INFO - Final phone for property 20528373: +34933634028
2026-01-21 02:14:29,645 - INFO - SUCCESS: Property 20528373 - Phone: +34933634028
2026-01-21 02:14:29,647 - INFO - 
[2/1020] Processing property 20563916...
2026-01-21 02:14:29,648 - INFO - Waiting 13.0 seconds before requesting property 20563916...
2026-01-21 02:14:42,683 - INFO - Requesting property 20563916: https://www.fotocasa.es/es/comprar/obra-nueva/calonge-i-sant-antoni/20563916
2026-01-21 02:14:43,984 - INFO - Property 20563916 - advertiser.phone: 972085721
2026-01-21 02:14:43,985 - INFO - Found promotion ID: 7c9f9a69-4eb8-4ae2-9b09-9018658ad280, fetching tracking phone...
2026-01-21 02:14:44,586 - INFO - Got tracking phone for promotion 7c9f9a69-4eb8-4ae2-9b09-9018658ad280: +34872587326
2026-01-21 02:14:44,586 - INFO - Property 20563916 - publisher.phone: 972085721
2026-01-21 02:14:44,587 - INFO - Final phone for property 20563916: +34872587326
2026-01-21 02:14:44,588 - INFO - SUCCESS: Property 20563916 - Phone: +34872587326
2026-01-21 02:14:44,592 - INFO - 
[3/1020] Processing property 20564652...
2026-01-21 02:14:44,592 - INFO - Waiting 10.0 seconds before requesting property 20564652...
2026-01-21 02:14:54,607 - INFO - Requesting property 20564652: https://www.fotocasa.es/es/comprar/obra-nueva/rubi/20564652
2026-01-21 02:14:55,014 - INFO - Property 20564652 - advertiser.phone: 930443725
2026-01-21 02:14:55,016 - INFO - Found promotion ID: 59f19554-b1ef-4c0c-95d7-361f31d0b678, fetching tracking phone...
2026-01-21 02:14:55,561 - WARNING - Failed to get tracking phone for 59f19554-b1ef-4c0c-95d7-361f31d0b678: HTTP 500
2026-01-21 02:14:55,562 - INFO - Property 20564652 - publisher.phone: 930443725
2026-01-21 02:14:55,562 - INFO - Final phone for property 20564652: 930443725
2026-01-21 02:14:55,563 - INFO - SUCCESS: Property 20564652 - Phone: 930443725
2026-01-21 02:14:55,566 - INFO - 
[4/1020] Processing property 20562086...
2026-01-21 02:14:55,566 - INFO - Waiting 13.3 seconds before requesting property 20562086...
2026-01-21 02:15:08,846 - INFO - Requesting property 20562086: https://www.fotocasa.es/es/comprar/obra-nueva/fuenlabrada/20562086
2026-01-21 02:15:09,369 - INFO - Property 20562086 - advertiser.phone: 910752658
2026-01-21 02:15:09,371 - INFO - Found promotion ID: db4c61d1-ee71-43e3-a02c-11c26fb22cd7, fetching tracking phone...
2026-01-21 02:15:10,069 - INFO - Got tracking phone for promotion db4c61d1-ee71-43e3-a02c-11c26fb22cd7: +34919260931
2026-01-21 02:15:10,070 - INFO - Property 20562086 - publisher.phone: 910752658
2026-01-21 02:15:10,070 - INFO - Final phone for property 20562086: +34919260931
2026-01-21 02:15:10,071 - INFO - SUCCESS: Property 20562086 - Phone: +34919260931
2026-01-21 02:15:10,075 - INFO - 
[5/1020] Processing property 20541166...
2026-01-21 02:15:10,075 - INFO - Waiting 13.9 seconds before requesting property 20541166...
2026-01-21 02:15:23,929 - INFO - Requesting property 20541166: https://www.fotocasa.es/es/comprar/obra-nueva/sitges/20541166
2026-01-21 02:15:24,457 - INFO - Property 20541166 - advertiser.phone: 930442918
2026-01-21 02:15:24,469 - INFO - Found promotion ID: 88e76523-a5af-4be9-8f8d-2284a6e725a5, fetching tracking phone...
2026-01-21 02:15:25,112 - INFO - Got tracking phone for promotion 88e76523-a5af-4be9-8f8d-2284a6e725a5: +34930419761
2026-01-21 02:15:25,113 - INFO - Property 20541166 - publisher.phone: 930442918
2026-01-21 02:15:25,113 - INFO - Final phone for property 20541166: +34930419761
2026-01-21 02:15:25,114 - INFO - SUCCESS: Property 20541166 - Phone: +34930419761
2026-01-21 02:15:25,118 - INFO - 
[6/1020] Processing property 20529247...
2026-01-21 02:15:25,118 - INFO - Waiting 12.0 seconds before requesting property 20529247...
2026-01-21 02:15:37,138 - INFO - Requesting property 20529247: https://www.fotocasa.es/es/comprar/obra-nueva/eivissa/20529247
2026-01-21 02:15:37,592 - INFO - Property 20529247 - advertiser.phone: 910751209
2026-01-21 02:15:37,592 - INFO - Found promotion ID: fa2995b5-d286-40fd-9c68-8fafba8fc688, fetching tracking phone...
2026-01-21 02:15:38,234 - INFO - Got tracking phone for promotion fa2995b5-d286-40fd-9c68-8fafba8fc688: +34919177560
2026-01-21 02:15:38,234 - INFO - Property 20529247 - publisher.phone: 910751209
2026-01-21 02:15:38,234 - INFO - Final phone for property 20529247: +34919177560
2026-01-21 02:15:38,235 - INFO - SUCCESS: Property 20529247 - Phone: +34919177560
2026-01-21 02:15:38,239 - INFO - 
[7/1020] Processing property 20525105...
2026-01-21 02:15:38,239 - INFO - Waiting 11.9 seconds before requesting property 20525105...
2026-01-21 02:15:50,091 - INFO - Requesting property 20525105: https://www.fotocasa.es/es/comprar/obra-nueva/granada-capital/20525105
2026-01-21 02:15:50,538 - INFO - Property 20525105 - advertiser.phone: 954201732
2026-01-21 02:15:50,538 - INFO - Found promotion ID: 260a91a1-da13-489a-8a2a-fd9cc19348b6, fetching tracking phone...
2026-01-21 02:15:51,151 - WARNING - Failed to get tracking phone for 260a91a1-da13-489a-8a2a-fd9cc19348b6: HTTP 500
2026-01-21 02:15:51,151 - INFO - Property 20525105 - publisher.phone: 954201732
2026-01-21 02:15:51,151 - INFO - Final phone for property 20525105: 954201732
2026-01-21 02:15:51,152 - INFO - SUCCESS: Property 20525105 - Phone: 954201732
2026-01-21 02:15:51,156 - INFO - 
[8/1020] Processing property 20525140...
2026-01-21 02:15:51,156 - INFO - Waiting 12.9 seconds before requesting property 20525140...
2026-01-21 02:16:04,089 - INFO - Requesting property 20525140: https://www.fotocasa.es/es/comprar/obra-nueva/sagunto-sagunt/20525140
2026-01-21 02:16:04,533 - INFO - Property 20525140 - advertiser.phone: 954201732
2026-01-21 02:16:04,533 - INFO - Found promotion ID: a74d63b2-9a76-48da-8045-2572753bd8a8, fetching tracking phone...
2026-01-21 02:16:05,080 - WARNING - Failed to get tracking phone for a74d63b2-9a76-48da-8045-2572753bd8a8: HTTP 500
2026-01-21 02:16:05,080 - INFO - Property 20525140 - publisher.phone: 954201732
2026-01-21 02:16:05,080 - INFO - Final phone for property 20525140: 954201732
2026-01-21 02:16:05,082 - INFO - SUCCESS: Property 20525140 - Phone: 954201732
2026-01-21 02:16:05,085 - INFO - 
[9/1020] Processing property 20525087...
2026-01-21 02:16:05,085 - INFO - Waiting 11.8 seconds before requesting property 20525087...
2026-01-21 02:16:16,845 - INFO - Requesting property 20525087: https://www.fotocasa.es/es/comprar/obra-nueva/arico/20525087
2026-01-21 02:16:17,373 - INFO - Property 20525087 - advertiser.phone: 954201732
2026-01-21 02:16:17,374 - INFO - Found promotion ID: 4bef8ff8-8ecd-4acc-84e6-3c8ead0fe890, fetching tracking phone...
2026-01-21 02:16:17,866 - WARNING - Failed to get tracking phone for 4bef8ff8-8ecd-4acc-84e6-3c8ead0fe890: HTTP 500
2026-01-21 02:16:17,866 - INFO - Property 20525087 - publisher.phone: 954201732
2026-01-21 02:16:17,867 - INFO - Final phone for property 20525087: 954201732
2026-01-21 02:16:17,868 - INFO - SUCCESS: Property 20525087 - Phone: 954201732
2026-01-21 02:16:17,871 - INFO - 
[10/1020] Processing property 20567479...
2026-01-21 02:16:17,872 - INFO - Waiting 11.1 seconds before requesting property 20567479...
2026-01-21 02:16:28,975 - INFO - Requesting property 20567479: https://www.fotocasa.es/es/comprar/obra-nueva/azuqueca-de-henares/20567479
2026-01-21 02:16:29,632 - INFO - Property 20567479 - advertiser.phone: +34902110022
2026-01-21 02:16:29,632 - INFO - Found promotion ID: 1ab9109d-e0cd-42c2-8f59-d93b1d012ed2, fetching tracking phone...
2026-01-21 02:16:30,143 - WARNING - Failed to get tracking phone for 1ab9109d-e0cd-42c2-8f59-d93b1d012ed2: HTTP 500
2026-01-21 02:16:30,143 - INFO - Property 20567479 - publisher.phone: +34902110022
2026-01-21 02:16:30,144 - INFO - Final phone for property 20567479: +34902110022
2026-01-21 02:16:30,145 - INFO - SUCCESS: Property 20567479 - Phone: +34902110022
2026-01-21 02:16:30,147 - INFO - Progress: 10/1020 (1.0%)
2026-01-21 02:16:30,148 - INFO - Success: 10, Failed: 0
2026-01-21 02:16:30,148 - INFO - Estimated time remaining: 227.9 minutes
2026-01-21 02:16:30,148 - INFO - 
[11/1020] Processing property 20567478...
2026-01-21 02:16:30,148 - INFO - Waiting 11.1 seconds before requesting property 20567478...
2026-01-21 02:16:41,211 - INFO - Requesting property 20567478: https://www.fotocasa.es/es/comprar/obra-nueva/alovera/20567478
2026-01-21 02:16:41,712 - INFO - Property 20567478 - advertiser.phone: +34902110022
2026-01-21 02:16:41,712 - INFO - Found promotion ID: 12b460cd-74ca-49a6-bae5-fa5ff7f242a2, fetching tracking phone...
2026-01-21 02:16:42,289 - WARNING - Failed to get tracking phone for 12b460cd-74ca-49a6-bae5-fa5ff7f242a2: HTTP 500
2026-01-21 02:16:42,289 - INFO - Property 20567478 - publisher.phone: +34902110022
2026-01-21 02:16:42,290 - INFO - Final phone for property 20567478: +34902110022
2026-01-21 02:16:42,291 - INFO - SUCCESS: Property 20567478 - Phone: +34902110022
2026-01-21 02:16:42,293 - INFO - 
[12/1020] Processing property 20516328...
2026-01-21 02:16:42,294 - INFO - Waiting 11.0 seconds before requesting property 20516328...
2026-01-21 02:16:53,273 - INFO - Requesting property 20516328: https://www.fotocasa.es/es/comprar/obra-nueva/alovera/20516328
2026-01-21 02:16:53,628 - INFO - Property 20516328 - advertiser.phone: +34902110022
2026-01-21 02:16:53,629 - INFO - Found promotion ID: ed62a17a-6fef-4474-8bb4-09f76d323df9, fetching tracking phone...
2026-01-21 02:16:54,385 - WARNING - Failed to get tracking phone for ed62a17a-6fef-4474-8bb4-09f76d323df9: HTTP 500
2026-01-21 02:16:54,385 - INFO - Property 20516328 - publisher.phone: +34902110022
2026-01-21 02:16:54,386 - INFO - Final phone for property 20516328: +34902110022
2026-01-21 02:16:54,387 - INFO - SUCCESS: Property 20516328 - Phone: +34902110022
2026-01-21 02:16:54,391 - INFO - 
[13/1020] Processing property 20516327...
2026-01-21 02:16:54,391 - INFO - Waiting 13.6 seconds before requesting property 20516327...
2026-01-21 02:17:07,951 - INFO - Requesting property 20516327: https://www.fotocasa.es/es/comprar/obra-nueva/alovera/20516327
2026-01-21 02:17:08,451 - INFO - Property 20516327 - advertiser.phone: +34902110022
2026-01-21 02:17:08,452 - INFO - Found promotion ID: d247665c-41e7-479b-a1f6-242b9a74b838, fetching tracking phone...
2026-01-21 02:17:08,983 - WARNING - Failed to get tracking phone for d247665c-41e7-479b-a1f6-242b9a74b838: HTTP 500
2026-01-21 02:17:08,984 - INFO - Property 20516327 - publisher.phone: +34902110022
2026-01-21 02:17:08,984 - INFO - Final phone for property 20516327: +34902110022
2026-01-21 02:17:08,985 - INFO - SUCCESS: Property 20516327 - Phone: +34902110022
2026-01-21 02:17:08,988 - INFO - 
[14/1020] Processing property 20554437...
2026-01-21 02:17:08,988 - INFO - Waiting 10.1 seconds before requesting property 20554437...
2026-01-21 02:17:19,059 - INFO - Requesting property 20554437: https://www.fotocasa.es/es/comprar/obra-nueva/alovera/20554437
2026-01-21 02:17:19,539 - INFO - Property 20554437 - advertiser.phone: +34902110022
2026-01-21 02:17:19,539 - INFO - Found promotion ID: 9e7ae424-6353-406c-bef2-e599ef5147aa, fetching tracking phone...
2026-01-21 02:17:20,151 - WARNING - Failed to get tracking phone for 9e7ae424-6353-406c-bef2-e599ef5147aa: HTTP 500
2026-01-21 02:17:20,151 - INFO - Property 20554437 - publisher.phone: +34902110022
2026-01-21 02:17:20,151 - INFO - Final phone for property 20554437: +34902110022
2026-01-21 02:17:20,152 - INFO - SUCCESS: Property 20554437 - Phone: +34902110022
2026-01-21 02:17:20,157 - INFO - 
[15/1020] Processing property 20516323...
2026-01-21 02:17:20,157 - INFO - Waiting 10.6 seconds before requesting property 20516323...
2026-01-21 02:17:30,769 - INFO - Requesting property 20516323: https://www.fotocasa.es/es/comprar/obra-nueva/alovera/20516323
2026-01-21 02:17:31,199 - INFO - Property 20516323 - advertiser.phone: +34902110022
2026-01-21 02:17:31,199 - INFO - Found promotion ID: 21ec0c25-2a49-4151-bc93-b8899cc50ab8, fetching tracking phone...
2026-01-21 02:17:31,811 - WARNING - Failed to get tracking phone for 21ec0c25-2a49-4151-bc93-b8899cc50ab8: HTTP 500
2026-01-21 02:17:31,811 - INFO - Property 20516323 - publisher.phone: +34902110022
2026-01-21 02:17:31,811 - INFO - Final phone for property 20516323: +34902110022
2026-01-21 02:17:31,813 - INFO - SUCCESS: Property 20516323 - Phone: +34902110022
2026-01-21 02:17:31,817 - INFO - 
[16/1020] Processing property 20516321...
2026-01-21 02:17:31,817 - INFO - Waiting 11.3 seconds before requesting property 20516321...
2026-01-21 02:17:43,127 - INFO - Requesting property 20516321: https://www.fotocasa.es/es/comprar/obra-nueva/mungia/20516321
2026-01-21 02:17:43,569 - INFO - Property 20516321 - advertiser.phone: +34902110022
2026-01-21 02:17:43,570 - INFO - Found promotion ID: cce712d0-6d96-4e9d-adc1-d8fdf2de81b6, fetching tracking phone...
2026-01-21 02:17:44,171 - WARNING - Failed to get tracking phone for cce712d0-6d96-4e9d-adc1-d8fdf2de81b6: HTTP 500
2026-01-21 02:17:44,171 - INFO - Property 20516321 - publisher.phone: +34902110022
2026-01-21 02:17:44,171 - INFO - Final phone for property 20516321: +34902110022
2026-01-21 02:17:44,173 - INFO - SUCCESS: Property 20516321 - Phone: +34902110022
2026-01-21 02:17:44,177 - INFO - 
[17/1020] Processing property 20553693...
2026-01-21 02:17:44,177 - INFO - Waiting 11.8 seconds before requesting property 20553693...
2026-01-21 02:17:56,002 - INFO - Requesting property 20553693: https://www.fotocasa.es/es/comprar/obra-nueva/bilbao/20553693
2026-01-21 02:17:56,477 - INFO - Property 20553693 - advertiser.phone: +34902110022
2026-01-21 02:17:56,477 - INFO - Found promotion ID: 33327150-1c4d-4623-858c-e3449a0a2995, fetching tracking phone...
2026-01-21 02:17:57,111 - WARNING - Failed to get tracking phone for 33327150-1c4d-4623-858c-e3449a0a2995: HTTP 500
2026-01-21 02:17:57,112 - INFO - Property 20553693 - publisher.phone: +34902110022
2026-01-21 02:17:57,112 - INFO - Final phone for property 20553693: +34902110022
2026-01-21 02:17:57,113 - INFO - SUCCESS: Property 20553693 - Phone: +34902110022
2026-01-21 02:17:57,116 - INFO - 
[18/1020] Processing property 20516301...
2026-01-21 02:17:57,117 - INFO - Waiting 12.9 seconds before requesting property 20516301...
2026-01-21 02:18:09,968 - INFO - Requesting property 20516301: https://www.fotocasa.es/es/comprar/obra-nueva/mungia/20516301
2026-01-21 02:18:10,823 - INFO - Property 20516301 - advertiser.phone: +34902110022
2026-01-21 02:18:10,823 - INFO - Found promotion ID: 35661747-9871-479b-a593-d1c05631f2f1, fetching tracking phone...
2026-01-21 02:18:11,421 - WARNING - Failed to get tracking phone for 35661747-9871-479b-a593-d1c05631f2f1: HTTP 500
2026-01-21 02:18:11,421 - INFO - Property 20516301 - publisher.phone: +34902110022
2026-01-21 02:18:11,421 - INFO - Final phone for property 20516301: +34902110022
2026-01-21 02:18:11,422 - INFO - SUCCESS: Property 20516301 - Phone: +34902110022
2026-01-21 02:18:11,425 - INFO - 
[19/1020] Processing property 20631987...
2026-01-21 02:18:11,425 - INFO - Waiting 12.8 seconds before requesting property 20631987...
2026-01-21 02:18:24,270 - INFO - Requesting property 20631987: https://www.fotocasa.es/es/comprar/obra-nueva/cordoba-capital/20631987
2026-01-21 02:18:24,703 - INFO - Property 20631987 - advertiser.phone: +34902110022
2026-01-21 02:18:24,703 - INFO - Found promotion ID: f997de8b-51a5-4fc1-80f6-31615bb1c6e3, fetching tracking phone...
2026-01-21 02:18:25,192 - WARNING - Failed to get tracking phone for f997de8b-51a5-4fc1-80f6-31615bb1c6e3: HTTP 403
2026-01-21 02:18:25,192 - INFO - Property 20631987 - publisher.phone: +34902110022
2026-01-21 02:18:25,193 - INFO - Final phone for property 20631987: +34902110022
2026-01-21 02:18:25,194 - INFO - SUCCESS: Property 20631987 - Phone: +34902110022
2026-01-21 02:18:25,198 - INFO - 
[20/1020] Processing property 20516300...
2026-01-21 02:18:25,198 - INFO - Waiting 12.3 seconds before requesting property 20516300...
2026-01-21 02:18:37,454 - INFO - Requesting property 20516300: https://www.fotocasa.es/es/comprar/obra-nueva/estepona/20516300
2026-01-21 02:18:37,914 - INFO - Property 20516300 - advertiser.phone: +34902110022
2026-01-21 02:18:37,914 - INFO - Found promotion ID: ac0d049a-de31-4046-85bb-00a5fe54a57d, fetching tracking phone...
2026-01-21 02:18:38,435 - WARNING - Failed to get tracking phone for ac0d049a-de31-4046-85bb-00a5fe54a57d: HTTP 403
2026-01-21 02:18:38,435 - INFO - Property 20516300 - publisher.phone: +34902110022
2026-01-21 02:18:38,436 - INFO - Final phone for property 20516300: +34902110022
2026-01-21 02:18:38,437 - INFO - SUCCESS: Property 20516300 - Phone: +34902110022
2026-01-21 02:18:38,439 - INFO - Progress: 20/1020 (2.0%)
2026-01-21 02:18:38,440 - INFO - Success: 20, Failed: 0
2026-01-21 02:18:38,440 - INFO - Estimated time remaining: 219.7 minutes
2026-01-21 02:18:38,441 - INFO - 
[21/1020] Processing property 20560282...
2026-01-21 02:18:38,441 - INFO - Waiting 11.7 seconds before requesting property 20560282...
2026-01-21 02:18:50,149 - INFO - Requesting property 20560282: https://www.fotocasa.es/es/comprar/obra-nueva/paterna/20560282
2026-01-21 02:18:50,683 - INFO - Property 20560282 - advertiser.phone: +34902110022
2026-01-21 02:18:50,684 - INFO - Found promotion ID: 2be6192a-9bd5-42ea-ba39-2b2682997db5, fetching tracking phone...
2026-01-21 02:18:51,217 - WARNING - Failed to get tracking phone for 2be6192a-9bd5-42ea-ba39-2b2682997db5: HTTP 403
2026-01-21 02:18:51,217 - INFO - Property 20560282 - publisher.phone: +34902110022
2026-01-21 02:18:51,218 - INFO - Final phone for property 20560282: +34902110022
2026-01-21 02:18:51,219 - INFO - SUCCESS: Property 20560282 - Phone: +34902110022
2026-01-21 02:18:51,221 - INFO - 
[22/1020] Processing property 20516299...
2026-01-21 02:18:51,222 - INFO - Waiting 12.1 seconds before requesting property 20516299...
2026-01-21 02:19:03,281 - INFO - Requesting property 20516299: https://www.fotocasa.es/es/comprar/obra-nueva/estepona/20516299
2026-01-21 02:19:03,723 - INFO - Property 20516299 - advertiser.phone: +34902110022
2026-01-21 02:19:03,723 - INFO - Found promotion ID: b73e58ea-fa96-4b1c-aa23-a64b44984c9b, fetching tracking phone...
2026-01-21 02:19:04,275 - WARNING - Failed to get tracking phone for b73e58ea-fa96-4b1c-aa23-a64b44984c9b: HTTP 403
2026-01-21 02:19:04,276 - INFO - Property 20516299 - publisher.phone: +34902110022
2026-01-21 02:19:04,276 - INFO - Final phone for property 20516299: +34902110022
2026-01-21 02:19:04,277 - INFO - SUCCESS: Property 20516299 - Phone: +34902110022
2026-01-21 02:19:04,282 - INFO - 
[23/1020] Processing property 20516298...
2026-01-21 02:19:04,282 - INFO - Waiting 13.3 seconds before requesting property 20516298...
2026-01-21 02:19:17,560 - INFO - Requesting property 20516298: https://www.fotocasa.es/es/comprar/obra-nueva/madrid-capital/20516298
2026-01-21 02:19:18,028 - INFO - Property 20516298 - advertiser.phone: +34902110022
2026-01-21 02:19:18,028 - INFO - Found promotion ID: 2adfd893-6281-4e8e-baed-a97583c1f7d4, fetching tracking phone...
2026-01-21 02:19:18,557 - WARNING - Failed to get tracking phone for 2adfd893-6281-4e8e-baed-a97583c1f7d4: HTTP 403
2026-01-21 02:19:18,558 - INFO - Property 20516298 - publisher.phone: +34902110022
2026-01-21 02:19:18,558 - INFO - Final phone for property 20516298: +34902110022
2026-01-21 02:19:18,559 - INFO - SUCCESS: Property 20516298 - Phone: +34902110022
2026-01-21 02:19:18,562 - INFO - 
[24/1020] Processing property 20516296...
2026-01-21 02:19:18,563 - INFO - Waiting 12.8 seconds before requesting property 20516296...
2026-01-21 02:19:31,405 - INFO - Requesting property 20516296: https://www.fotocasa.es/es/comprar/obra-nueva/rubi/20516296
2026-01-21 02:19:31,905 - INFO - Property 20516296 - advertiser.phone: +34902110022
2026-01-21 02:19:31,906 - INFO - Found promotion ID: 911d34fe-7557-4412-af5b-d5417690343f, fetching tracking phone...
2026-01-21 02:19:32,444 - WARNING - Failed to get tracking phone for 911d34fe-7557-4412-af5b-d5417690343f: HTTP 403
2026-01-21 02:19:32,445 - INFO - Property 20516296 - publisher.phone: +34902110022
2026-01-21 02:19:32,445 - INFO - Final phone for property 20516296: +34902110022
2026-01-21 02:19:32,446 - INFO - SUCCESS: Property 20516296 - Phone: +34902110022
2026-01-21 02:19:32,451 - INFO - 
[25/1020] Processing property 20516295...
2026-01-21 02:19:32,452 - INFO - Waiting 12.4 seconds before requesting property 20516295...
2026-01-21 02:19:44,819 - INFO - Requesting property 20516295: https://www.fotocasa.es/es/comprar/obra-nueva/rubi/20516295
2026-01-21 02:19:45,335 - INFO - Property 20516295 - advertiser.phone: +34902110022
2026-01-21 02:19:45,336 - INFO - Found promotion ID: 0c52b844-787e-4c18-8203-796ac5b3a579, fetching tracking phone...
2026-01-21 02:19:45,956 - WARNING - Failed to get tracking phone for 0c52b844-787e-4c18-8203-796ac5b3a579: HTTP 403
2026-01-21 02:19:45,956 - INFO - Property 20516295 - publisher.phone: +34902110022
2026-01-21 02:19:45,956 - INFO - Final phone for property 20516295: +34902110022
2026-01-21 02:19:45,956 - INFO - SUCCESS: Property 20516295 - Phone: +34902110022
2026-01-21 02:19:45,959 - INFO - 
[26/1020] Processing property 20516294...
2026-01-21 02:19:45,959 - INFO - Waiting 12.5 seconds before requesting property 20516294...
2026-01-21 02:19:58,430 - INFO - Requesting property 20516294: https://www.fotocasa.es/es/comprar/obra-nueva/madrid-capital/20516294
2026-01-21 02:19:58,853 - INFO - Property 20516294 - advertiser.phone: +34902110022
2026-01-21 02:19:58,853 - INFO - Found promotion ID: d9f7861a-2fee-40c7-873e-b5b3182594d8, fetching tracking phone...
2026-01-21 02:19:59,669 - WARNING - Failed to get tracking phone for d9f7861a-2fee-40c7-873e-b5b3182594d8: HTTP 403
2026-01-21 02:19:59,669 - INFO - Property 20516294 - publisher.phone: +34902110022
2026-01-21 02:19:59,669 - INFO - Final phone for property 20516294: +34902110022
2026-01-21 02:19:59,670 - INFO - SUCCESS: Property 20516294 - Phone: +34902110022
2026-01-21 02:19:59,673 - INFO - 
[27/1020] Processing property 20516293...
2026-01-21 02:19:59,673 - INFO - Waiting 12.9 seconds before requesting property 20516293...
2026-01-21 02:20:12,585 - INFO - Requesting property 20516293: https://www.fotocasa.es/es/comprar/obra-nueva/las-rozas-de-madrid/20516293
2026-01-21 02:20:13,017 - INFO - Property 20516293 - advertiser.phone: +34902110022
2026-01-21 02:20:13,018 - INFO - Found promotion ID: 3139800c-8d91-4e09-9434-b9f04db570f9, fetching tracking phone...
2026-01-21 02:20:13,609 - WARNING - Failed to get tracking phone for 3139800c-8d91-4e09-9434-b9f04db570f9: HTTP 403
2026-01-21 02:20:13,609 - INFO - Property 20516293 - publisher.phone: +34902110022
2026-01-21 02:20:13,609 - INFO - Final phone for property 20516293: +34902110022
2026-01-21 02:20:13,610 - INFO - SUCCESS: Property 20516293 - Phone: +34902110022
2026-01-21 02:20:13,613 - INFO - 
[28/1020] Processing property 20516291...
2026-01-21 02:20:13,613 - INFO - Waiting 12.0 seconds before requesting property 20516291...
2026-01-21 02:20:25,631 - INFO - Requesting property 20516291: https://www.fotocasa.es/es/comprar/obra-nueva/guadalajara-capital/20516291
2026-01-21 02:20:26,094 - INFO - Property 20516291 - advertiser.phone: +34902110022
2026-01-21 02:20:26,094 - INFO - Found promotion ID: d7381c22-cc85-429e-8065-020c4225c3f5, fetching tracking phone...
2026-01-21 02:20:26,528 - WARNING - Failed to get tracking phone for d7381c22-cc85-429e-8065-020c4225c3f5: HTTP 403
2026-01-21 02:20:26,528 - INFO - Property 20516291 - publisher.phone: +34902110022
2026-01-21 02:20:26,528 - INFO - Final phone for property 20516291: +34902110022
2026-01-21 02:20:26,529 - INFO - SUCCESS: Property 20516291 - Phone: +34902110022
2026-01-21 02:20:26,532 - INFO - 
[29/1020] Processing property 20516289...
2026-01-21 02:20:26,532 - INFO - Waiting 13.9 seconds before requesting property 20516289...
2026-01-21 02:20:40,463 - INFO - Requesting property 20516289: https://www.fotocasa.es/es/comprar/obra-nueva/guadalajara-capital/20516289
2026-01-21 02:20:40,954 - INFO - Property 20516289 - advertiser.phone: +34902110022
2026-01-21 02:20:40,955 - INFO - Found promotion ID: 06350195-4a72-4c01-97f2-c17081e09321, fetching tracking phone...
2026-01-21 02:20:41,400 - WARNING - Failed to get tracking phone for 06350195-4a72-4c01-97f2-c17081e09321: HTTP 403
2026-01-21 02:20:41,401 - INFO - Property 20516289 - publisher.phone: +34902110022
2026-01-21 02:20:41,401 - INFO - Final phone for property 20516289: +34902110022
2026-01-21 02:20:41,402 - INFO - SUCCESS: Property 20516289 - Phone: +34902110022
2026-01-21 02:20:41,405 - INFO - 
[30/1020] Processing property 20516288...
2026-01-21 02:20:41,405 - INFO - Waiting 12.7 seconds before requesting property 20516288...
2026-01-21 02:20:54,097 - INFO - Requesting property 20516288: https://www.fotocasa.es/es/comprar/obra-nueva/sevilla-capital/20516288
2026-01-21 02:20:54,579 - INFO - Property 20516288 - advertiser.phone: +34902110022
2026-01-21 02:20:54,579 - INFO - Found promotion ID: 9285df35-6d9b-4a1b-bb9a-31649f60c3fc, fetching tracking phone...
2026-01-21 02:20:55,122 - WARNING - Failed to get tracking phone for 9285df35-6d9b-4a1b-bb9a-31649f60c3fc: HTTP 403
2026-01-21 02:20:55,123 - INFO - Property 20516288 - publisher.phone: +34902110022
2026-01-21 02:20:55,123 - INFO - Final phone for property 20516288: +34902110022
2026-01-21 02:20:55,124 - INFO - SUCCESS: Property 20516288 - Phone: +34902110022
2026-01-21 02:20:55,127 - INFO - Progress: 30/1020 (2.9%)
2026-01-21 02:20:55,127 - INFO - Success: 30, Failed: 0
2026-01-21 02:20:55,127 - INFO - Estimated time remaining: 220.2 minutes
2026-01-21 02:20:55,127 - INFO - 
[31/1020] Processing property 20641586...
2026-01-21 02:20:55,127 - INFO - Waiting 11.8 seconds before requesting property 20641586...
2026-01-21 02:21:06,901 - INFO - Requesting property 20641586: https://www.fotocasa.es/es/comprar/obra-nueva/anoeta/20641586
2026-01-21 02:21:07,332 - INFO - Property 20641586 - advertiser.phone: 943916037
2026-01-21 02:21:07,333 - INFO - Found promotion ID: 3e2e851b-d893-4a9a-927c-b764ca80f2f6, fetching tracking phone...
2026-01-21 02:21:07,863 - WARNING - Failed to get tracking phone for 3e2e851b-d893-4a9a-927c-b764ca80f2f6: HTTP 403
2026-01-21 02:21:07,863 - INFO - Property 20641586 - publisher.phone: 943916037
2026-01-21 02:21:07,863 - INFO - Final phone for property 20641586: 943916037
2026-01-21 02:21:07,864 - INFO - SUCCESS: Property 20641586 - Phone: 943916037
2026-01-21 02:21:07,867 - INFO - 
[32/1020] Processing property 20562767...
2026-01-21 02:21:07,868 - INFO - Waiting 12.6 seconds before requesting property 20562767...
2026-01-21 02:21:20,492 - INFO - Requesting property 20562767: https://www.fotocasa.es/es/comprar/obra-nueva/moncofa/20562767
2026-01-21 02:21:20,956 - INFO - Property 20562767 - advertiser.phone: +34672657720
2026-01-21 02:21:20,956 - INFO - Found promotion ID: 415cf530-4914-4183-be45-34fa5c042db5, fetching tracking phone...
2026-01-21 02:21:21,500 - WARNING - Failed to get tracking phone for 415cf530-4914-4183-be45-34fa5c042db5: HTTP 403
2026-01-21 02:21:21,500 - INFO - Property 20562767 - publisher.phone: +34672657720
2026-01-21 02:21:21,501 - INFO - Final phone for property 20562767: +34672657720
2026-01-21 02:21:21,502 - ERROR - ERROR: Property 20562767 - 'utf-8' codec can't encode characters in position 1821-1822: surrogates not allowed
2026-01-21 02:21:21,507 - INFO - 
[33/1020] Processing property 20509178...
2026-01-21 02:21:21,508 - INFO - Waiting 10.7 seconds before requesting property 20509178...
2026-01-21 02:21:32,173 - INFO - Requesting property 20509178: https://www.fotocasa.es/es/comprar/obra-nueva/salou/20509178
2026-01-21 02:21:32,637 - INFO - Property 20509178 - advertiser.phone: 931321259
2026-01-21 02:21:32,637 - INFO - Found promotion ID: 3e864b6a-272c-4a75-9702-2969a923e1e6, fetching tracking phone...
2026-01-21 02:21:33,163 - WARNING - Failed to get tracking phone for 3e864b6a-272c-4a75-9702-2969a923e1e6: HTTP 403
2026-01-21 02:21:33,164 - INFO - Property 20509178 - publisher.phone: 931321259
2026-01-21 02:21:33,164 - INFO - Final phone for property 20509178: 931321259
2026-01-21 02:21:33,165 - INFO - SUCCESS: Property 20509178 - Phone: 931321259
2026-01-21 02:21:33,169 - INFO - 
[34/1020] Processing property 20511742...
2026-01-21 02:21:33,169 - INFO - Waiting 14.9 seconds before requesting property 20511742...
2026-01-21 02:21:48,117 - INFO - Requesting property 20511742: https://www.fotocasa.es/es/comprar/obra-nueva/sant-andreu-de-llavaneres/20511742
2026-01-21 02:21:48,585 - INFO - Property 20511742 - advertiser.phone: 930440597
2026-01-21 02:21:48,585 - INFO - Found promotion ID: 2352500a-e91d-4664-85c5-1a715dd21da4, fetching tracking phone...
2026-01-21 02:21:49,154 - WARNING - Failed to get tracking phone for 2352500a-e91d-4664-85c5-1a715dd21da4: HTTP 403
2026-01-21 02:21:49,154 - INFO - Property 20511742 - publisher.phone: 930440597
2026-01-21 02:21:49,154 - INFO - Final phone for property 20511742: 930440597
2026-01-21 02:21:49,155 - INFO - SUCCESS: Property 20511742 - Phone: 930440597
2026-01-21 02:21:49,159 - INFO - 
[35/1020] Processing property 20509463...
2026-01-21 02:21:49,160 - INFO - Waiting 13.6 seconds before requesting property 20509463...
2026-01-21 02:22:02,896 - INFO - Requesting property 20509463: https://www.fotocasa.es/es/comprar/obra-nueva/foz/20509463
2026-01-21 02:22:03,399 - INFO - Property 20509463 - advertiser.phone: 982681069
2026-01-21 02:22:03,399 - INFO - Found promotion ID: d8719ccb-0bea-4ba6-8705-71b76e4ffe6b, fetching tracking phone...
2026-01-21 02:22:03,950 - WARNING - Failed to get tracking phone for d8719ccb-0bea-4ba6-8705-71b76e4ffe6b: HTTP 403
2026-01-21 02:22:03,950 - INFO - Property 20509463 - publisher.phone: 982681069
2026-01-21 02:22:03,951 - INFO - Final phone for property 20509463: 982681069
2026-01-21 02:22:03,952 - INFO - SUCCESS: Property 20509463 - Phone: 982681069
2026-01-21 02:22:03,956 - INFO - 
[36/1020] Processing property 20538825...
2026-01-21 02:22:03,956 - INFO - Waiting 14.6 seconds before requesting property 20538825...
2026-01-21 02:22:18,596 - INFO - Requesting property 20538825: https://www.fotocasa.es/es/comprar/obra-nueva/murcia-capital/20538825
2026-01-21 02:22:19,235 - INFO - Property 20538825 - advertiser.phone: 968911907
2026-01-21 02:22:19,235 - INFO - Found promotion ID: c4ad212b-fffa-41c3-9b4b-eb4b51537f88, fetching tracking phone...
2026-01-21 02:22:19,740 - WARNING - Failed to get tracking phone for c4ad212b-fffa-41c3-9b4b-eb4b51537f88: HTTP 403
2026-01-21 02:22:19,740 - INFO - Property 20538825 - publisher.phone: 968911907
2026-01-21 02:22:19,741 - INFO - Final phone for property 20538825: 968911907
2026-01-21 02:22:19,743 - INFO - SUCCESS: Property 20538825 - Phone: 968911907
2026-01-21 02:22:19,790 - INFO - 
[37/1020] Processing property 20582905...
2026-01-21 02:22:19,795 - INFO - Waiting 10.8 seconds before requesting property 20582905...
2026-01-21 02:22:30,644 - INFO - Requesting property 20582905: https://www.fotocasa.es/es/comprar/obra-nueva/santpedor/20582905
2026-01-21 02:22:31,319 - INFO - Property 20582905 - advertiser.phone: 930442573
2026-01-21 02:22:31,320 - INFO - Found promotion ID: 672c1029-b995-4309-a2b7-7c7679231bbf, fetching tracking phone...
2026-01-21 02:22:31,912 - WARNING - Failed to get tracking phone for 672c1029-b995-4309-a2b7-7c7679231bbf: HTTP 403
2026-01-21 02:22:31,913 - INFO - Property 20582905 - publisher.phone: 930442573
2026-01-21 02:22:31,913 - INFO - Final phone for property 20582905: 930442573
2026-01-21 02:22:31,915 - INFO - SUCCESS: Property 20582905 - Phone: 930442573
2026-01-21 02:22:31,919 - INFO - 
[38/1020] Processing property 20643452...
2026-01-21 02:22:31,919 - INFO - Waiting 11.2 seconds before requesting property 20643452...
2026-01-21 02:22:43,107 - INFO - Requesting property 20643452: https://www.fotocasa.es/es/comprar/obra-nueva/valencia-capital/20643452
2026-01-21 02:22:43,549 - INFO - Property 20643452 - advertiser.phone: 954201803
2026-01-21 02:22:43,549 - INFO - Found promotion ID: de195780-0b14-4862-9921-2a46b3b27f6b, fetching tracking phone...
2026-01-21 02:22:44,100 - WARNING - Failed to get tracking phone for de195780-0b14-4862-9921-2a46b3b27f6b: HTTP 403
2026-01-21 02:22:44,101 - INFO - Property 20643452 - publisher.phone: 954201803
2026-01-21 02:22:44,101 - INFO - Final phone for property 20643452: 954201803
2026-01-21 02:22:44,102 - INFO - SUCCESS: Property 20643452 - Phone: 954201803
2026-01-21 02:22:44,105 - INFO - 
[39/1020] Processing property 20518899...
2026-01-21 02:22:44,105 - INFO - Waiting 10.4 seconds before requesting property 20518899...
2026-01-21 02:22:54,479 - INFO - Requesting property 20518899: https://www.fotocasa.es/es/comprar/obra-nueva/bormujos/20518899
2026-01-21 02:22:54,994 - INFO - Property 20518899 - advertiser.phone: 954201627
2026-01-21 02:22:54,994 - INFO - Found promotion ID: d54d0e17-3f51-4519-9951-11c40c29d33d, fetching tracking phone...
2026-01-21 02:22:55,568 - WARNING - Failed to get tracking phone for d54d0e17-3f51-4519-9951-11c40c29d33d: HTTP 403
2026-01-21 02:22:55,568 - INFO - Property 20518899 - publisher.phone: 954201627
2026-01-21 02:22:55,568 - INFO - Final phone for property 20518899: 954201627
2026-01-21 02:22:55,569 - INFO - SUCCESS: Property 20518899 - Phone: 954201627
2026-01-21 02:22:55,572 - INFO - 
[40/1020] Processing property 20518867...
2026-01-21 02:22:55,574 - INFO - Waiting 14.3 seconds before requesting property 20518867...
2026-01-21 02:23:09,924 - INFO - Requesting property 20518867: https://www.fotocasa.es/es/comprar/obra-nueva/dos-hermanas/20518867
2026-01-21 02:23:10,414 - INFO - Property 20518867 - advertiser.phone: 954201623
2026-01-21 02:23:10,415 - INFO - Found promotion ID: 07e596f5-598c-4838-b284-53a415df8c4d, fetching tracking phone...
2026-01-21 02:23:10,866 - WARNING - Failed to get tracking phone for 07e596f5-598c-4838-b284-53a415df8c4d: HTTP 403
2026-01-21 02:23:10,866 - INFO - Property 20518867 - publisher.phone: 954201623
2026-01-21 02:23:10,866 - INFO - Final phone for property 20518867: 954201623
2026-01-21 02:23:10,867 - INFO - SUCCESS: Property 20518867 - Phone: 954201623
2026-01-21 02:23:10,870 - INFO - Progress: 40/1020 (3.9%)
2026-01-21 02:23:10,870 - INFO - Success: 39, Failed: 1
2026-01-21 02:23:10,871 - INFO - Estimated time remaining: 218.9 minutes
2026-01-21 02:23:10,871 - INFO - 
[41/1020] Processing property 20633521...
2026-01-21 02:23:10,871 - INFO - Waiting 11.6 seconds before requesting property 20633521...
2026-01-21 02:23:22,435 - INFO - Requesting property 20633521: https://www.fotocasa.es/es/comprar/obra-nueva/cadiz-capital/20633521
2026-01-21 02:23:22,977 - INFO - Property 20633521 - advertiser.phone: 956910139
2026-01-21 02:23:22,977 - INFO - Found promotion ID: d313908b-0cb5-40ef-8b2a-ae89eb229095, fetching tracking phone...
2026-01-21 02:23:23,472 - WARNING - Failed to get tracking phone for d313908b-0cb5-40ef-8b2a-ae89eb229095: HTTP 403
2026-01-21 02:23:23,473 - INFO - Property 20633521 - publisher.phone: 956910139
2026-01-21 02:23:23,473 - INFO - Final phone for property 20633521: 956910139
2026-01-21 02:23:23,475 - INFO - SUCCESS: Property 20633521 - Phone: 956910139
2026-01-21 02:23:23,479 - INFO - 
[42/1020] Processing property 20631529...
2026-01-21 02:23:23,480 - INFO - Waiting 14.7 seconds before requesting property 20631529...
2026-01-21 02:23:38,166 - INFO - Requesting property 20631529: https://www.fotocasa.es/es/comprar/obra-nueva/alcala-de-henares/20631529
2026-01-21 02:23:38,613 - INFO - Property 20631529 - advertiser.phone: 930442286
2026-01-21 02:23:38,613 - INFO - Found promotion ID: 61753c3a-c0bf-4f59-87df-a748dbbb4218, fetching tracking phone...
2026-01-21 02:23:39,038 - WARNING - Failed to get tracking phone for 61753c3a-c0bf-4f59-87df-a748dbbb4218: HTTP 403
2026-01-21 02:23:39,039 - INFO - Property 20631529 - publisher.phone: 930442286
2026-01-21 02:23:39,039 - INFO - Final phone for property 20631529: 930442286
2026-01-21 02:23:39,040 - INFO - SUCCESS: Property 20631529 - Phone: 930442286
2026-01-21 02:23:39,042 - INFO - 
[43/1020] Processing property 20610904...
2026-01-21 02:23:39,042 - INFO - Waiting 14.8 seconds before requesting property 20610904...
2026-01-21 02:23:53,834 - INFO - Requesting property 20610904: https://www.fotocasa.es/es/comprar/obra-nueva/l-hospitalet-de-llobregat/20610904
2026-01-21 02:23:54,324 - INFO - Property 20610904 - advertiser.phone: 930442286
2026-01-21 02:23:54,324 - INFO - Found promotion ID: f1857707-06a7-49de-87e7-fe377ed6290c, fetching tracking phone...
2026-01-21 02:23:54,870 - WARNING - Failed to get tracking phone for f1857707-06a7-49de-87e7-fe377ed6290c: HTTP 403
2026-01-21 02:23:54,870 - INFO - Property 20610904 - publisher.phone: 930442286
2026-01-21 02:23:54,870 - INFO - Final phone for property 20610904: 930442286
2026-01-21 02:23:54,871 - INFO - SUCCESS: Property 20610904 - Phone: 930442286
2026-01-21 02:23:54,874 - INFO - 
[44/1020] Processing property 20532950...
2026-01-21 02:23:54,875 - INFO - Waiting 12.6 seconds before requesting property 20532950...
2026-01-21 02:24:07,475 - INFO - Requesting property 20532950: https://www.fotocasa.es/es/comprar/obra-nueva/badalona/20532950
2026-01-21 02:24:07,897 - INFO - Property 20532950 - advertiser.phone: 930442286
2026-01-21 02:24:07,897 - INFO - Found promotion ID: f7a587f5-0915-4e02-9f7e-520e241b3751, fetching tracking phone...
2026-01-21 02:24:08,425 - WARNING - Failed to get tracking phone for f7a587f5-0915-4e02-9f7e-520e241b3751: HTTP 403
2026-01-21 02:24:08,425 - INFO - Property 20532950 - publisher.phone: 930442286
2026-01-21 02:24:08,426 - INFO - Final phone for property 20532950: 930442286
2026-01-21 02:24:08,427 - INFO - SUCCESS: Property 20532950 - Phone: 930442286
2026-01-21 02:24:08,429 - INFO - 
[45/1020] Processing property 20603582...
2026-01-21 02:24:08,430 - INFO - Waiting 14.2 seconds before requesting property 20603582...
2026-01-21 02:24:22,597 - INFO - Requesting property 20603582: https://www.fotocasa.es/es/comprar/obra-nueva/calafell/20603582
2026-01-21 02:24:23,227 - INFO - Property 20603582 - advertiser.phone: 977937361
2026-01-21 02:24:23,228 - INFO - Found promotion ID: 2645c3f4-efdc-4c93-b37b-2fd02d32397d, fetching tracking phone...
2026-01-21 02:24:23,709 - WARNING - Failed to get tracking phone for 2645c3f4-efdc-4c93-b37b-2fd02d32397d: HTTP 403
2026-01-21 02:24:23,709 - INFO - Property 20603582 - publisher.phone: 977937361
2026-01-21 02:24:23,709 - INFO - Final phone for property 20603582: 977937361
2026-01-21 02:24:23,710 - INFO - SUCCESS: Property 20603582 - Phone: 977937361
2026-01-21 02:24:23,713 - INFO - 
[46/1020] Processing property 20531662...
2026-01-21 02:24:23,713 - INFO - Waiting 12.5 seconds before requesting property 20531662...
2026-01-21 02:24:36,206 - INFO - Requesting property 20531662: https://www.fotocasa.es/es/comprar/obra-nueva/barcelona-capital/20531662
2026-01-21 02:24:36,663 - INFO - Property 20531662 - advertiser.phone: 930441839
2026-01-21 02:24:36,663 - INFO - Found promotion ID: bbff9020-1d4b-4867-bde7-44ab4572e4ef, fetching tracking phone...
2026-01-21 02:24:37,091 - WARNING - Failed to get tracking phone for bbff9020-1d4b-4867-bde7-44ab4572e4ef: HTTP 403
2026-01-21 02:24:37,092 - INFO - Property 20531662 - publisher.phone: 930441839
2026-01-21 02:24:37,092 - INFO - Final phone for property 20531662: 930441839
2026-01-21 02:24:37,093 - INFO - SUCCESS: Property 20531662 - Phone: 930441839
2026-01-21 02:24:37,096 - INFO - 
[47/1020] Processing property 20531678...
2026-01-21 02:24:37,096 - INFO - Waiting 10.8 seconds before requesting property 20531678...
2026-01-21 02:24:47,933 - INFO - Requesting property 20531678: https://www.fotocasa.es/es/comprar/obra-nueva/begur/20531678
2026-01-21 02:24:48,357 - INFO - Property 20531678 - advertiser.phone: 930441839
2026-01-21 02:24:48,357 - INFO - Found promotion ID: 06eab868-5982-44e4-b885-a4389cd35f5b, fetching tracking phone...
2026-01-21 02:24:48,764 - WARNING - Failed to get tracking phone for 06eab868-5982-44e4-b885-a4389cd35f5b: HTTP 403
2026-01-21 02:24:48,765 - INFO - Property 20531678 - publisher.phone: 930441839
2026-01-21 02:24:48,765 - INFO - Final phone for property 20531678: 930441839
2026-01-21 02:24:48,766 - INFO - SUCCESS: Property 20531678 - Phone: 930441839
2026-01-21 02:24:48,770 - INFO - 
[48/1020] Processing property 20534662...
2026-01-21 02:24:48,771 - INFO - Waiting 11.8 seconds before requesting property 20534662...
2026-01-21 02:25:00,594 - INFO - Requesting property 20534662: https://www.fotocasa.es/es/comprar/obra-nueva/barcelona-capital/20534662
2026-01-21 02:25:01,148 - INFO - Property 20534662 - advertiser.phone: 930441839
2026-01-21 02:25:01,148 - INFO - Found promotion ID: c11297dd-d899-44fd-8613-4d4ba50ec6df, fetching tracking phone...
2026-01-21 02:25:01,676 - WARNING - Failed to get tracking phone for c11297dd-d899-44fd-8613-4d4ba50ec6df: HTTP 403
2026-01-21 02:25:01,676 - INFO - Property 20534662 - publisher.phone: 930441839
2026-01-21 02:25:01,677 - INFO - Final phone for property 20534662: 930441839
2026-01-21 02:25:01,678 - INFO - SUCCESS: Property 20534662 - Phone: 930441839
2026-01-21 02:25:01,681 - INFO - 
[49/1020] Processing property 20560517...
2026-01-21 02:25:01,681 - INFO - Waiting 13.8 seconds before requesting property 20560517...
2026-01-21 02:25:15,521 - INFO - Requesting property 20560517: https://www.fotocasa.es/es/comprar/obra-nueva/l-hospitalet-de-llobregat/20560517
2026-01-21 02:25:16,020 - INFO - Property 20560517 - advertiser.phone: 930441839
2026-01-21 02:25:16,020 - INFO - Found promotion ID: 0ea43fc5-2d89-4645-9815-10bb915dd4ef, fetching tracking phone...
2026-01-21 02:25:16,670 - WARNING - Failed to get tracking phone for 0ea43fc5-2d89-4645-9815-10bb915dd4ef: HTTP 403
2026-01-21 02:25:16,670 - INFO - Property 20560517 - publisher.phone: 930441839
2026-01-21 02:25:16,670 - INFO - Final phone for property 20560517: 930441839
2026-01-21 02:25:16,672 - INFO - SUCCESS: Property 20560517 - Phone: 930441839
2026-01-21 02:25:16,675 - INFO - 
[50/1020] Processing property 20531695...
2026-01-21 02:25:16,675 - INFO - Waiting 14.4 seconds before requesting property 20531695...
2026-01-21 02:25:31,098 - INFO - Requesting property 20531695: https://www.fotocasa.es/es/comprar/obra-nueva/gualta/20531695
2026-01-21 02:25:31,616 - INFO - Property 20531695 - advertiser.phone: 930441839
2026-01-21 02:25:31,616 - INFO - Found promotion ID: c50209e2-5415-4d67-b9fb-76e628a6e60d, fetching tracking phone...
2026-01-21 02:25:31,999 - WARNING - Failed to get tracking phone for c50209e2-5415-4d67-b9fb-76e628a6e60d: HTTP 403
2026-01-21 02:25:32,000 - INFO - Property 20531695 - publisher.phone: 930441839
2026-01-21 02:25:32,000 - INFO - Final phone for property 20531695: 930441839
2026-01-21 02:25:32,001 - INFO - SUCCESS: Property 20531695 - Phone: 930441839
2026-01-21 02:25:32,004 - INFO - Progress: 50/1020 (4.9%)
2026-01-21 02:25:32,004 - INFO - Success: 49, Failed: 1
2026-01-21 02:25:32,004 - INFO - Estimated time remaining: 219.0 minutes
2026-01-21 02:25:32,005 - INFO - 
[51/1020] Processing property 20604333...
2026-01-21 02:25:32,005 - INFO - Waiting 14.6 seconds before requesting property 20604333...
2026-01-21 02:25:46,571 - INFO - Requesting property 20604333: https://www.fotocasa.es/es/comprar/obra-nueva/barcelona-capital/20604333
2026-01-21 02:25:47,043 - INFO - Property 20604333 - advertiser.phone: 932755759
2026-01-21 02:25:47,044 - INFO - Found promotion ID: e4ec8b3c-f1d8-4c8e-afcb-4c67bacca2cb, fetching tracking phone...
2026-01-21 02:25:47,614 - WARNING - Failed to get tracking phone for e4ec8b3c-f1d8-4c8e-afcb-4c67bacca2cb: HTTP 403
2026-01-21 02:25:47,615 - INFO - Property 20604333 - publisher.phone: 932755759
2026-01-21 02:25:47,615 - INFO - Final phone for property 20604333: 932755759
2026-01-21 02:25:47,616 - INFO - SUCCESS: Property 20604333 - Phone: 932755759
2026-01-21 02:25:47,619 - INFO - 
[52/1020] Processing property 20613234...
2026-01-21 02:25:47,619 - INFO - Waiting 14.8 seconds before requesting property 20613234...
2026-01-21 02:26:02,449 - INFO - Requesting property 20613234: https://www.fotocasa.es/es/comprar/obra-nueva/sant-cugat-del-valles/20613234
2026-01-21 02:26:02,878 - INFO - Property 20613234 - advertiser.phone: 932755759
2026-01-21 02:26:02,879 - INFO - Found promotion ID: 0715c8ee-24f1-490b-a944-a76531184a8c, fetching tracking phone...
2026-01-21 02:26:03,324 - WARNING - Failed to get tracking phone for 0715c8ee-24f1-490b-a944-a76531184a8c: HTTP 403
2026-01-21 02:26:03,324 - INFO - Property 20613234 - publisher.phone: 932755759
2026-01-21 02:26:03,325 - INFO - Final phone for property 20613234: 932755759
2026-01-21 02:26:03,327 - INFO - SUCCESS: Property 20613234 - Phone: 932755759
2026-01-21 02:26:03,331 - INFO - 
[53/1020] Processing property 20531677...
2026-01-21 02:26:03,331 - INFO - Waiting 12.1 seconds before requesting property 20531677...
2026-01-21 02:26:15,451 - INFO - Requesting property 20531677: https://www.fotocasa.es/es/comprar/obra-nueva/montgat/20531677
2026-01-21 02:26:16,068 - INFO - Property 20531677 - advertiser.phone: 930441839
2026-01-21 02:26:16,068 - INFO - Found promotion ID: 633a496d-d261-4067-bffd-4ee22140a8cc, fetching tracking phone...
2026-01-21 02:26:16,511 - WARNING - Failed to get tracking phone for 633a496d-d261-4067-bffd-4ee22140a8cc: HTTP 403
2026-01-21 02:26:16,512 - INFO - Property 20531677 - publisher.phone: 930441839
2026-01-21 02:26:16,512 - INFO - Final phone for property 20531677: 930441839
2026-01-21 02:26:16,513 - INFO - SUCCESS: Property 20531677 - Phone: 930441839
2026-01-21 02:26:16,516 - INFO - 
[54/1020] Processing property 20598948...
2026-01-21 02:26:16,516 - INFO - Waiting 10.2 seconds before requesting property 20598948...
2026-01-21 02:26:26,689 - INFO - Requesting property 20598948: https://www.fotocasa.es/es/comprar/obra-nueva/alicante-alacant/20598948
2026-01-21 02:26:27,271 - INFO - Property 20598948 - advertiser.phone: 954201732
2026-01-21 02:26:27,272 - INFO - Found promotion ID: 2549d947-87e5-4de4-96b3-6e2a53c607e9, fetching tracking phone...
2026-01-21 02:26:27,844 - WARNING - Failed to get tracking phone for 2549d947-87e5-4de4-96b3-6e2a53c607e9: HTTP 403
2026-01-21 02:26:27,845 - INFO - Property 20598948 - publisher.phone: 954201732
2026-01-21 02:26:27,845 - INFO - Final phone for property 20598948: 954201732
2026-01-21 02:26:27,846 - INFO - SUCCESS: Property 20598948 - Phone: 954201732
2026-01-21 02:26:27,849 - INFO - 
[55/1020] Processing property 20509179...
2026-01-21 02:26:27,850 - INFO - Waiting 13.2 seconds before requesting property 20509179...
2026-01-21 02:26:41,059 - INFO - Requesting property 20509179: https://www.fotocasa.es/es/comprar/obra-nueva/vilafranca-del-penedes/20509179
2026-01-21 02:26:41,487 - INFO - Property 20509179 - advertiser.phone: 931321259
2026-01-21 02:26:41,488 - INFO - Found promotion ID: 0e5a43e4-39e9-40d6-b682-be05e314f8ea, fetching tracking phone...
2026-01-21 02:26:42,000 - WARNING - Failed to get tracking phone for 0e5a43e4-39e9-40d6-b682-be05e314f8ea: HTTP 403
2026-01-21 02:26:42,000 - INFO - Property 20509179 - publisher.phone: 931321259
2026-01-21 02:26:42,000 - INFO - Final phone for property 20509179: 931321259
2026-01-21 02:26:42,001 - INFO - SUCCESS: Property 20509179 - Phone: 931321259
2026-01-21 02:26:42,004 - INFO - 
[56/1020] Processing property 20642863...
2026-01-21 02:26:42,005 - INFO - Waiting 11.4 seconds before requesting property 20642863...
2026-01-21 02:26:53,366 - INFO - Requesting property 20642863: https://www.fotocasa.es/es/comprar/obra-nueva/armilla/20642863
2026-01-21 02:26:53,884 - INFO - Property 20642863 - advertiser.phone: 958916936
2026-01-21 02:26:53,884 - INFO - Found promotion ID: cb560310-289b-4b04-9053-520181259718, fetching tracking phone...
2026-01-21 02:26:54,413 - WARNING - Failed to get tracking phone for cb560310-289b-4b04-9053-520181259718: HTTP 403
2026-01-21 02:26:54,414 - INFO - Property 20642863 - publisher.phone: 958916936
2026-01-21 02:26:54,414 - INFO - Final phone for property 20642863: 958916936
2026-01-21 02:26:54,416 - INFO - SUCCESS: Property 20642863 - Phone: 958916936
2026-01-21 02:26:54,419 - INFO - 
[57/1020] Processing property 20559633...
2026-01-21 02:26:54,419 - INFO - Waiting 14.9 seconds before requesting property 20559633...
2026-01-21 02:27:09,342 - INFO - Requesting property 20559633: https://www.fotocasa.es/es/comprar/obra-nueva/cuevas-del-almanzora/20559633
2026-01-21 02:27:09,822 - INFO - Property 20559633 - advertiser.phone: 965093542
2026-01-21 02:27:09,823 - INFO - Found promotion ID: 6471d590-2241-4b79-b963-abb3c7a50e2e, fetching tracking phone...
2026-01-21 02:27:10,355 - WARNING - Failed to get tracking phone for 6471d590-2241-4b79-b963-abb3c7a50e2e: HTTP 403
2026-01-21 02:27:10,355 - INFO - Property 20559633 - publisher.phone: 965093542
2026-01-21 02:27:10,355 - INFO - Final phone for property 20559633: 965093542
2026-01-21 02:27:10,357 - INFO - SUCCESS: Property 20559633 - Phone: 965093542
2026-01-21 02:27:10,360 - INFO - 
[58/1020] Processing property 20509580...
2026-01-21 02:27:10,361 - INFO - Waiting 10.8 seconds before requesting property 20509580...
2026-01-21 02:27:21,115 - INFO - Requesting property 20509580: https://www.fotocasa.es/es/comprar/obra-nueva/alcazar-de-san-juan/20509580
2026-01-21 02:27:21,586 - INFO - Property 20509580 - advertiser.phone: 926280635
2026-01-21 02:27:21,586 - INFO - Found promotion ID: 7e1ceb98-2964-48f2-9f2b-52b3f74a7d5e, fetching tracking phone...
2026-01-21 02:27:21,910 - WARNING - Failed to get tracking phone for 7e1ceb98-2964-48f2-9f2b-52b3f74a7d5e: HTTP 403
2026-01-21 02:27:21,910 - INFO - Property 20509580 - publisher.phone: 926280635
2026-01-21 02:27:21,910 - INFO - Final phone for property 20509580: 926280635
2026-01-21 02:27:21,912 - INFO - SUCCESS: Property 20509580 - Phone: 926280635
2026-01-21 02:27:21,916 - INFO - 
[59/1020] Processing property 20642069...
2026-01-21 02:27:21,916 - INFO - Waiting 11.9 seconds before requesting property 20642069...
2026-01-21 02:27:33,820 - INFO - Requesting property 20642069: https://www.fotocasa.es/es/comprar/obra-nueva/sant-feliu-de-llobregat/20642069
2026-01-21 02:27:34,326 - INFO - Property 20642069 - advertiser.phone: +34936669011
2026-01-21 02:27:34,326 - INFO - Found promotion ID: 9ce003ef-c1ec-4c12-940c-7e331671e1f5, fetching tracking phone...
2026-01-21 02:27:34,898 - WARNING - Failed to get tracking phone for 9ce003ef-c1ec-4c12-940c-7e331671e1f5: HTTP 403
2026-01-21 02:27:35,050 - INFO - Property 20642069 - publisher.phone: +34936669011
2026-01-21 02:27:35,050 - INFO - Final phone for property 20642069: +34936669011
2026-01-21 02:27:35,051 - INFO - SUCCESS: Property 20642069 - Phone: +34936669011
2026-01-21 02:27:35,055 - INFO - 
[60/1020] Processing property 20622783...
2026-01-21 02:27:35,055 - INFO - Waiting 10.5 seconds before requesting property 20622783...
2026-01-21 02:27:45,539 - INFO - Requesting property 20622783: https://www.fotocasa.es/es/comprar/obra-nueva/roquetas-de-mar/20622783
2026-01-21 02:27:46,057 - INFO - Property 20622783 - advertiser.phone: +34686991344
2026-01-21 02:27:46,058 - INFO - Found promotion ID: af36481d-5cfa-4ec6-9ab0-264c0c2ed66d, fetching tracking phone...
2026-01-21 02:27:46,534 - WARNING - Failed to get tracking phone for af36481d-5cfa-4ec6-9ab0-264c0c2ed66d: HTTP 403
2026-01-21 02:27:46,534 - INFO - Property 20622783 - publisher.phone: +34686991344
2026-01-21 02:27:46,535 - INFO - Final phone for property 20622783: +34686991344
2026-01-21 02:27:46,536 - INFO - SUCCESS: Property 20622783 - Phone: +34686991344
2026-01-21 02:27:46,539 - INFO - Progress: 60/1020 (5.9%)
2026-01-21 02:27:46,539 - INFO - Success: 59, Failed: 1
2026-01-21 02:27:46,540 - INFO - Estimated time remaining: 216.5 minutes
2026-01-21 02:27:46,540 - INFO - 
[61/1020] Processing property 20642827...
2026-01-21 02:27:46,540 - INFO - Waiting 11.6 seconds before requesting property 20642827...
2026-01-21 02:27:58,181 - INFO - Requesting property 20642827: https://www.fotocasa.es/es/comprar/obra-nueva/girona-capital/20642827
2026-01-21 02:27:58,615 - INFO - Property 20642827 - advertiser.phone: 972084521
2026-01-21 02:27:58,616 - INFO - Found promotion ID: 64f043af-626d-447f-a2da-020aed0031c6, fetching tracking phone...
2026-01-21 02:27:59,029 - WARNING - Failed to get tracking phone for 64f043af-626d-447f-a2da-020aed0031c6: HTTP 403
2026-01-21 02:27:59,029 - INFO - Property 20642827 - publisher.phone: 972084521
2026-01-21 02:27:59,029 - INFO - Final phone for property 20642827: 972084521
2026-01-21 02:27:59,030 - INFO - SUCCESS: Property 20642827 - Phone: 972084521
2026-01-21 02:27:59,034 - INFO - 
[62/1020] Processing property 20642824...
2026-01-21 02:27:59,034 - INFO - Waiting 14.3 seconds before requesting property 20642824...
2026-01-21 02:28:13,344 - INFO - Requesting property 20642824: https://www.fotocasa.es/es/comprar/obra-nueva/sesena/20642824
2026-01-21 02:28:13,901 - INFO - Property 20642824 - advertiser.phone: 910751498
2026-01-21 02:28:13,902 - INFO - Found promotion ID: 0d957194-90cc-4f73-97bf-2aaf09368613, fetching tracking phone...
2026-01-21 02:28:14,410 - WARNING - Failed to get tracking phone for 0d957194-90cc-4f73-97bf-2aaf09368613: HTTP 403
2026-01-21 02:28:14,410 - INFO - Property 20642824 - publisher.phone: 910751498
2026-01-21 02:28:14,410 - INFO - Final phone for property 20642824: 910751498
2026-01-21 02:28:14,411 - INFO - SUCCESS: Property 20642824 - Phone: 910751498
2026-01-21 02:28:14,414 - INFO - 
[63/1020] Processing property 20564663...
2026-01-21 02:28:14,414 - INFO - Waiting 10.6 seconds before requesting property 20564663...
2026-01-21 02:28:24,968 - INFO - Requesting property 20564663: https://www.fotocasa.es/es/comprar/obra-nueva/rubi/20564663
2026-01-21 02:28:25,420 - INFO - Property 20564663 - advertiser.phone: 930443725
2026-01-21 02:28:25,421 - INFO - Found promotion ID: e3889904-878d-4af1-ae40-61fe74beab14, fetching tracking phone...
2026-01-21 02:28:25,979 - WARNING - Failed to get tracking phone for e3889904-878d-4af1-ae40-61fe74beab14: HTTP 403
2026-01-21 02:28:25,979 - INFO - Property 20564663 - publisher.phone: 930443725
2026-01-21 02:28:25,979 - INFO - Final phone for property 20564663: 930443725
2026-01-21 02:28:25,981 - INFO - SUCCESS: Property 20564663 - Phone: 930443725
2026-01-21 02:28:25,985 - INFO - 
[64/1020] Processing property 20611191...
2026-01-21 02:28:25,985 - INFO - Waiting 11.9 seconds before requesting property 20611191...
2026-01-21 02:28:37,896 - INFO - Requesting property 20611191: https://www.fotocasa.es/es/comprar/obra-nueva/la-roca-del-valles/20611191
2026-01-21 02:28:38,479 - INFO - Property 20611191 - advertiser.phone: 910752063
2026-01-21 02:28:38,481 - INFO - Found promotion ID: e909d9a1-e161-4a20-aa45-c29f8adf714f, fetching tracking phone...
2026-01-21 02:28:38,982 - WARNING - Failed to get tracking phone for e909d9a1-e161-4a20-aa45-c29f8adf714f: HTTP 403
2026-01-21 02:28:38,982 - INFO - Property 20611191 - publisher.phone: 910752063
2026-01-21 02:28:38,983 - INFO - Final phone for property 20611191: 910752063
2026-01-21 02:28:38,984 - INFO - SUCCESS: Property 20611191 - Phone: 910752063
2026-01-21 02:28:38,989 - INFO - 
[65/1020] Processing property 20560520...
2026-01-21 02:28:38,989 - INFO - Waiting 11.7 seconds before requesting property 20560520...
2026-01-21 02:28:50,651 - INFO - Requesting property 20560520: https://www.fotocasa.es/es/comprar/obra-nueva/girona-capital/20560520
2026-01-21 02:28:51,107 - INFO - Property 20560520 - advertiser.phone: 954201803
2026-01-21 02:28:51,107 - INFO - Found promotion ID: c2a528da-3841-4dc2-8948-b9003667a0b9, fetching tracking phone...
2026-01-21 02:28:51,672 - WARNING - Failed to get tracking phone for c2a528da-3841-4dc2-8948-b9003667a0b9: HTTP 403
2026-01-21 02:28:51,672 - INFO - Property 20560520 - publisher.phone: 954201803
2026-01-21 02:28:51,672 - INFO - Final phone for property 20560520: 954201803
2026-01-21 02:28:51,674 - INFO - SUCCESS: Property 20560520 - Phone: 954201803
2026-01-21 02:28:51,676 - INFO - 
[66/1020] Processing property 20608877...
2026-01-21 02:28:51,677 - INFO - Waiting 13.5 seconds before requesting property 20608877...
2026-01-21 02:29:05,160 - INFO - Requesting property 20608877: https://www.fotocasa.es/es/comprar/obra-nueva/navalcarnero/20608877
2026-01-21 02:29:06,680 - INFO - Property 20608877 - advertiser.phone: 910754062
2026-01-21 02:29:06,872 - INFO - Found promotion ID: ae618877-bb5a-4355-a9cb-d80fc90cfced, fetching tracking phone...
2026-01-21 02:29:07,611 - WARNING - Failed to get tracking phone for ae618877-bb5a-4355-a9cb-d80fc90cfced: HTTP 403
2026-01-21 02:29:07,634 - INFO - Property 20608877 - publisher.phone: 910754062
2026-01-21 02:29:07,691 - INFO - Final phone for property 20608877: 910754062
2026-01-21 02:29:07,719 - INFO - SUCCESS: Property 20608877 - Phone: 910754062
2026-01-21 02:29:07,730 - INFO - 
[67/1020] Processing property 20507488...
2026-01-21 02:29:07,801 - INFO - Waiting 13.0 seconds before requesting property 20507488...
2026-01-21 02:29:20,879 - INFO - Requesting property 20507488: https://www.fotocasa.es/es/comprar/obra-nueva/palma-de-mallorca/20507488
2026-01-21 02:29:21,418 - INFO - Property 20507488 - advertiser.phone: 971082704
2026-01-21 02:29:21,418 - INFO - Found promotion ID: 42a73e4a-2bdc-4a9f-aada-80a9b8233f1f, fetching tracking phone...
2026-01-21 02:29:21,875 - WARNING - Failed to get tracking phone for 42a73e4a-2bdc-4a9f-aada-80a9b8233f1f: HTTP 403
2026-01-21 02:29:21,875 - INFO - Property 20507488 - publisher.phone: 971082704
2026-01-21 02:29:21,876 - INFO - Final phone for property 20507488: 971082704
2026-01-21 02:29:21,878 - INFO - SUCCESS: Property 20507488 - Phone: 971082704
2026-01-21 02:29:21,882 - INFO - 
[68/1020] Processing property 20525114...
2026-01-21 02:29:21,883 - INFO - Waiting 12.7 seconds before requesting property 20525114...
2026-01-21 02:29:34,590 - INFO - Requesting property 20525114: https://www.fotocasa.es/es/comprar/obra-nueva/la-alcaidesa/20525114
2026-01-21 02:29:35,215 - INFO - Property 20525114 - advertiser.phone: 954201732
2026-01-21 02:29:35,249 - INFO - Found promotion ID: 82a72dec-5f38-43f8-89dc-e24158896be2, fetching tracking phone...
2026-01-21 02:29:35,709 - WARNING - Failed to get tracking phone for 82a72dec-5f38-43f8-89dc-e24158896be2: HTTP 403
2026-01-21 02:29:35,717 - INFO - Property 20525114 - publisher.phone: 954201732
2026-01-21 02:29:35,728 - INFO - Final phone for property 20525114: 954201732
2026-01-21 02:29:35,732 - INFO - SUCCESS: Property 20525114 - Phone: 954201732
2026-01-21 02:29:35,742 - INFO - 
[69/1020] Processing property 20595861...
2026-01-21 02:29:35,742 - INFO - Waiting 12.2 seconds before requesting property 20595861...
2026-01-21 02:29:47,946 - INFO - Requesting property 20595861: https://www.fotocasa.es/es/comprar/obra-nueva/valencia-capital/20595861
2026-01-21 02:29:48,720 - INFO - Property 20595861 - advertiser.phone: 954201732
2026-01-21 02:29:48,724 - INFO - Found promotion ID: dc06a7f9-d1fc-46fc-8597-4f24d3765df8, fetching tracking phone...
2026-01-21 02:29:49,501 - WARNING - Failed to get tracking phone for dc06a7f9-d1fc-46fc-8597-4f24d3765df8: HTTP 403
2026-01-21 02:29:49,501 - INFO - Property 20595861 - publisher.phone: 954201732
2026-01-21 02:29:49,502 - INFO - Final phone for property 20595861: 954201732
2026-01-21 02:29:49,503 - INFO - SUCCESS: Property 20595861 - Phone: 954201732
2026-01-21 02:29:49,506 - INFO - 
[70/1020] Processing property 20593232...
2026-01-21 02:29:49,507 - INFO - Waiting 10.5 seconds before requesting property 20593232...
2026-01-21 02:30:00,041 - INFO - Requesting property 20593232: https://www.fotocasa.es/es/comprar/obra-nueva/palma-de-mallorca/20593232
2026-01-21 02:30:00,468 - INFO - Property 20593232 - advertiser.phone: 954201732
2026-01-21 02:30:00,469 - INFO - Found promotion ID: fb92e5be-5537-4432-926b-e2065b413bc3, fetching tracking phone...
2026-01-21 02:30:01,142 - WARNING - Failed to get tracking phone for fb92e5be-5537-4432-926b-e2065b413bc3: HTTP 403
2026-01-21 02:30:01,142 - INFO - Property 20593232 - publisher.phone: 954201732
2026-01-21 02:30:01,142 - INFO - Final phone for property 20593232: 954201732
2026-01-21 02:30:01,144 - INFO - SUCCESS: Property 20593232 - Phone: 954201732
2026-01-21 02:30:01,147 - INFO - Progress: 70/1020 (6.9%)
2026-01-21 02:30:01,147 - INFO - Success: 69, Failed: 1
2026-01-21 02:30:01,147 - INFO - Estimated time remaining: 214.1 minutes
2026-01-21 02:30:01,148 - INFO - 
[71/1020] Processing property 20525094...
2026-01-21 02:30:01,149 - INFO - Waiting 10.7 seconds before requesting property 20525094...
2026-01-21 02:30:11,838 - INFO - Requesting property 20525094: https://www.fotocasa.es/es/comprar/obra-nueva/terrassa/20525094
2026-01-21 02:30:12,356 - INFO - Property 20525094 - advertiser.phone: 954201732
2026-01-21 02:30:12,358 - INFO - Found promotion ID: 027ec5f4-eaa1-4d95-bf9b-9275af155d77, fetching tracking phone...
2026-01-21 02:30:12,919 - WARNING - Failed to get tracking phone for 027ec5f4-eaa1-4d95-bf9b-9275af155d77: HTTP 403
2026-01-21 02:30:12,920 - INFO - Property 20525094 - publisher.phone: 954201732
2026-01-21 02:30:12,920 - INFO - Final phone for property 20525094: 954201732
2026-01-21 02:30:12,921 - INFO - SUCCESS: Property 20525094 - Phone: 954201732
2026-01-21 02:30:12,925 - INFO - 
[72/1020] Processing property 20598958...
2026-01-21 02:30:12,925 - INFO - Waiting 13.6 seconds before requesting property 20598958...
2026-01-21 02:30:26,522 - INFO - Requesting property 20598958: https://www.fotocasa.es/es/comprar/obra-nueva/sevilla-capital/20598958
2026-01-21 02:30:27,014 - INFO - Property 20598958 - advertiser.phone: 954201732
2026-01-21 02:30:27,014 - INFO - Found promotion ID: 8a29c5ec-1b50-45d1-b576-1fb63496eda8, fetching tracking phone...
2026-01-21 02:30:27,542 - WARNING - Failed to get tracking phone for 8a29c5ec-1b50-45d1-b576-1fb63496eda8: HTTP 403
2026-01-21 02:30:27,543 - INFO - Property 20598958 - publisher.phone: 954201732
2026-01-21 02:30:27,543 - INFO - Final phone for property 20598958: 954201732
2026-01-21 02:30:27,544 - INFO - SUCCESS: Property 20598958 - Phone: 954201732
2026-01-21 02:30:27,547 - INFO - 
[73/1020] Processing property 20642564...
2026-01-21 02:30:27,547 - INFO - Waiting 11.2 seconds before requesting property 20642564...
2026-01-21 02:30:44,702 - INFO - Starting SAFE scraping for 1020 properties
2026-01-21 02:30:44,703 - INFO - Delay: 10-15 seconds between requests
2026-01-21 02:30:44,703 - INFO - NO PROXY - Using direct connection
2026-01-21 02:30:44,703 - INFO - Single-threaded (one at a time)
2026-01-21 02:30:44,704 - INFO - Estimated time: 212.5 minutes

2026-01-21 02:30:44,704 - INFO - 
[1/1020] Processing property 20528373...
2026-01-21 02:30:44,705 - INFO - Waiting 12.1 seconds before requesting property 20528373...
2026-01-21 02:30:56,822 - INFO - Requesting property 20528373: https://www.fotocasa.es/es/comprar/obra-nueva/begues/20528373
2026-01-21 02:30:57,271 - INFO - Property 20528373 - advertiser.phone: +34933634028
2026-01-21 02:30:57,271 - INFO - Found promotion ID: e5242b2f-af45-4ab2-9519-ac19dd88a494, fetching tracking phone...
2026-01-21 02:30:57,727 - INFO - Got tracking phone for promotion e5242b2f-af45-4ab2-9519-ac19dd88a494: +34933634028
2026-01-21 02:30:57,728 - INFO - Property 20528373 - publisher.phone: +34933634028
2026-01-21 02:30:57,728 - INFO - Final phone for property 20528373: +34933634028
2026-01-21 02:30:57,730 - INFO - SUCCESS: Property 20528373 - Phone: +34933634028
2026-01-21 02:30:57,732 - INFO - 
[2/1020] Processing property 20563916...
2026-01-21 02:30:57,733 - INFO - Waiting 14.3 seconds before requesting property 20563916...
2026-01-21 02:31:12,078 - INFO - Requesting property 20563916: https://www.fotocasa.es/es/comprar/obra-nueva/calonge-i-sant-antoni/20563916
2026-01-21 02:31:12,585 - INFO - Property 20563916 - advertiser.phone: 972085721
2026-01-21 02:31:12,585 - INFO - Found promotion ID: 7c9f9a69-4eb8-4ae2-9b09-9018658ad280, fetching tracking phone...
2026-01-21 02:31:13,155 - WARNING - Failed to get tracking phone for 7c9f9a69-4eb8-4ae2-9b09-9018658ad280: HTTP 403
2026-01-21 02:31:13,155 - INFO - Property 20563916 - publisher.phone: 972085721
2026-01-21 02:31:13,155 - INFO - Final phone for property 20563916: 972085721
2026-01-21 02:31:13,155 - INFO - SUCCESS: Property 20563916 - Phone: 972085721
2026-01-21 02:31:13,171 - INFO - 
[3/1020] Processing property 20564652...
2026-01-21 02:31:13,171 - INFO - Waiting 13.3 seconds before requesting property 20564652...
2026-01-21 02:31:26,494 - INFO - Requesting property 20564652: https://www.fotocasa.es/es/comprar/obra-nueva/rubi/20564652
2026-01-21 02:31:26,889 - INFO - Property 20564652 - advertiser.phone: 930443725
2026-01-21 02:31:26,889 - INFO - Found promotion ID: 59f19554-b1ef-4c0c-95d7-361f31d0b678, fetching tracking phone...
2026-01-21 02:31:27,596 - WARNING - Failed to get tracking phone for 59f19554-b1ef-4c0c-95d7-361f31d0b678: HTTP 403
2026-01-21 02:31:27,596 - INFO - Property 20564652 - publisher.phone: 930443725
2026-01-21 02:31:27,598 - INFO - Final phone for property 20564652: 930443725
2026-01-21 02:31:27,599 - INFO - SUCCESS: Property 20564652 - Phone: 930443725
2026-01-21 02:31:27,602 - INFO - 
[4/1020] Processing property 20562086...
2026-01-21 02:31:27,602 - INFO - Waiting 13.9 seconds before requesting property 20562086...
2026-01-21 02:31:41,526 - INFO - Requesting property 20562086: https://www.fotocasa.es/es/comprar/obra-nueva/fuenlabrada/20562086
2026-01-21 02:31:42,017 - INFO - Property 20562086 - advertiser.phone: 910752658
2026-01-21 02:31:42,017 - INFO - Found promotion ID: db4c61d1-ee71-43e3-a02c-11c26fb22cd7, fetching tracking phone...
2026-01-21 02:31:42,562 - WARNING - Failed to get tracking phone for db4c61d1-ee71-43e3-a02c-11c26fb22cd7: HTTP 403
2026-01-21 02:31:42,562 - INFO - Property 20562086 - publisher.phone: 910752658
2026-01-21 02:31:42,563 - INFO - Final phone for property 20562086: 910752658
2026-01-21 02:31:42,565 - INFO - SUCCESS: Property 20562086 - Phone: 910752658
2026-01-21 02:31:42,568 - INFO - 
[5/1020] Processing property 20541166...
2026-01-21 02:31:42,569 - INFO - Waiting 14.9 seconds before requesting property 20541166...
2026-01-21 02:31:57,517 - INFO - Requesting property 20541166: https://www.fotocasa.es/es/comprar/obra-nueva/sitges/20541166
2026-01-21 02:31:58,101 - INFO - Property 20541166 - advertiser.phone: 930442918
2026-01-21 02:31:58,101 - INFO - Found promotion ID: 88e76523-a5af-4be9-8f8d-2284a6e725a5, fetching tracking phone...
2026-01-21 02:31:58,490 - WARNING - Failed to get tracking phone for 88e76523-a5af-4be9-8f8d-2284a6e725a5: HTTP 403
2026-01-21 02:31:58,490 - INFO - Property 20541166 - publisher.phone: 930442918
2026-01-21 02:31:58,491 - INFO - Final phone for property 20541166: 930442918
2026-01-21 02:31:58,491 - INFO - SUCCESS: Property 20541166 - Phone: 930442918
2026-01-21 02:31:58,494 - INFO - 
[6/1020] Processing property 20529247...
2026-01-21 02:31:58,494 - INFO - Waiting 11.7 seconds before requesting property 20529247...
2026-01-21 02:32:10,207 - INFO - Requesting property 20529247: https://www.fotocasa.es/es/comprar/obra-nueva/eivissa/20529247
2026-01-21 02:32:10,804 - INFO - Property 20529247 - advertiser.phone: 910751209
2026-01-21 02:32:10,804 - INFO - Found promotion ID: fa2995b5-d286-40fd-9c68-8fafba8fc688, fetching tracking phone...
2026-01-21 02:32:11,391 - WARNING - Failed to get tracking phone for fa2995b5-d286-40fd-9c68-8fafba8fc688: HTTP 403
2026-01-21 02:32:11,391 - INFO - Property 20529247 - publisher.phone: 910751209
2026-01-21 02:32:11,392 - INFO - Final phone for property 20529247: 910751209
2026-01-21 02:32:11,393 - INFO - SUCCESS: Property 20529247 - Phone: 910751209
2026-01-21 02:32:11,396 - INFO - 
[7/1020] Processing property 20525105...
2026-01-21 02:32:11,396 - INFO - Waiting 13.2 seconds before requesting property 20525105...
2026-01-21 02:32:24,610 - INFO - Requesting property 20525105: https://www.fotocasa.es/es/comprar/obra-nueva/granada-capital/20525105
2026-01-21 02:32:25,136 - INFO - Property 20525105 - advertiser.phone: 954201732
2026-01-21 02:32:25,137 - INFO - Found promotion ID: 260a91a1-da13-489a-8a2a-fd9cc19348b6, fetching tracking phone...
2026-01-21 02:32:25,676 - WARNING - Failed to get tracking phone for 260a91a1-da13-489a-8a2a-fd9cc19348b6: HTTP 403
2026-01-21 02:32:25,676 - INFO - Property 20525105 - publisher.phone: 954201732
2026-01-21 02:32:25,677 - INFO - Final phone for property 20525105: 954201732
2026-01-21 02:32:25,678 - INFO - SUCCESS: Property 20525105 - Phone: 954201732
2026-01-21 02:32:25,682 - INFO - 
[8/1020] Processing property 20525140...
2026-01-21 02:32:25,682 - INFO - Waiting 10.0 seconds before requesting property 20525140...
2026-01-21 02:32:35,738 - INFO - Requesting property 20525140: https://www.fotocasa.es/es/comprar/obra-nueva/sagunto-sagunt/20525140
2026-01-21 02:32:36,162 - INFO - Property 20525140 - advertiser.phone: 954201732
2026-01-21 02:32:36,163 - INFO - Found promotion ID: a74d63b2-9a76-48da-8045-2572753bd8a8, fetching tracking phone...
2026-01-21 02:32:36,608 - WARNING - Failed to get tracking phone for a74d63b2-9a76-48da-8045-2572753bd8a8: HTTP 403
2026-01-21 02:32:36,608 - INFO - Property 20525140 - publisher.phone: 954201732
2026-01-21 02:32:36,609 - INFO - Final phone for property 20525140: 954201732
2026-01-21 02:32:36,610 - INFO - SUCCESS: Property 20525140 - Phone: 954201732
2026-01-21 02:32:36,613 - INFO - 
[9/1020] Processing property 20525087...
2026-01-21 02:32:36,614 - INFO - Waiting 10.8 seconds before requesting property 20525087...
2026-01-21 02:32:47,386 - INFO - Requesting property 20525087: https://www.fotocasa.es/es/comprar/obra-nueva/arico/20525087
2026-01-21 02:32:47,855 - INFO - Property 20525087 - advertiser.phone: 954201732
2026-01-21 02:32:47,856 - INFO - Found promotion ID: 4bef8ff8-8ecd-4acc-84e6-3c8ead0fe890, fetching tracking phone...
2026-01-21 02:32:48,419 - WARNING - Failed to get tracking phone for 4bef8ff8-8ecd-4acc-84e6-3c8ead0fe890: HTTP 403
2026-01-21 02:32:48,420 - INFO - Property 20525087 - publisher.phone: 954201732
2026-01-21 02:32:48,420 - INFO - Final phone for property 20525087: 954201732
2026-01-21 02:32:48,421 - INFO - SUCCESS: Property 20525087 - Phone: 954201732
2026-01-21 02:32:48,423 - INFO - 
[10/1020] Processing property 20567479...
2026-01-21 02:32:48,424 - INFO - Waiting 13.4 seconds before requesting property 20567479...
2026-01-21 02:33:01,807 - INFO - Requesting property 20567479: https://www.fotocasa.es/es/comprar/obra-nueva/azuqueca-de-henares/20567479
2026-01-21 02:33:02,560 - INFO - Property 20567479 - advertiser.phone: +34902110022
2026-01-21 02:33:02,560 - INFO - Found promotion ID: 1ab9109d-e0cd-42c2-8f59-d93b1d012ed2, fetching tracking phone...
2026-01-21 02:33:03,109 - WARNING - Failed to get tracking phone for 1ab9109d-e0cd-42c2-8f59-d93b1d012ed2: HTTP 403
2026-01-21 02:33:03,109 - INFO - Property 20567479 - publisher.phone: +34902110022
2026-01-21 02:33:03,110 - INFO - Final phone for property 20567479: +34902110022
2026-01-21 02:33:03,110 - INFO - SUCCESS: Property 20567479 - Phone: +34902110022
2026-01-21 02:33:03,113 - INFO - Progress: 10/1020 (1.0%)
2026-01-21 02:33:03,114 - INFO - Success: 10, Failed: 0
2026-01-21 02:33:03,114 - INFO - Estimated time remaining: 233.0 minutes
2026-01-21 02:33:03,115 - INFO - 
[11/1020] Processing property 20567478...
2026-01-21 02:33:03,115 - INFO - Waiting 14.6 seconds before requesting property 20567478...
2026-01-21 02:33:17,721 - INFO - Requesting property 20567478: https://www.fotocasa.es/es/comprar/obra-nueva/alovera/20567478
2026-01-21 02:33:18,232 - INFO - Property 20567478 - advertiser.phone: +34902110022
2026-01-21 02:33:18,233 - INFO - Found promotion ID: 12b460cd-74ca-49a6-bae5-fa5ff7f242a2, fetching tracking phone...
2026-01-21 02:33:18,696 - WARNING - Failed to get tracking phone for 12b460cd-74ca-49a6-bae5-fa5ff7f242a2: HTTP 403
2026-01-21 02:33:18,696 - INFO - Property 20567478 - publisher.phone: +34902110022
2026-01-21 02:33:18,696 - INFO - Final phone for property 20567478: +34902110022
2026-01-21 02:33:18,697 - INFO - SUCCESS: Property 20567478 - Phone: +34902110022
2026-01-21 02:33:18,700 - INFO - 
[12/1020] Processing property 20516328...
2026-01-21 02:33:18,700 - INFO - Waiting 12.7 seconds before requesting property 20516328...
2026-01-21 02:33:31,421 - INFO - Requesting property 20516328: https://www.fotocasa.es/es/comprar/obra-nueva/alovera/20516328
2026-01-21 02:33:31,870 - INFO - Property 20516328 - advertiser.phone: +34902110022
2026-01-21 02:33:31,871 - INFO - Found promotion ID: ed62a17a-6fef-4474-8bb4-09f76d323df9, fetching tracking phone...
2026-01-21 02:33:32,305 - WARNING - Failed to get tracking phone for ed62a17a-6fef-4474-8bb4-09f76d323df9: HTTP 403
2026-01-21 02:33:32,306 - INFO - Property 20516328 - publisher.phone: +34902110022
2026-01-21 02:33:32,306 - INFO - Final phone for property 20516328: +34902110022
2026-01-21 02:33:32,308 - INFO - SUCCESS: Property 20516328 - Phone: +34902110022
2026-01-21 02:33:32,310 - INFO - 
[13/1020] Processing property 20516327...
2026-01-21 02:33:32,311 - INFO - Waiting 14.3 seconds before requesting property 20516327...
2026-01-21 02:33:46,584 - INFO - Requesting property 20516327: https://www.fotocasa.es/es/comprar/obra-nueva/alovera/20516327
2026-01-21 02:33:47,116 - INFO - Property 20516327 - advertiser.phone: +34902110022
2026-01-21 02:33:47,129 - INFO - Found promotion ID: d247665c-41e7-479b-a1f6-242b9a74b838, fetching tracking phone...
2026-01-21 02:33:47,676 - WARNING - Failed to get tracking phone for d247665c-41e7-479b-a1f6-242b9a74b838: HTTP 403
2026-01-21 02:33:47,677 - INFO - Property 20516327 - publisher.phone: +34902110022
2026-01-21 02:33:47,677 - INFO - Final phone for property 20516327: +34902110022
2026-01-21 02:33:47,677 - INFO - SUCCESS: Property 20516327 - Phone: +34902110022
2026-01-21 02:33:47,677 - INFO - 
[14/1020] Processing property 20554437...
2026-01-21 02:33:47,677 - INFO - Waiting 14.5 seconds before requesting property 20554437...
2026-01-21 02:34:02,139 - INFO - Requesting property 20554437: https://www.fotocasa.es/es/comprar/obra-nueva/alovera/20554437
2026-01-21 02:34:02,566 - INFO - Property 20554437 - advertiser.phone: +34902110022
2026-01-21 02:34:02,567 - INFO - Found promotion ID: 9e7ae424-6353-406c-bef2-e599ef5147aa, fetching tracking phone...
2026-01-21 02:34:03,151 - WARNING - Failed to get tracking phone for 9e7ae424-6353-406c-bef2-e599ef5147aa: HTTP 403
2026-01-21 02:34:03,151 - INFO - Property 20554437 - publisher.phone: +34902110022
2026-01-21 02:34:03,152 - INFO - Final phone for property 20554437: +34902110022
2026-01-21 02:34:03,153 - INFO - SUCCESS: Property 20554437 - Phone: +34902110022
2026-01-21 02:34:03,155 - INFO - 
[15/1020] Processing property 20516323...
2026-01-21 02:34:03,156 - INFO - Waiting 10.8 seconds before requesting property 20516323...
2026-01-21 02:34:13,964 - INFO - Requesting property 20516323: https://www.fotocasa.es/es/comprar/obra-nueva/alovera/20516323
2026-01-21 02:34:14,479 - INFO - Property 20516323 - advertiser.phone: +34902110022
2026-01-21 02:34:14,479 - INFO - Found promotion ID: 21ec0c25-2a49-4151-bc93-b8899cc50ab8, fetching tracking phone...
2026-01-21 02:34:14,949 - WARNING - Failed to get tracking phone for 21ec0c25-2a49-4151-bc93-b8899cc50ab8: HTTP 403
2026-01-21 02:34:14,949 - INFO - Property 20516323 - publisher.phone: +34902110022
2026-01-21 02:34:14,949 - INFO - Final phone for property 20516323: +34902110022
2026-01-21 02:34:14,950 - INFO - SUCCESS: Property 20516323 - Phone: +34902110022
2026-01-21 02:34:14,954 - INFO - 
[16/1020] Processing property 20516321...
2026-01-21 02:34:14,954 - INFO - Waiting 14.2 seconds before requesting property 20516321...
2026-01-21 02:34:29,149 - INFO - Requesting property 20516321: https://www.fotocasa.es/es/comprar/obra-nueva/mungia/20516321
2026-01-21 02:34:29,631 - INFO - Property 20516321 - advertiser.phone: +34902110022
2026-01-21 02:34:29,632 - INFO - Found promotion ID: cce712d0-6d96-4e9d-adc1-d8fdf2de81b6, fetching tracking phone...
2026-01-21 02:34:30,153 - WARNING - Failed to get tracking phone for cce712d0-6d96-4e9d-adc1-d8fdf2de81b6: HTTP 403
2026-01-21 02:34:30,154 - INFO - Property 20516321 - publisher.phone: +34902110022
2026-01-21 02:34:30,154 - INFO - Final phone for property 20516321: +34902110022
2026-01-21 02:34:30,155 - INFO - SUCCESS: Property 20516321 - Phone: +34902110022
2026-01-21 02:34:30,158 - INFO - 
[17/1020] Processing property 20553693...
2026-01-21 02:34:30,159 - INFO - Waiting 10.3 seconds before requesting property 20553693...
2026-01-21 02:34:40,467 - INFO - Requesting property 20553693: https://www.fotocasa.es/es/comprar/obra-nueva/bilbao/20553693
2026-01-21 02:34:40,953 - INFO - Property 20553693 - advertiser.phone: +34902110022
2026-01-21 02:34:40,954 - INFO - Found promotion ID: 33327150-1c4d-4623-858c-e3449a0a2995, fetching tracking phone...
2026-01-21 02:34:41,469 - WARNING - Failed to get tracking phone for 33327150-1c4d-4623-858c-e3449a0a2995: HTTP 403
2026-01-21 02:34:41,469 - INFO - Property 20553693 - publisher.phone: +34902110022
2026-01-21 02:34:41,469 - INFO - Final phone for property 20553693: +34902110022
2026-01-21 02:34:41,470 - INFO - SUCCESS: Property 20553693 - Phone: +34902110022
2026-01-21 02:34:41,473 - INFO - 
[18/1020] Processing property 20516301...
2026-01-21 02:34:41,474 - INFO - Waiting 12.5 seconds before requesting property 20516301...
2026-01-21 02:34:53,954 - INFO - Requesting property 20516301: https://www.fotocasa.es/es/comprar/obra-nueva/mungia/20516301
2026-01-21 02:34:54,540 - INFO - Property 20516301 - advertiser.phone: +34902110022
2026-01-21 02:34:54,540 - INFO - Found promotion ID: 35661747-9871-479b-a593-d1c05631f2f1, fetching tracking phone...
2026-01-21 02:34:55,121 - WARNING - Failed to get tracking phone for 35661747-9871-479b-a593-d1c05631f2f1: HTTP 403
2026-01-21 02:34:55,121 - INFO - Property 20516301 - publisher.phone: +34902110022
2026-01-21 02:34:55,122 - INFO - Final phone for property 20516301: +34902110022
2026-01-21 02:34:55,123 - INFO - SUCCESS: Property 20516301 - Phone: +34902110022
2026-01-21 02:34:55,128 - INFO - 
[19/1020] Processing property 20631987...
2026-01-21 02:34:55,129 - INFO - Waiting 13.1 seconds before requesting property 20631987...
2026-01-21 02:35:08,274 - INFO - Requesting property 20631987: https://www.fotocasa.es/es/comprar/obra-nueva/cordoba-capital/20631987
2026-01-21 02:35:08,794 - INFO - Property 20631987 - advertiser.phone: +34902110022
2026-01-21 02:35:08,795 - INFO - Found promotion ID: f997de8b-51a5-4fc1-80f6-31615bb1c6e3, fetching tracking phone...
2026-01-21 02:35:09,332 - WARNING - Failed to get tracking phone for f997de8b-51a5-4fc1-80f6-31615bb1c6e3: HTTP 403
2026-01-21 02:35:09,333 - INFO - Property 20631987 - publisher.phone: +34902110022
2026-01-21 02:35:09,333 - INFO - Final phone for property 20631987: +34902110022
2026-01-21 02:35:09,334 - INFO - SUCCESS: Property 20631987 - Phone: +34902110022
2026-01-21 02:35:09,337 - INFO - 
[20/1020] Processing property 20516300...
2026-01-21 02:35:09,337 - INFO - Waiting 12.3 seconds before requesting property 20516300...
2026-01-21 02:35:21,650 - INFO - Requesting property 20516300: https://www.fotocasa.es/es/comprar/obra-nueva/estepona/20516300
2026-01-21 02:35:22,154 - INFO - Property 20516300 - advertiser.phone: +34902110022
2026-01-21 02:35:22,155 - INFO - Found promotion ID: ac0d049a-de31-4046-85bb-00a5fe54a57d, fetching tracking phone...
2026-01-21 02:35:22,741 - WARNING - Failed to get tracking phone for ac0d049a-de31-4046-85bb-00a5fe54a57d: HTTP 403
2026-01-21 02:35:22,741 - INFO - Property 20516300 - publisher.phone: +34902110022
2026-01-21 02:35:22,741 - INFO - Final phone for property 20516300: +34902110022
2026-01-21 02:35:22,742 - INFO - SUCCESS: Property 20516300 - Phone: +34902110022
2026-01-21 02:35:22,745 - INFO - Progress: 20/1020 (2.0%)
2026-01-21 02:35:22,746 - INFO - Success: 20, Failed: 0
2026-01-21 02:35:22,746 - INFO - Estimated time remaining: 231.7 minutes
2026-01-21 02:35:22,746 - INFO - 
[21/1020] Processing property 20560282...
2026-01-21 02:35:22,747 - INFO - Waiting 13.2 seconds before requesting property 20560282...
2026-01-21 02:35:35,949 - INFO - Requesting property 20560282: https://www.fotocasa.es/es/comprar/obra-nueva/paterna/20560282
2026-01-21 02:35:36,475 - INFO - Property 20560282 - advertiser.phone: +34902110022
2026-01-21 02:35:36,475 - INFO - Found promotion ID: 2be6192a-9bd5-42ea-ba39-2b2682997db5, fetching tracking phone...
2026-01-21 02:35:37,005 - WARNING - Failed to get tracking phone for 2be6192a-9bd5-42ea-ba39-2b2682997db5: HTTP 403
2026-01-21 02:35:37,005 - INFO - Property 20560282 - publisher.phone: +34902110022
2026-01-21 02:35:37,006 - INFO - Final phone for property 20560282: +34902110022
2026-01-21 02:35:37,008 - INFO - SUCCESS: Property 20560282 - Phone: +34902110022
2026-01-21 02:35:37,011 - INFO - 
[22/1020] Processing property 20516299...
2026-01-21 02:35:37,012 - INFO - Waiting 12.1 seconds before requesting property 20516299...
2026-01-21 02:35:49,107 - INFO - Requesting property 20516299: https://www.fotocasa.es/es/comprar/obra-nueva/estepona/20516299
2026-01-21 02:35:49,534 - INFO - Property 20516299 - advertiser.phone: +34902110022
2026-01-21 02:35:49,535 - INFO - Found promotion ID: b73e58ea-fa96-4b1c-aa23-a64b44984c9b, fetching tracking phone...
2026-01-21 02:35:49,983 - WARNING - Failed to get tracking phone for b73e58ea-fa96-4b1c-aa23-a64b44984c9b: HTTP 403
2026-01-21 02:35:49,984 - INFO - Property 20516299 - publisher.phone: +34902110022
2026-01-21 02:35:49,984 - INFO - Final phone for property 20516299: +34902110022
2026-01-21 02:35:49,985 - INFO - SUCCESS: Property 20516299 - Phone: +34902110022
2026-01-21 02:35:49,988 - INFO - 
[23/1020] Processing property 20516298...
2026-01-21 02:35:49,988 - INFO - Waiting 14.2 seconds before requesting property 20516298...
2026-01-21 02:36:04,139 - INFO - Requesting property 20516298: https://www.fotocasa.es/es/comprar/obra-nueva/madrid-capital/20516298
2026-01-21 02:36:04,651 - INFO - Property 20516298 - advertiser.phone: +34902110022
2026-01-21 02:36:04,652 - INFO - Found promotion ID: 2adfd893-6281-4e8e-baed-a97583c1f7d4, fetching tracking phone...
2026-01-21 02:36:05,275 - WARNING - Failed to get tracking phone for 2adfd893-6281-4e8e-baed-a97583c1f7d4: HTTP 403
2026-01-21 02:36:05,275 - INFO - Property 20516298 - publisher.phone: +34902110022
2026-01-21 02:36:05,275 - INFO - Final phone for property 20516298: +34902110022
2026-01-21 02:36:05,277 - INFO - SUCCESS: Property 20516298 - Phone: +34902110022
2026-01-21 02:36:05,280 - INFO - 
[24/1020] Processing property 20516296...
2026-01-21 02:36:05,280 - INFO - Waiting 10.9 seconds before requesting property 20516296...
2026-01-21 02:36:16,182 - INFO - Requesting property 20516296: https://www.fotocasa.es/es/comprar/obra-nueva/rubi/20516296
2026-01-21 02:36:16,635 - INFO - Property 20516296 - advertiser.phone: +34902110022
2026-01-21 02:36:16,635 - INFO - Found promotion ID: 911d34fe-7557-4412-af5b-d5417690343f, fetching tracking phone...
2026-01-21 02:36:17,127 - WARNING - Failed to get tracking phone for 911d34fe-7557-4412-af5b-d5417690343f: HTTP 403
2026-01-21 02:36:17,127 - INFO - Property 20516296 - publisher.phone: +34902110022
2026-01-21 02:36:17,127 - INFO - Final phone for property 20516296: +34902110022
2026-01-21 02:36:17,128 - INFO - SUCCESS: Property 20516296 - Phone: +34902110022
2026-01-21 02:36:17,132 - INFO - 
[25/1020] Processing property 20516295...
2026-01-21 02:36:17,133 - INFO - Waiting 14.4 seconds before requesting property 20516295...
2026-01-21 02:36:31,557 - INFO - Requesting property 20516295: https://www.fotocasa.es/es/comprar/obra-nueva/rubi/20516295
2026-01-21 02:36:32,068 - INFO - Property 20516295 - advertiser.phone: +34902110022
2026-01-21 02:36:32,069 - INFO - Found promotion ID: 0c52b844-787e-4c18-8203-796ac5b3a579, fetching tracking phone...
2026-01-21 02:36:32,507 - WARNING - Failed to get tracking phone for 0c52b844-787e-4c18-8203-796ac5b3a579: HTTP 403
2026-01-21 02:36:32,508 - INFO - Property 20516295 - publisher.phone: +34902110022
2026-01-21 02:36:32,508 - INFO - Final phone for property 20516295: +34902110022
2026-01-21 02:36:32,510 - INFO - SUCCESS: Property 20516295 - Phone: +34902110022
2026-01-21 02:36:32,513 - INFO - 
[26/1020] Processing property 20516294...
2026-01-21 02:36:32,513 - INFO - Waiting 14.4 seconds before requesting property 20516294...
2026-01-21 02:36:46,906 - INFO - Requesting property 20516294: https://www.fotocasa.es/es/comprar/obra-nueva/madrid-capital/20516294
2026-01-21 02:36:47,324 - INFO - Property 20516294 - advertiser.phone: +34902110022
2026-01-21 02:36:47,324 - INFO - Found promotion ID: d9f7861a-2fee-40c7-873e-b5b3182594d8, fetching tracking phone...
2026-01-21 02:36:47,851 - WARNING - Failed to get tracking phone for d9f7861a-2fee-40c7-873e-b5b3182594d8: HTTP 403
2026-01-21 02:36:47,851 - INFO - Property 20516294 - publisher.phone: +34902110022
2026-01-21 02:36:47,851 - INFO - Final phone for property 20516294: +34902110022
2026-01-21 02:36:47,853 - INFO - SUCCESS: Property 20516294 - Phone: +34902110022
2026-01-21 02:36:47,855 - INFO - 
[27/1020] Processing property 20516293...
2026-01-21 02:36:47,856 - INFO - Waiting 12.5 seconds before requesting property 20516293...
2026-01-21 02:37:00,365 - INFO - Requesting property 20516293: https://www.fotocasa.es/es/comprar/obra-nueva/las-rozas-de-madrid/20516293
2026-01-21 02:37:00,815 - INFO - Property 20516293 - advertiser.phone: +34902110022
2026-01-21 02:37:00,815 - INFO - Found promotion ID: 3139800c-8d91-4e09-9434-b9f04db570f9, fetching tracking phone...
2026-01-21 02:37:01,270 - WARNING - Failed to get tracking phone for 3139800c-8d91-4e09-9434-b9f04db570f9: HTTP 403
2026-01-21 02:37:01,270 - INFO - Property 20516293 - publisher.phone: +34902110022
2026-01-21 02:37:01,271 - INFO - Final phone for property 20516293: +34902110022
2026-01-21 02:37:01,273 - INFO - SUCCESS: Property 20516293 - Phone: +34902110022
2026-01-21 02:37:01,276 - INFO - 
[28/1020] Processing property 20516291...
2026-01-21 02:37:01,276 - INFO - Waiting 12.2 seconds before requesting property 20516291...
2026-01-21 02:37:13,469 - INFO - Requesting property 20516291: https://www.fotocasa.es/es/comprar/obra-nueva/guadalajara-capital/20516291
2026-01-21 02:37:13,994 - INFO - Property 20516291 - advertiser.phone: +34902110022
2026-01-21 02:37:13,994 - INFO - Found promotion ID: d7381c22-cc85-429e-8065-020c4225c3f5, fetching tracking phone...
2026-01-21 02:37:14,572 - WARNING - Failed to get tracking phone for d7381c22-cc85-429e-8065-020c4225c3f5: HTTP 403
2026-01-21 02:37:14,573 - INFO - Property 20516291 - publisher.phone: +34902110022
2026-01-21 02:37:14,573 - INFO - Final phone for property 20516291: +34902110022
2026-01-21 02:37:14,574 - INFO - SUCCESS: Property 20516291 - Phone: +34902110022
2026-01-21 02:37:14,577 - INFO - 
[29/1020] Processing property 20516289...
2026-01-21 02:37:14,578 - INFO - Waiting 11.2 seconds before requesting property 20516289...
2026-01-21 02:37:25,809 - INFO - Requesting property 20516289: https://www.fotocasa.es/es/comprar/obra-nueva/guadalajara-capital/20516289
2026-01-21 02:37:26,247 - INFO - Property 20516289 - advertiser.phone: +34902110022
2026-01-21 02:37:26,247 - INFO - Found promotion ID: 06350195-4a72-4c01-97f2-c17081e09321, fetching tracking phone...
2026-01-21 02:37:26,773 - WARNING - Failed to get tracking phone for 06350195-4a72-4c01-97f2-c17081e09321: HTTP 403
2026-01-21 02:37:26,774 - INFO - Property 20516289 - publisher.phone: +34902110022
2026-01-21 02:37:26,774 - INFO - Final phone for property 20516289: +34902110022
2026-01-21 02:37:26,775 - INFO - SUCCESS: Property 20516289 - Phone: +34902110022
2026-01-21 02:37:26,778 - INFO - 
[30/1020] Processing property 20516288...
2026-01-21 02:37:26,779 - INFO - Waiting 11.3 seconds before requesting property 20516288...
2026-01-21 02:37:38,116 - INFO - Requesting property 20516288: https://www.fotocasa.es/es/comprar/obra-nueva/sevilla-capital/20516288
2026-01-21 02:37:38,563 - INFO - Property 20516288 - advertiser.phone: +34902110022
2026-01-21 02:37:38,563 - INFO - Found promotion ID: 9285df35-6d9b-4a1b-bb9a-31649f60c3fc, fetching tracking phone...
2026-01-21 02:37:39,003 - WARNING - Failed to get tracking phone for 9285df35-6d9b-4a1b-bb9a-31649f60c3fc: HTTP 403
2026-01-21 02:37:39,003 - INFO - Property 20516288 - publisher.phone: +34902110022
2026-01-21 02:37:39,003 - INFO - Final phone for property 20516288: +34902110022
2026-01-21 02:37:39,004 - INFO - SUCCESS: Property 20516288 - Phone: +34902110022
2026-01-21 02:37:39,008 - INFO - Progress: 30/1020 (2.9%)
2026-01-21 02:37:39,008 - INFO - Success: 30, Failed: 0
2026-01-21 02:37:39,009 - INFO - Estimated time remaining: 227.9 minutes
2026-01-21 02:37:39,009 - INFO - 
[31/1020] Processing property 20641586...
2026-01-21 02:37:39,010 - INFO - Waiting 13.8 seconds before requesting property 20641586...
2026-01-21 02:37:52,786 - INFO - Requesting property 20641586: https://www.fotocasa.es/es/comprar/obra-nueva/anoeta/20641586
2026-01-21 02:37:53,324 - INFO - Property 20641586 - advertiser.phone: 943916037
2026-01-21 02:37:53,324 - INFO - Found promotion ID: 3e2e851b-d893-4a9a-927c-b764ca80f2f6, fetching tracking phone...
2026-01-21 02:37:53,866 - WARNING - Failed to get tracking phone for 3e2e851b-d893-4a9a-927c-b764ca80f2f6: HTTP 403
2026-01-21 02:37:53,867 - INFO - Property 20641586 - publisher.phone: 943916037
2026-01-21 02:37:53,867 - INFO - Final phone for property 20641586: 943916037
2026-01-21 02:37:53,868 - INFO - SUCCESS: Property 20641586 - Phone: 943916037
2026-01-21 02:37:53,873 - INFO - 
[32/1020] Processing property 20562767...
2026-01-21 02:37:53,873 - INFO - Waiting 10.0 seconds before requesting property 20562767...
2026-01-21 02:38:03,937 - INFO - Requesting property 20562767: https://www.fotocasa.es/es/comprar/obra-nueva/moncofa/20562767
2026-01-21 02:38:04,421 - INFO - Property 20562767 - advertiser.phone: +34672657720
2026-01-21 02:38:04,421 - INFO - Found promotion ID: 415cf530-4914-4183-be45-34fa5c042db5, fetching tracking phone...
2026-01-21 02:38:05,009 - WARNING - Failed to get tracking phone for 415cf530-4914-4183-be45-34fa5c042db5: HTTP 403
2026-01-21 02:38:05,010 - INFO - Property 20562767 - publisher.phone: +34672657720
2026-01-21 02:38:05,010 - INFO - Final phone for property 20562767: +34672657720
2026-01-21 02:38:05,011 - ERROR - ERROR: Property 20562767 - 'utf-8' codec can't encode characters in position 1821-1822: surrogates not allowed
2026-01-21 02:38:05,014 - INFO - 
[33/1020] Processing property 20509178...
2026-01-21 02:38:05,014 - INFO - Waiting 14.1 seconds before requesting property 20509178...
2026-01-21 02:38:19,090 - INFO - Requesting property 20509178: https://www.fotocasa.es/es/comprar/obra-nueva/salou/20509178
2026-01-21 02:38:19,886 - INFO - Property 20509178 - advertiser.phone: 931321259
2026-01-21 02:38:19,887 - INFO - Found promotion ID: 3e864b6a-272c-4a75-9702-2969a923e1e6, fetching tracking phone...
2026-01-21 02:38:20,463 - WARNING - Failed to get tracking phone for 3e864b6a-272c-4a75-9702-2969a923e1e6: HTTP 403
2026-01-21 02:38:20,463 - INFO - Property 20509178 - publisher.phone: 931321259
2026-01-21 02:38:20,463 - INFO - Final phone for property 20509178: 931321259
2026-01-21 02:38:20,465 - INFO - SUCCESS: Property 20509178 - Phone: 931321259
2026-01-21 02:38:20,469 - INFO - 
[34/1020] Processing property 20511742...
2026-01-21 02:38:20,469 - INFO - Waiting 11.8 seconds before requesting property 20511742...
2026-01-21 02:38:32,310 - INFO - Requesting property 20511742: https://www.fotocasa.es/es/comprar/obra-nueva/sant-andreu-de-llavaneres/20511742
2026-01-21 02:38:33,266 - INFO - Property 20511742 - advertiser.phone: 930440597
2026-01-21 02:38:33,266 - INFO - Found promotion ID: 2352500a-e91d-4664-85c5-1a715dd21da4, fetching tracking phone...
2026-01-21 02:38:34,028 - WARNING - Failed to get tracking phone for 2352500a-e91d-4664-85c5-1a715dd21da4: HTTP 403
2026-01-21 02:38:34,028 - INFO - Property 20511742 - publisher.phone: 930440597
2026-01-21 02:38:34,028 - INFO - Final phone for property 20511742: 930440597
2026-01-21 02:38:34,029 - INFO - SUCCESS: Property 20511742 - Phone: 930440597
2026-01-21 02:38:34,033 - INFO - 
[35/1020] Processing property 20509463...
2026-01-21 02:38:34,033 - INFO - Waiting 13.5 seconds before requesting property 20509463...
2026-01-21 02:38:47,528 - INFO - Requesting property 20509463: https://www.fotocasa.es/es/comprar/obra-nueva/foz/20509463
2026-01-21 02:38:48,021 - INFO - Property 20509463 - advertiser.phone: 982681069
2026-01-21 02:38:48,021 - INFO - Found promotion ID: d8719ccb-0bea-4ba6-8705-71b76e4ffe6b, fetching tracking phone...
2026-01-21 02:38:48,517 - WARNING - Failed to get tracking phone for d8719ccb-0bea-4ba6-8705-71b76e4ffe6b: HTTP 403
2026-01-21 02:38:48,518 - INFO - Property 20509463 - publisher.phone: 982681069
2026-01-21 02:38:48,518 - INFO - Final phone for property 20509463: 982681069
2026-01-21 02:38:48,520 - INFO - SUCCESS: Property 20509463 - Phone: 982681069
2026-01-21 02:38:48,524 - INFO - 
[36/1020] Processing property 20538825...
2026-01-21 02:38:48,525 - INFO - Waiting 13.1 seconds before requesting property 20538825...
2026-01-21 02:39:01,632 - INFO - Requesting property 20538825: https://www.fotocasa.es/es/comprar/obra-nueva/murcia-capital/20538825
2026-01-21 02:39:02,152 - INFO - Property 20538825 - advertiser.phone: 968911907
2026-01-21 02:39:02,153 - INFO - Found promotion ID: c4ad212b-fffa-41c3-9b4b-eb4b51537f88, fetching tracking phone...
2026-01-21 02:39:02,591 - WARNING - Failed to get tracking phone for c4ad212b-fffa-41c3-9b4b-eb4b51537f88: HTTP 403
2026-01-21 02:39:02,591 - INFO - Property 20538825 - publisher.phone: 968911907
2026-01-21 02:39:02,591 - INFO - Final phone for property 20538825: 968911907
2026-01-21 02:39:02,593 - INFO - SUCCESS: Property 20538825 - Phone: 968911907
2026-01-21 02:39:02,596 - INFO - 
[37/1020] Processing property 20582905...
2026-01-21 02:39:02,596 - INFO - Waiting 13.4 seconds before requesting property 20582905...
2026-01-21 02:39:15,954 - INFO - Requesting property 20582905: https://www.fotocasa.es/es/comprar/obra-nueva/santpedor/20582905
2026-01-21 02:39:16,554 - INFO - Property 20582905 - advertiser.phone: 930442573
2026-01-21 02:39:16,555 - INFO - Found promotion ID: 672c1029-b995-4309-a2b7-7c7679231bbf, fetching tracking phone...
2026-01-21 02:39:17,096 - WARNING - Failed to get tracking phone for 672c1029-b995-4309-a2b7-7c7679231bbf: HTTP 403
2026-01-21 02:39:17,097 - INFO - Property 20582905 - publisher.phone: 930442573
2026-01-21 02:39:17,097 - INFO - Final phone for property 20582905: 930442573
2026-01-21 02:39:17,098 - INFO - SUCCESS: Property 20582905 - Phone: 930442573
2026-01-21 02:39:17,101 - INFO - 
[38/1020] Processing property 20643452...
2026-01-21 02:39:17,101 - INFO - Waiting 12.6 seconds before requesting property 20643452...
2026-01-21 02:39:29,692 - INFO - Requesting property 20643452: https://www.fotocasa.es/es/comprar/obra-nueva/valencia-capital/20643452
2026-01-21 02:39:30,149 - INFO - Property 20643452 - advertiser.phone: 954201803
2026-01-21 02:39:30,149 - INFO - Found promotion ID: de195780-0b14-4862-9921-2a46b3b27f6b, fetching tracking phone...
2026-01-21 02:39:30,684 - WARNING - Failed to get tracking phone for de195780-0b14-4862-9921-2a46b3b27f6b: HTTP 403
2026-01-21 02:39:30,684 - INFO - Property 20643452 - publisher.phone: 954201803
2026-01-21 02:39:30,684 - INFO - Final phone for property 20643452: 954201803
2026-01-21 02:39:30,685 - INFO - SUCCESS: Property 20643452 - Phone: 954201803
2026-01-21 02:39:30,688 - INFO - 
[39/1020] Processing property 20518899...
2026-01-21 02:39:30,688 - INFO - Waiting 12.2 seconds before requesting property 20518899...
2026-01-21 02:39:42,922 - INFO - Requesting property 20518899: https://www.fotocasa.es/es/comprar/obra-nueva/bormujos/20518899
2026-01-21 02:39:43,548 - INFO - Property 20518899 - advertiser.phone: 954201627
2026-01-21 02:39:43,549 - INFO - Found promotion ID: d54d0e17-3f51-4519-9951-11c40c29d33d, fetching tracking phone...
2026-01-21 02:39:44,073 - WARNING - Failed to get tracking phone for d54d0e17-3f51-4519-9951-11c40c29d33d: HTTP 403
2026-01-21 02:39:44,074 - INFO - Property 20518899 - publisher.phone: 954201627
2026-01-21 02:39:44,074 - INFO - Final phone for property 20518899: 954201627
2026-01-21 02:39:44,075 - INFO - SUCCESS: Property 20518899 - Phone: 954201627
2026-01-21 02:39:44,078 - INFO - 
[40/1020] Processing property 20518867...
2026-01-21 02:39:44,078 - INFO - Waiting 14.1 seconds before requesting property 20518867...
2026-01-21 02:39:58,208 - INFO - Requesting property 20518867: https://www.fotocasa.es/es/comprar/obra-nueva/dos-hermanas/20518867
2026-01-21 02:39:58,640 - INFO - Property 20518867 - advertiser.phone: 954201623
2026-01-21 02:39:58,640 - INFO - Found promotion ID: 07e596f5-598c-4838-b284-53a415df8c4d, fetching tracking phone...
2026-01-21 02:39:59,085 - WARNING - Failed to get tracking phone for 07e596f5-598c-4838-b284-53a415df8c4d: HTTP 403
2026-01-21 02:39:59,085 - INFO - Property 20518867 - publisher.phone: 954201623
2026-01-21 02:39:59,085 - INFO - Final phone for property 20518867: 954201623
2026-01-21 02:39:59,087 - INFO - SUCCESS: Property 20518867 - Phone: 954201623
2026-01-21 02:39:59,089 - INFO - Progress: 40/1020 (3.9%)
2026-01-21 02:39:59,090 - INFO - Success: 39, Failed: 1
2026-01-21 02:39:59,090 - INFO - Estimated time remaining: 226.4 minutes
2026-01-21 02:39:59,092 - INFO - 
[41/1020] Processing property 20633521...
2026-01-21 02:39:59,092 - INFO - Waiting 11.1 seconds before requesting property 20633521...
2026-01-21 02:40:10,225 - INFO - Requesting property 20633521: https://www.fotocasa.es/es/comprar/obra-nueva/cadiz-capital/20633521
2026-01-21 02:40:10,696 - INFO - Property 20633521 - advertiser.phone: 956910139
2026-01-21 02:40:10,696 - INFO - Found promotion ID: d313908b-0cb5-40ef-8b2a-ae89eb229095, fetching tracking phone...
2026-01-21 02:40:11,286 - WARNING - Failed to get tracking phone for d313908b-0cb5-40ef-8b2a-ae89eb229095: HTTP 403
2026-01-21 02:40:11,286 - INFO - Property 20633521 - publisher.phone: 956910139
2026-01-21 02:40:11,286 - INFO - Final phone for property 20633521: 956910139
2026-01-21 02:40:11,288 - INFO - SUCCESS: Property 20633521 - Phone: 956910139
2026-01-21 02:40:11,294 - INFO - 
[42/1020] Processing property 20631529...
2026-01-21 02:40:11,295 - INFO - Waiting 12.3 seconds before requesting property 20631529...
2026-01-21 02:40:23,649 - INFO - Requesting property 20631529: https://www.fotocasa.es/es/comprar/obra-nueva/alcala-de-henares/20631529
2026-01-21 02:40:24,201 - INFO - Property 20631529 - advertiser.phone: 930442286
2026-01-21 02:40:24,201 - INFO - Found promotion ID: 61753c3a-c0bf-4f59-87df-a748dbbb4218, fetching tracking phone...
2026-01-21 02:40:24,759 - WARNING - Failed to get tracking phone for 61753c3a-c0bf-4f59-87df-a748dbbb4218: HTTP 403
2026-01-21 02:40:24,760 - INFO - Property 20631529 - publisher.phone: 930442286
2026-01-21 02:40:24,762 - INFO - Final phone for property 20631529: 930442286
2026-01-21 02:40:24,763 - INFO - SUCCESS: Property 20631529 - Phone: 930442286
2026-01-21 02:40:24,767 - INFO - 
[43/1020] Processing property 20610904...
2026-01-21 02:40:24,768 - INFO - Waiting 10.6 seconds before requesting property 20610904...
2026-01-21 02:40:35,361 - INFO - Requesting property 20610904: https://www.fotocasa.es/es/comprar/obra-nueva/l-hospitalet-de-llobregat/20610904
2026-01-21 02:40:35,834 - INFO - Property 20610904 - advertiser.phone: 930442286
2026-01-21 02:40:35,834 - INFO - Found promotion ID: f1857707-06a7-49de-87e7-fe377ed6290c, fetching tracking phone...
2026-01-21 02:40:36,376 - WARNING - Failed to get tracking phone for f1857707-06a7-49de-87e7-fe377ed6290c: HTTP 403
2026-01-21 02:40:36,376 - INFO - Property 20610904 - publisher.phone: 930442286
2026-01-21 02:40:36,376 - INFO - Final phone for property 20610904: 930442286
2026-01-21 02:40:36,378 - INFO - SUCCESS: Property 20610904 - Phone: 930442286
2026-01-21 02:40:36,380 - INFO - 
[44/1020] Processing property 20532950...
2026-01-21 02:40:36,380 - INFO - Waiting 13.4 seconds before requesting property 20532950...
2026-01-21 02:40:49,768 - INFO - Requesting property 20532950: https://www.fotocasa.es/es/comprar/obra-nueva/badalona/20532950
2026-01-21 02:40:50,279 - INFO - Property 20532950 - advertiser.phone: 930442286
2026-01-21 02:40:50,281 - INFO - Found promotion ID: f7a587f5-0915-4e02-9f7e-520e241b3751, fetching tracking phone...
2026-01-21 02:40:50,840 - WARNING - Failed to get tracking phone for f7a587f5-0915-4e02-9f7e-520e241b3751: HTTP 403
2026-01-21 02:40:50,842 - INFO - Property 20532950 - publisher.phone: 930442286
2026-01-21 02:40:50,842 - INFO - Final phone for property 20532950: 930442286
2026-01-21 02:40:50,843 - INFO - SUCCESS: Property 20532950 - Phone: 930442286
2026-01-21 02:40:50,847 - INFO - 
[45/1020] Processing property 20603582...
2026-01-21 02:40:50,847 - INFO - Waiting 14.0 seconds before requesting property 20603582...
2026-01-21 02:41:04,883 - INFO - Requesting property 20603582: https://www.fotocasa.es/es/comprar/obra-nueva/calafell/20603582
2026-01-21 02:41:05,409 - INFO - Property 20603582 - advertiser.phone: 977937361
2026-01-21 02:41:05,411 - INFO - Found promotion ID: 2645c3f4-efdc-4c93-b37b-2fd02d32397d, fetching tracking phone...
2026-01-21 02:41:06,144 - WARNING - Failed to get tracking phone for 2645c3f4-efdc-4c93-b37b-2fd02d32397d: HTTP 403
2026-01-21 02:41:06,145 - INFO - Property 20603582 - publisher.phone: 977937361
2026-01-21 02:41:06,145 - INFO - Final phone for property 20603582: 977937361
2026-01-21 02:41:06,146 - INFO - SUCCESS: Property 20603582 - Phone: 977937361
2026-01-21 02:41:06,149 - INFO - 
[46/1020] Processing property 20531662...
2026-01-21 02:41:06,150 - INFO - Waiting 13.0 seconds before requesting property 20531662...
2026-01-21 02:41:19,198 - INFO - Requesting property 20531662: https://www.fotocasa.es/es/comprar/obra-nueva/barcelona-capital/20531662
2026-01-21 02:41:19,776 - INFO - Property 20531662 - advertiser.phone: 930441839
2026-01-21 02:41:19,776 - INFO - Found promotion ID: bbff9020-1d4b-4867-bde7-44ab4572e4ef, fetching tracking phone...
2026-01-21 02:41:20,228 - WARNING - Failed to get tracking phone for bbff9020-1d4b-4867-bde7-44ab4572e4ef: HTTP 403
2026-01-21 02:41:20,229 - INFO - Property 20531662 - publisher.phone: 930441839
2026-01-21 02:41:20,229 - INFO - Final phone for property 20531662: 930441839
2026-01-21 02:41:20,230 - INFO - SUCCESS: Property 20531662 - Phone: 930441839
2026-01-21 02:41:20,233 - INFO - 
[47/1020] Processing property 20531678...
2026-01-21 02:41:20,233 - INFO - Waiting 11.8 seconds before requesting property 20531678...
2026-01-21 02:41:32,051 - INFO - Requesting property 20531678: https://www.fotocasa.es/es/comprar/obra-nueva/begur/20531678
2026-01-21 02:41:32,513 - INFO - Property 20531678 - advertiser.phone: 930441839
2026-01-21 02:41:32,514 - INFO - Found promotion ID: 06eab868-5982-44e4-b885-a4389cd35f5b, fetching tracking phone...
2026-01-21 02:41:32,829 - WARNING - Failed to get tracking phone for 06eab868-5982-44e4-b885-a4389cd35f5b: HTTP 403
2026-01-21 02:41:32,831 - INFO - Property 20531678 - publisher.phone: 930441839
2026-01-21 02:41:32,831 - INFO - Final phone for property 20531678: 930441839
2026-01-21 02:41:32,832 - INFO - SUCCESS: Property 20531678 - Phone: 930441839
2026-01-21 02:41:32,835 - INFO - 
[48/1020] Processing property 20534662...
2026-01-21 02:41:32,835 - INFO - Waiting 14.9 seconds before requesting property 20534662...
2026-01-21 02:41:47,709 - INFO - Requesting property 20534662: https://www.fotocasa.es/es/comprar/obra-nueva/barcelona-capital/20534662
2026-01-21 02:41:48,180 - INFO - Property 20534662 - advertiser.phone: 930441839
2026-01-21 02:41:48,180 - INFO - Found promotion ID: c11297dd-d899-44fd-8613-4d4ba50ec6df, fetching tracking phone...
2026-01-21 02:41:48,492 - WARNING - Failed to get tracking phone for c11297dd-d899-44fd-8613-4d4ba50ec6df: HTTP 403
2026-01-21 02:41:48,493 - INFO - Property 20534662 - publisher.phone: 930441839
2026-01-21 02:41:48,493 - INFO - Final phone for property 20534662: 930441839
2026-01-21 02:41:48,494 - INFO - SUCCESS: Property 20534662 - Phone: 930441839
2026-01-21 02:41:48,498 - INFO - 
[49/1020] Processing property 20560517...
2026-01-21 02:41:48,498 - INFO - Waiting 12.5 seconds before requesting property 20560517...
2026-01-21 02:42:00,950 - INFO - Requesting property 20560517: https://www.fotocasa.es/es/comprar/obra-nueva/l-hospitalet-de-llobregat/20560517
2026-01-21 02:42:01,375 - INFO - Property 20560517 - advertiser.phone: 930441839
2026-01-21 02:42:01,375 - INFO - Found promotion ID: 0ea43fc5-2d89-4645-9815-10bb915dd4ef, fetching tracking phone...
2026-01-21 02:42:01,924 - WARNING - Failed to get tracking phone for 0ea43fc5-2d89-4645-9815-10bb915dd4ef: HTTP 403
2026-01-21 02:42:01,924 - INFO - Property 20560517 - publisher.phone: 930441839
2026-01-21 02:42:01,924 - INFO - Final phone for property 20560517: 930441839
2026-01-21 02:42:01,925 - INFO - SUCCESS: Property 20560517 - Phone: 930441839
2026-01-21 02:42:01,929 - INFO - 
[50/1020] Processing property 20531695...
2026-01-21 02:42:01,929 - INFO - Waiting 11.8 seconds before requesting property 20531695...
2026-01-21 02:42:13,733 - INFO - Requesting property 20531695: https://www.fotocasa.es/es/comprar/obra-nueva/gualta/20531695
2026-01-21 02:42:14,219 - INFO - Property 20531695 - advertiser.phone: 930441839
2026-01-21 02:42:14,219 - INFO - Found promotion ID: c50209e2-5415-4d67-b9fb-76e628a6e60d, fetching tracking phone...
2026-01-21 02:42:14,616 - WARNING - Failed to get tracking phone for c50209e2-5415-4d67-b9fb-76e628a6e60d: HTTP 403
2026-01-21 02:42:14,616 - INFO - Property 20531695 - publisher.phone: 930441839
2026-01-21 02:42:14,617 - INFO - Final phone for property 20531695: 930441839
2026-01-21 02:42:14,618 - INFO - SUCCESS: Property 20531695 - Phone: 930441839
2026-01-21 02:42:14,620 - INFO - Progress: 50/1020 (4.9%)
2026-01-21 02:42:14,620 - INFO - Success: 49, Failed: 1
2026-01-21 02:42:14,620 - INFO - Estimated time remaining: 223.1 minutes
2026-01-21 02:42:14,622 - INFO - 
[51/1020] Processing property 20604333...
2026-01-21 02:42:14,622 - INFO - Waiting 12.5 seconds before requesting property 20604333...
2026-01-21 02:42:27,100 - INFO - Requesting property 20604333: https://www.fotocasa.es/es/comprar/obra-nueva/barcelona-capital/20604333
2026-01-21 02:42:27,602 - INFO - Property 20604333 - advertiser.phone: 932755759
2026-01-21 02:42:27,602 - INFO - Found promotion ID: e4ec8b3c-f1d8-4c8e-afcb-4c67bacca2cb, fetching tracking phone...
2026-01-21 02:42:27,934 - WARNING - Failed to get tracking phone for e4ec8b3c-f1d8-4c8e-afcb-4c67bacca2cb: HTTP 403
2026-01-21 02:42:27,935 - INFO - Property 20604333 - publisher.phone: 932755759
2026-01-21 02:42:27,936 - INFO - Final phone for property 20604333: 932755759
2026-01-21 02:42:27,937 - INFO - SUCCESS: Property 20604333 - Phone: 932755759
2026-01-21 02:42:27,939 - INFO - 
[52/1020] Processing property 20613234...
2026-01-21 02:42:27,940 - INFO - Waiting 10.4 seconds before requesting property 20613234...
2026-01-21 02:42:38,319 - INFO - Requesting property 20613234: https://www.fotocasa.es/es/comprar/obra-nueva/sant-cugat-del-valles/20613234
2026-01-21 02:42:38,783 - INFO - Property 20613234 - advertiser.phone: 932755759
2026-01-21 02:42:38,783 - INFO - Found promotion ID: 0715c8ee-24f1-490b-a944-a76531184a8c, fetching tracking phone...
2026-01-21 02:42:39,229 - WARNING - Failed to get tracking phone for 0715c8ee-24f1-490b-a944-a76531184a8c: HTTP 403
2026-01-21 02:42:39,229 - INFO - Property 20613234 - publisher.phone: 932755759
2026-01-21 02:42:39,229 - INFO - Final phone for property 20613234: 932755759
2026-01-21 02:42:39,231 - INFO - SUCCESS: Property 20613234 - Phone: 932755759
2026-01-21 02:42:39,235 - INFO - 
[53/1020] Processing property 20531677...
2026-01-21 02:42:39,235 - INFO - Waiting 14.1 seconds before requesting property 20531677...
2026-01-21 02:42:53,336 - INFO - Requesting property 20531677: https://www.fotocasa.es/es/comprar/obra-nueva/montgat/20531677
2026-01-21 02:42:53,801 - INFO - Property 20531677 - advertiser.phone: 930441839
2026-01-21 02:42:53,802 - INFO - Found promotion ID: 633a496d-d261-4067-bffd-4ee22140a8cc, fetching tracking phone...
2026-01-21 02:42:54,123 - WARNING - Failed to get tracking phone for 633a496d-d261-4067-bffd-4ee22140a8cc: HTTP 403
2026-01-21 02:42:54,123 - INFO - Property 20531677 - publisher.phone: 930441839
2026-01-21 02:42:54,123 - INFO - Final phone for property 20531677: 930441839
2026-01-21 02:42:54,125 - INFO - SUCCESS: Property 20531677 - Phone: 930441839
2026-01-21 02:42:54,128 - INFO - 
[54/1020] Processing property 20598948...
2026-01-21 02:42:54,129 - INFO - Waiting 13.7 seconds before requesting property 20598948...
2026-01-21 02:43:07,822 - INFO - Requesting property 20598948: https://www.fotocasa.es/es/comprar/obra-nueva/alicante-alacant/20598948
2026-01-21 02:43:08,345 - INFO - Property 20598948 - advertiser.phone: 954201732
2026-01-21 02:43:08,346 - INFO - Found promotion ID: 2549d947-87e5-4de4-96b3-6e2a53c607e9, fetching tracking phone...
2026-01-21 02:43:08,888 - WARNING - Failed to get tracking phone for 2549d947-87e5-4de4-96b3-6e2a53c607e9: HTTP 403
2026-01-21 02:43:08,889 - INFO - Property 20598948 - publisher.phone: 954201732
2026-01-21 02:43:08,889 - INFO - Final phone for property 20598948: 954201732
2026-01-21 02:43:08,890 - INFO - SUCCESS: Property 20598948 - Phone: 954201732
2026-01-21 02:43:08,894 - INFO - 
[55/1020] Processing property 20509179...
2026-01-21 02:43:08,894 - INFO - Waiting 11.3 seconds before requesting property 20509179...
2026-01-21 02:43:20,207 - INFO - Requesting property 20509179: https://www.fotocasa.es/es/comprar/obra-nueva/vilafranca-del-penedes/20509179
2026-01-21 02:43:20,641 - INFO - Property 20509179 - advertiser.phone: 931321259
2026-01-21 02:43:20,641 - INFO - Found promotion ID: 0e5a43e4-39e9-40d6-b682-be05e314f8ea, fetching tracking phone...
2026-01-21 02:43:21,065 - WARNING - Failed to get tracking phone for 0e5a43e4-39e9-40d6-b682-be05e314f8ea: HTTP 403
2026-01-21 02:43:21,066 - INFO - Property 20509179 - publisher.phone: 931321259
2026-01-21 02:43:21,066 - INFO - Final phone for property 20509179: 931321259
2026-01-21 02:43:21,067 - INFO - SUCCESS: Property 20509179 - Phone: 931321259
2026-01-21 02:43:21,069 - INFO - 
[56/1020] Processing property 20642863...
2026-01-21 02:43:21,070 - INFO - Waiting 13.2 seconds before requesting property 20642863...
2026-01-21 02:43:34,233 - INFO - Requesting property 20642863: https://www.fotocasa.es/es/comprar/obra-nueva/armilla/20642863
2026-01-21 02:43:34,986 - INFO - Property 20642863 - advertiser.phone: 958916936
2026-01-21 02:43:34,986 - INFO - Found promotion ID: cb560310-289b-4b04-9053-520181259718, fetching tracking phone...
2026-01-21 02:43:35,476 - WARNING - Failed to get tracking phone for cb560310-289b-4b04-9053-520181259718: HTTP 403
2026-01-21 02:43:35,476 - INFO - Property 20642863 - publisher.phone: 958916936
2026-01-21 02:43:35,476 - INFO - Final phone for property 20642863: 958916936
2026-01-21 02:43:35,476 - INFO - SUCCESS: Property 20642863 - Phone: 958916936
2026-01-21 02:43:35,485 - INFO - 
[57/1020] Processing property 20559633...
2026-01-21 02:43:35,485 - INFO - Waiting 12.1 seconds before requesting property 20559633...
2026-01-21 02:43:47,615 - INFO - Requesting property 20559633: https://www.fotocasa.es/es/comprar/obra-nueva/cuevas-del-almanzora/20559633
2026-01-21 02:43:48,224 - INFO - Property 20559633 - advertiser.phone: 965093542
2026-01-21 02:43:48,267 - INFO - Found promotion ID: 6471d590-2241-4b79-b963-abb3c7a50e2e, fetching tracking phone...
2026-01-21 02:43:48,815 - WARNING - Failed to get tracking phone for 6471d590-2241-4b79-b963-abb3c7a50e2e: HTTP 403
2026-01-21 02:43:48,818 - INFO - Property 20559633 - publisher.phone: 965093542
2026-01-21 02:43:48,821 - INFO - Final phone for property 20559633: 965093542
2026-01-21 02:43:48,822 - INFO - SUCCESS: Property 20559633 - Phone: 965093542
2026-01-21 02:43:48,826 - INFO - 
[58/1020] Processing property 20509580...
2026-01-21 02:43:48,838 - INFO - Waiting 14.5 seconds before requesting property 20509580...
2026-01-21 02:44:04,520 - INFO - Requesting property 20509580: https://www.fotocasa.es/es/comprar/obra-nueva/alcazar-de-san-juan/20509580
2026-01-21 02:44:05,521 - INFO - Property 20509580 - advertiser.phone: 926280635
2026-01-21 02:44:05,521 - INFO - Found promotion ID: 7e1ceb98-2964-48f2-9f2b-52b3f74a7d5e, fetching tracking phone...
2026-01-21 02:44:06,140 - WARNING - Failed to get tracking phone for 7e1ceb98-2964-48f2-9f2b-52b3f74a7d5e: HTTP 403
2026-01-21 02:44:06,141 - INFO - Property 20509580 - publisher.phone: 926280635
2026-01-21 02:44:06,141 - INFO - Final phone for property 20509580: 926280635
2026-01-21 02:44:06,143 - INFO - SUCCESS: Property 20509580 - Phone: 926280635
2026-01-21 02:44:06,147 - INFO - 
[59/1020] Processing property 20642069...
2026-01-21 02:44:06,148 - INFO - Waiting 10.8 seconds before requesting property 20642069...
2026-01-21 02:44:16,926 - INFO - Requesting property 20642069: https://www.fotocasa.es/es/comprar/obra-nueva/sant-feliu-de-llobregat/20642069
2026-01-21 02:44:17,370 - INFO - Property 20642069 - advertiser.phone: +34936669011
2026-01-21 02:44:17,370 - INFO - Found promotion ID: 9ce003ef-c1ec-4c12-940c-7e331671e1f5, fetching tracking phone...
2026-01-21 02:44:17,808 - WARNING - Failed to get tracking phone for 9ce003ef-c1ec-4c12-940c-7e331671e1f5: HTTP 403
2026-01-21 02:44:17,808 - INFO - Property 20642069 - publisher.phone: +34936669011
2026-01-21 02:44:17,809 - INFO - Final phone for property 20642069: +34936669011
2026-01-21 02:44:17,809 - INFO - SUCCESS: Property 20642069 - Phone: +34936669011
2026-01-21 02:44:17,813 - INFO - 
[60/1020] Processing property 20622783...
2026-01-21 02:44:17,814 - INFO - Waiting 12.5 seconds before requesting property 20622783...
2026-01-21 02:44:30,319 - INFO - Requesting property 20622783: https://www.fotocasa.es/es/comprar/obra-nueva/roquetas-de-mar/20622783
2026-01-21 02:44:31,874 - INFO - Property 20622783 - advertiser.phone: +34686991344
2026-01-21 02:44:31,875 - INFO - Found promotion ID: af36481d-5cfa-4ec6-9ab0-264c0c2ed66d, fetching tracking phone...
2026-01-21 02:44:32,379 - WARNING - Failed to get tracking phone for af36481d-5cfa-4ec6-9ab0-264c0c2ed66d: HTTP 403
2026-01-21 02:44:32,379 - INFO - Property 20622783 - publisher.phone: +34686991344
2026-01-21 02:44:32,379 - INFO - Final phone for property 20622783: +34686991344
2026-01-21 02:44:32,380 - INFO - SUCCESS: Property 20622783 - Phone: +34686991344
2026-01-21 02:44:32,383 - INFO - Progress: 60/1020 (5.9%)
2026-01-21 02:44:32,383 - INFO - Success: 59, Failed: 1
2026-01-21 02:44:32,383 - INFO - Estimated time remaining: 220.7 minutes
2026-01-21 02:44:32,384 - INFO - 
[61/1020] Processing property 20642827...
2026-01-21 02:44:32,384 - INFO - Waiting 10.9 seconds before requesting property 20642827...
2026-01-21 02:44:43,299 - INFO - Requesting property 20642827: https://www.fotocasa.es/es/comprar/obra-nueva/girona-capital/20642827
2026-01-21 02:44:43,844 - INFO - Property 20642827 - advertiser.phone: 972084521
2026-01-21 02:44:43,845 - INFO - Found promotion ID: 64f043af-626d-447f-a2da-020aed0031c6, fetching tracking phone...
2026-01-21 02:44:44,285 - WARNING - Failed to get tracking phone for 64f043af-626d-447f-a2da-020aed0031c6: HTTP 403
2026-01-21 02:44:44,286 - INFO - Property 20642827 - publisher.phone: 972084521
2026-01-21 02:44:44,286 - INFO - Final phone for property 20642827: 972084521
2026-01-21 02:44:44,287 - INFO - SUCCESS: Property 20642827 - Phone: 972084521
2026-01-21 02:44:44,292 - INFO - 
[62/1020] Processing property 20642824...
2026-01-21 02:44:44,293 - INFO - Waiting 12.1 seconds before requesting property 20642824...
2026-01-21 02:44:56,384 - INFO - Requesting property 20642824: https://www.fotocasa.es/es/comprar/obra-nueva/sesena/20642824
2026-01-21 02:44:56,915 - INFO - Property 20642824 - advertiser.phone: 910751498
2026-01-21 02:44:56,918 - INFO - Found promotion ID: 0d957194-90cc-4f73-97bf-2aaf09368613, fetching tracking phone...
2026-01-21 02:44:57,462 - WARNING - Failed to get tracking phone for 0d957194-90cc-4f73-97bf-2aaf09368613: HTTP 403
2026-01-21 02:44:57,464 - INFO - Property 20642824 - publisher.phone: 910751498
2026-01-21 02:44:57,473 - INFO - Final phone for property 20642824: 910751498
2026-01-21 02:44:57,475 - INFO - SUCCESS: Property 20642824 - Phone: 910751498
2026-01-21 02:44:57,479 - INFO - 
[63/1020] Processing property 20564663...
2026-01-21 02:44:57,491 - INFO - Waiting 12.0 seconds before requesting property 20564663...
2026-01-21 02:45:09,497 - INFO - Requesting property 20564663: https://www.fotocasa.es/es/comprar/obra-nueva/rubi/20564663
2026-01-21 02:45:09,996 - INFO - Property 20564663 - advertiser.phone: 930443725
2026-01-21 02:45:09,996 - INFO - Found promotion ID: e3889904-878d-4af1-ae40-61fe74beab14, fetching tracking phone...
2026-01-21 02:45:10,457 - WARNING - Failed to get tracking phone for e3889904-878d-4af1-ae40-61fe74beab14: HTTP 403
2026-01-21 02:45:10,457 - INFO - Property 20564663 - publisher.phone: 930443725
2026-01-21 02:45:10,458 - INFO - Final phone for property 20564663: 930443725
2026-01-21 02:45:10,459 - INFO - SUCCESS: Property 20564663 - Phone: 930443725
2026-01-21 02:45:10,461 - INFO - 
[64/1020] Processing property 20611191...
2026-01-21 02:45:10,461 - INFO - Waiting 14.1 seconds before requesting property 20611191...
2026-01-21 02:45:24,561 - INFO - Requesting property 20611191: https://www.fotocasa.es/es/comprar/obra-nueva/la-roca-del-valles/20611191
2026-01-21 02:45:25,081 - INFO - Property 20611191 - advertiser.phone: 910752063
2026-01-21 02:45:25,082 - INFO - Found promotion ID: e909d9a1-e161-4a20-aa45-c29f8adf714f, fetching tracking phone...
2026-01-21 02:45:25,554 - WARNING - Failed to get tracking phone for e909d9a1-e161-4a20-aa45-c29f8adf714f: HTTP 403
2026-01-21 02:45:25,554 - INFO - Property 20611191 - publisher.phone: 910752063
2026-01-21 02:45:25,554 - INFO - Final phone for property 20611191: 910752063
2026-01-21 02:45:25,556 - INFO - SUCCESS: Property 20611191 - Phone: 910752063
2026-01-21 02:45:25,558 - INFO - 
[65/1020] Processing property 20560520...
2026-01-21 02:45:25,559 - INFO - Waiting 12.5 seconds before requesting property 20560520...
2026-01-21 02:45:38,097 - INFO - Requesting property 20560520: https://www.fotocasa.es/es/comprar/obra-nueva/girona-capital/20560520
2026-01-21 02:45:38,631 - INFO - Property 20560520 - advertiser.phone: 954201803
2026-01-21 02:45:38,631 - INFO - Found promotion ID: c2a528da-3841-4dc2-8948-b9003667a0b9, fetching tracking phone...
2026-01-21 02:45:39,013 - WARNING - Failed to get tracking phone for c2a528da-3841-4dc2-8948-b9003667a0b9: HTTP 403
2026-01-21 02:45:39,014 - INFO - Property 20560520 - publisher.phone: 954201803
2026-01-21 02:45:39,014 - INFO - Final phone for property 20560520: 954201803
2026-01-21 02:45:39,015 - INFO - SUCCESS: Property 20560520 - Phone: 954201803
2026-01-21 02:45:39,018 - INFO - 
[66/1020] Processing property 20608877...
2026-01-21 02:45:39,018 - INFO - Waiting 12.6 seconds before requesting property 20608877...
2026-01-21 02:45:51,579 - INFO - Requesting property 20608877: https://www.fotocasa.es/es/comprar/obra-nueva/navalcarnero/20608877
2026-01-21 02:45:52,267 - INFO - Property 20608877 - advertiser.phone: 910754062
2026-01-21 02:45:52,268 - INFO - Found promotion ID: ae618877-bb5a-4355-a9cb-d80fc90cfced, fetching tracking phone...
2026-01-21 02:45:52,810 - WARNING - Failed to get tracking phone for ae618877-bb5a-4355-a9cb-d80fc90cfced: HTTP 403
2026-01-21 02:45:52,810 - INFO - Property 20608877 - publisher.phone: 910754062
2026-01-21 02:45:52,812 - INFO - Final phone for property 20608877: 910754062
2026-01-21 02:45:52,813 - INFO - SUCCESS: Property 20608877 - Phone: 910754062
2026-01-21 02:45:52,816 - INFO - 
[67/1020] Processing property 20507488...
2026-01-21 02:45:52,816 - INFO - Waiting 10.6 seconds before requesting property 20507488...
2026-01-21 02:46:03,432 - INFO - Requesting property 20507488: https://www.fotocasa.es/es/comprar/obra-nueva/palma-de-mallorca/20507488
2026-01-21 02:46:04,114 - INFO - Property 20507488 - advertiser.phone: 971082704
2026-01-21 02:46:04,115 - INFO - Found promotion ID: 42a73e4a-2bdc-4a9f-aada-80a9b8233f1f, fetching tracking phone...
2026-01-21 02:46:04,662 - WARNING - Failed to get tracking phone for 42a73e4a-2bdc-4a9f-aada-80a9b8233f1f: HTTP 403
2026-01-21 02:46:04,662 - INFO - Property 20507488 - publisher.phone: 971082704
2026-01-21 02:46:04,662 - INFO - Final phone for property 20507488: 971082704
2026-01-21 02:46:04,664 - INFO - SUCCESS: Property 20507488 - Phone: 971082704
2026-01-21 02:46:04,668 - INFO - 
[68/1020] Processing property 20525114...
2026-01-21 02:46:04,668 - INFO - Waiting 12.6 seconds before requesting property 20525114...
2026-01-21 02:46:17,259 - INFO - Requesting property 20525114: https://www.fotocasa.es/es/comprar/obra-nueva/la-alcaidesa/20525114
2026-01-21 02:46:17,778 - INFO - Property 20525114 - advertiser.phone: 954201732
2026-01-21 02:46:17,781 - INFO - Found promotion ID: 82a72dec-5f38-43f8-89dc-e24158896be2, fetching tracking phone...
2026-01-21 02:46:18,459 - WARNING - Failed to get tracking phone for 82a72dec-5f38-43f8-89dc-e24158896be2: HTTP 403
2026-01-21 02:46:19,096 - INFO - Property 20525114 - publisher.phone: 954201732
2026-01-21 02:46:19,096 - INFO - Final phone for property 20525114: 954201732
2026-01-21 02:46:19,098 - INFO - SUCCESS: Property 20525114 - Phone: 954201732
2026-01-21 02:46:19,214 - INFO - 
[69/1020] Processing property 20595861...
2026-01-21 02:46:19,222 - INFO - Waiting 13.4 seconds before requesting property 20595861...
2026-01-21 02:46:32,665 - INFO - Requesting property 20595861: https://www.fotocasa.es/es/comprar/obra-nueva/valencia-capital/20595861
2026-01-21 02:46:33,365 - INFO - Property 20595861 - advertiser.phone: 954201732
2026-01-21 02:46:33,465 - INFO - Found promotion ID: dc06a7f9-d1fc-46fc-8597-4f24d3765df8, fetching tracking phone...
2026-01-21 02:46:34,062 - WARNING - Failed to get tracking phone for dc06a7f9-d1fc-46fc-8597-4f24d3765df8: HTTP 403
2026-01-21 02:46:34,062 - INFO - Property 20595861 - publisher.phone: 954201732
2026-01-21 02:46:34,063 - INFO - Final phone for property 20595861: 954201732
2026-01-21 02:46:34,064 - INFO - SUCCESS: Property 20595861 - Phone: 954201732
2026-01-21 02:46:34,068 - INFO - 
[70/1020] Processing property 20593232...
2026-01-21 02:46:34,068 - INFO - Waiting 14.9 seconds before requesting property 20593232...
2026-01-21 02:46:48,957 - INFO - Requesting property 20593232: https://www.fotocasa.es/es/comprar/obra-nueva/palma-de-mallorca/20593232
2026-01-21 02:46:49,474 - INFO - Property 20593232 - advertiser.phone: 954201732
2026-01-21 02:46:49,475 - INFO - Found promotion ID: fb92e5be-5537-4432-926b-e2065b413bc3, fetching tracking phone...
2026-01-21 02:46:50,098 - WARNING - Failed to get tracking phone for fb92e5be-5537-4432-926b-e2065b413bc3: HTTP 403
2026-01-21 02:46:50,104 - INFO - Property 20593232 - publisher.phone: 954201732
2026-01-21 02:46:50,104 - INFO - Final phone for property 20593232: 954201732
2026-01-21 02:46:50,106 - INFO - SUCCESS: Property 20593232 - Phone: 954201732
2026-01-21 02:46:50,118 - INFO - Progress: 70/1020 (6.9%)
2026-01-21 02:46:50,120 - INFO - Success: 69, Failed: 1
2026-01-21 02:46:50,120 - INFO - Estimated time remaining: 218.4 minutes
2026-01-21 02:46:50,121 - INFO - 
[71/1020] Processing property 20525094...
2026-01-21 02:46:50,122 - INFO - Waiting 12.9 seconds before requesting property 20525094...
2026-01-21 02:47:03,033 - INFO - Requesting property 20525094: https://www.fotocasa.es/es/comprar/obra-nueva/terrassa/20525094
2026-01-21 02:47:03,862 - INFO - Property 20525094 - advertiser.phone: 954201732
2026-01-21 02:47:03,863 - INFO - Found promotion ID: 027ec5f4-eaa1-4d95-bf9b-9275af155d77, fetching tracking phone...
2026-01-21 02:47:04,445 - WARNING - Failed to get tracking phone for 027ec5f4-eaa1-4d95-bf9b-9275af155d77: HTTP 403
2026-01-21 02:47:04,445 - INFO - Property 20525094 - publisher.phone: 954201732
2026-01-21 02:47:04,445 - INFO - Final phone for property 20525094: 954201732
2026-01-21 02:47:04,446 - INFO - SUCCESS: Property 20525094 - Phone: 954201732
2026-01-21 02:47:04,450 - INFO - 
[72/1020] Processing property 20598958...
2026-01-21 02:47:04,450 - INFO - Waiting 11.3 seconds before requesting property 20598958...
2026-01-21 02:47:15,788 - INFO - Requesting property 20598958: https://www.fotocasa.es/es/comprar/obra-nueva/sevilla-capital/20598958
2026-01-21 02:47:16,420 - INFO - Property 20598958 - advertiser.phone: 954201732
2026-01-21 02:47:16,420 - INFO - Found promotion ID: 8a29c5ec-1b50-45d1-b576-1fb63496eda8, fetching tracking phone...
2026-01-21 02:47:16,873 - WARNING - Failed to get tracking phone for 8a29c5ec-1b50-45d1-b576-1fb63496eda8: HTTP 403
2026-01-21 02:47:16,873 - INFO - Property 20598958 - publisher.phone: 954201732
2026-01-21 02:47:16,873 - INFO - Final phone for property 20598958: 954201732
2026-01-21 02:47:16,875 - INFO - SUCCESS: Property 20598958 - Phone: 954201732
2026-01-21 02:47:16,880 - INFO - 
[73/1020] Processing property 20642564...
2026-01-21 02:47:16,880 - INFO - Waiting 14.4 seconds before requesting property 20642564...
2026-01-21 02:47:31,243 - INFO - Requesting property 20642564: https://www.fotocasa.es/es/comprar/obra-nueva/cubelles/20642564
2026-01-21 02:47:31,737 - INFO - Property 20642564 - advertiser.phone: 930441839
2026-01-21 02:47:31,737 - INFO - Found promotion ID: 5e301bbb-cdac-4286-8456-985439c6def3, fetching tracking phone...
2026-01-21 02:47:32,241 - WARNING - Failed to get tracking phone for 5e301bbb-cdac-4286-8456-985439c6def3: HTTP 403
2026-01-21 02:47:32,241 - INFO - Property 20642564 - publisher.phone: 930441839
2026-01-21 02:47:32,241 - INFO - Final phone for property 20642564: 930441839
2026-01-21 02:47:32,242 - INFO - SUCCESS: Property 20642564 - Phone: 930441839
2026-01-21 02:47:32,245 - INFO - 
[74/1020] Processing property 20510789...
2026-01-21 02:47:32,245 - INFO - Waiting 14.1 seconds before requesting property 20510789...
2026-01-21 02:47:46,389 - INFO - Requesting property 20510789: https://www.fotocasa.es/es/comprar/obra-nueva/miraflores-de-la-sierra/20510789
2026-01-21 02:47:46,890 - INFO - Property 20510789 - advertiser.phone: 910751547
2026-01-21 02:47:46,890 - INFO - Found promotion ID: 83d0d841-8754-4c6d-b700-1347e6c8803e, fetching tracking phone...
2026-01-21 02:47:47,322 - WARNING - Failed to get tracking phone for 83d0d841-8754-4c6d-b700-1347e6c8803e: HTTP 403
2026-01-21 02:47:47,322 - INFO - Property 20510789 - publisher.phone: 910751547
2026-01-21 02:47:47,322 - INFO - Final phone for property 20510789: 910751547
2026-01-21 02:47:47,324 - INFO - SUCCESS: Property 20510789 - Phone: 910751547
2026-01-21 02:47:47,326 - INFO - 
[75/1020] Processing property 20567226...
2026-01-21 02:47:47,326 - INFO - Waiting 10.8 seconds before requesting property 20567226...
2026-01-21 02:47:58,104 - INFO - Requesting property 20567226: https://www.fotocasa.es/es/comprar/obra-nueva/barakaldo/20567226
2026-01-21 02:47:58,599 - INFO - Property 20567226 - advertiser.phone: 944680347
2026-01-21 02:47:58,600 - INFO - Found promotion ID: 7f69cf22-7a20-4250-8b1f-3c8e2b9e39b7, fetching tracking phone...
2026-01-21 02:47:59,139 - WARNING - Failed to get tracking phone for 7f69cf22-7a20-4250-8b1f-3c8e2b9e39b7: HTTP 403
2026-01-21 02:47:59,139 - INFO - Property 20567226 - publisher.phone: 944680347
2026-01-21 02:47:59,139 - INFO - Final phone for property 20567226: 944680347
2026-01-21 02:47:59,140 - INFO - SUCCESS: Property 20567226 - Phone: 944680347
2026-01-21 02:47:59,143 - INFO - 
[76/1020] Processing property 20597092...
2026-01-21 02:47:59,144 - INFO - Waiting 13.2 seconds before requesting property 20597092...
2026-01-21 02:48:12,376 - INFO - Requesting property 20597092: https://www.fotocasa.es/es/comprar/obra-nueva/cassa-de-la-selva/20597092
2026-01-21 02:48:13,216 - INFO - Property 20597092 - advertiser.phone: 972085821
2026-01-21 02:48:13,216 - INFO - Found promotion ID: 03c59077-5795-4a75-b5f8-9fae361b928d, fetching tracking phone...
2026-01-21 02:48:13,793 - WARNING - Failed to get tracking phone for 03c59077-5795-4a75-b5f8-9fae361b928d: HTTP 403
2026-01-21 02:48:13,794 - INFO - Property 20597092 - publisher.phone: 972085821
2026-01-21 02:48:13,794 - INFO - Final phone for property 20597092: 972085821
2026-01-21 02:48:13,796 - INFO - SUCCESS: Property 20597092 - Phone: 972085821
2026-01-21 02:48:13,800 - INFO - 
[77/1020] Processing property 20605893...
2026-01-21 02:48:13,801 - INFO - Waiting 14.1 seconds before requesting property 20605893...
2026-01-21 02:48:27,876 - INFO - Requesting property 20605893: https://www.fotocasa.es/es/comprar/obra-nueva/torremolinos/20605893
2026-01-21 02:48:28,327 - INFO - Property 20605893 - advertiser.phone: +34672784209
2026-01-21 02:48:28,327 - INFO - Found promotion ID: 4da1bac4-39e2-407f-80a4-26bf0b8c7d78, fetching tracking phone...
2026-01-21 02:48:28,784 - WARNING - Failed to get tracking phone for 4da1bac4-39e2-407f-80a4-26bf0b8c7d78: HTTP 403
2026-01-21 02:48:28,785 - INFO - Property 20605893 - publisher.phone: +34672784209
2026-01-21 02:48:28,786 - INFO - Final phone for property 20605893: +34672784209
2026-01-21 02:48:28,788 - INFO - SUCCESS: Property 20605893 - Phone: +34672784209
2026-01-21 02:48:28,795 - INFO - 
[78/1020] Processing property 20605837...
2026-01-21 02:48:28,796 - INFO - Waiting 14.3 seconds before requesting property 20605837...
2026-01-21 02:48:43,130 - INFO - Requesting property 20605837: https://www.fotocasa.es/es/comprar/obra-nueva/torremolinos/20605837
2026-01-21 02:48:43,753 - INFO - Property 20605837 - advertiser.phone: +34672784209
2026-01-21 02:48:43,753 - INFO - Found promotion ID: e3682683-821e-4c0b-acc0-a9c0ca32fd97, fetching tracking phone...
2026-01-21 02:48:44,282 - WARNING - Failed to get tracking phone for e3682683-821e-4c0b-acc0-a9c0ca32fd97: HTTP 403
2026-01-21 02:48:44,284 - INFO - Property 20605837 - publisher.phone: +34672784209
2026-01-21 02:48:44,284 - INFO - Final phone for property 20605837: +34672784209
2026-01-21 02:48:44,286 - INFO - SUCCESS: Property 20605837 - Phone: +34672784209
2026-01-21 02:48:44,289 - INFO - 
[79/1020] Processing property 20521728...
2026-01-21 02:48:44,289 - INFO - Waiting 11.6 seconds before requesting property 20521728...
2026-01-21 02:48:55,867 - INFO - Requesting property 20521728: https://www.fotocasa.es/es/comprar/obra-nueva/badalona/20521728
2026-01-21 02:48:56,416 - INFO - Property 20521728 - advertiser.phone: 931321569
2026-01-21 02:48:56,417 - INFO - Found promotion ID: 79d007ba-4961-4819-9959-fa9e19c7703e, fetching tracking phone...
2026-01-21 02:48:56,958 - WARNING - Failed to get tracking phone for 79d007ba-4961-4819-9959-fa9e19c7703e: HTTP 403
2026-01-21 02:48:57,000 - INFO - Property 20521728 - publisher.phone: 931321569
2026-01-21 02:48:57,080 - INFO - Final phone for property 20521728: 931321569
2026-01-21 02:48:57,149 - INFO - SUCCESS: Property 20521728 - Phone: 931321569
2026-01-21 02:48:57,156 - INFO - 
[80/1020] Processing property 20513174...
2026-01-21 02:48:57,156 - INFO - Waiting 12.8 seconds before requesting property 20513174...
2026-01-21 02:49:09,976 - INFO - Requesting property 20513174: https://www.fotocasa.es/es/comprar/obra-nueva/la-rinconada/20513174
2026-01-21 02:49:10,694 - INFO - Property 20513174 - advertiser.phone: 954201582
2026-01-21 02:49:10,694 - INFO - Found promotion ID: 1453abb3-a263-4623-83d9-7e7218e569fd, fetching tracking phone...
2026-01-21 02:49:11,271 - WARNING - Failed to get tracking phone for 1453abb3-a263-4623-83d9-7e7218e569fd: HTTP 403
2026-01-21 02:49:11,272 - INFO - Property 20513174 - publisher.phone: 954201582
2026-01-21 02:49:11,272 - INFO - Final phone for property 20513174: 954201582
2026-01-21 02:49:11,274 - INFO - SUCCESS: Property 20513174 - Phone: 954201582
2026-01-21 02:49:11,277 - INFO - Progress: 80/1020 (7.8%)
2026-01-21 02:49:11,278 - INFO - Success: 79, Failed: 1
2026-01-21 02:49:11,278 - INFO - Estimated time remaining: 216.7 minutes
2026-01-21 02:49:11,278 - INFO - 
[81/1020] Processing property 20521727...
2026-01-21 02:49:11,279 - INFO - Waiting 10.2 seconds before requesting property 20521727...
2026-01-21 02:49:21,595 - INFO - Requesting property 20521727: https://www.fotocasa.es/es/comprar/obra-nueva/sabadell/20521727
2026-01-21 02:49:22,500 - INFO - Property 20521727 - advertiser.phone: 931321568
2026-01-21 02:49:22,625 - INFO - Found promotion ID: be3466db-b4dc-4164-bc41-9806e54f18a2, fetching tracking phone...
2026-01-21 02:49:23,115 - WARNING - Failed to get tracking phone for be3466db-b4dc-4164-bc41-9806e54f18a2: HTTP 403
2026-01-21 02:49:23,150 - INFO - Property 20521727 - publisher.phone: 931321568
2026-01-21 02:49:23,151 - INFO - Final phone for property 20521727: 931321568
2026-01-21 02:49:23,216 - INFO - SUCCESS: Property 20521727 - Phone: 931321568
2026-01-21 02:49:23,230 - INFO - 
[82/1020] Processing property 20508204...
2026-01-21 02:49:23,277 - INFO - Waiting 13.0 seconds before requesting property 20508204...
2026-01-21 02:49:36,382 - INFO - Requesting property 20508204: https://www.fotocasa.es/es/comprar/obra-nueva/mataro/20508204
2026-01-21 02:49:37,128 - INFO - Property 20508204 - advertiser.phone: 910751473
2026-01-21 02:49:37,142 - INFO - Found promotion ID: da614d1e-9843-434e-9b8c-2d2a0bedd111, fetching tracking phone...
2026-01-21 02:49:37,849 - WARNING - Failed to get tracking phone for da614d1e-9843-434e-9b8c-2d2a0bedd111: HTTP 403
2026-01-21 02:49:37,902 - INFO - Property 20508204 - publisher.phone: 910751473
2026-01-21 02:49:37,903 - INFO - Final phone for property 20508204: 910751473
2026-01-21 02:49:38,043 - INFO - SUCCESS: Property 20508204 - Phone: 910751473
2026-01-21 02:49:38,261 - INFO - 
[83/1020] Processing property 20510574...
2026-01-21 02:49:38,474 - INFO - Waiting 14.0 seconds before requesting property 20510574...
2026-01-21 02:49:52,447 - INFO - Requesting property 20510574: https://www.fotocasa.es/es/comprar/obra-nueva/san-cristobal-de-la-laguna/20510574
2026-01-21 02:49:54,640 - INFO - Property 20510574 - advertiser.phone: 922930938
2026-01-21 02:49:54,640 - INFO - Found promotion ID: 9614b0b7-d276-47a3-a1eb-6e0f289bbc4b, fetching tracking phone...
2026-01-21 02:49:55,178 - WARNING - Failed to get tracking phone for 9614b0b7-d276-47a3-a1eb-6e0f289bbc4b: HTTP 403
2026-01-21 02:49:55,178 - INFO - Property 20510574 - publisher.phone: 922930938
2026-01-21 02:49:55,179 - INFO - Final phone for property 20510574: 922930938
2026-01-21 02:49:55,180 - INFO - SUCCESS: Property 20510574 - Phone: 922930938
2026-01-21 02:49:55,184 - INFO - 
[84/1020] Processing property 20610020...
2026-01-21 02:49:55,185 - INFO - Waiting 13.1 seconds before requesting property 20610020...
2026-01-21 02:50:08,272 - INFO - Requesting property 20610020: https://www.fotocasa.es/es/comprar/obra-nueva/sesena/20610020
2026-01-21 02:50:08,905 - INFO - Property 20610020 - advertiser.phone: 925661024
2026-01-21 02:50:08,905 - INFO - Found promotion ID: 4c92147b-756c-488b-a7a1-bbfb6e789f93, fetching tracking phone...
2026-01-21 02:50:09,446 - WARNING - Failed to get tracking phone for 4c92147b-756c-488b-a7a1-bbfb6e789f93: HTTP 403
2026-01-21 02:50:09,446 - INFO - Property 20610020 - publisher.phone: 925661024
2026-01-21 02:50:09,446 - INFO - Final phone for property 20610020: 925661024
2026-01-21 02:50:09,448 - INFO - SUCCESS: Property 20610020 - Phone: 925661024
2026-01-21 02:50:09,451 - INFO - 
[85/1020] Processing property 20641565...
2026-01-21 02:50:09,452 - INFO - Waiting 13.5 seconds before requesting property 20641565...
2026-01-21 02:50:22,989 - INFO - Requesting property 20641565: https://www.fotocasa.es/es/comprar/obra-nueva/castellar-del-valles/20641565
2026-01-21 02:50:23,503 - INFO - Property 20641565 - advertiser.phone: +34932203544
2026-01-21 02:50:23,503 - INFO - Found promotion ID: d8bbb34f-3f4a-4463-a0e5-c8f9ad66ed69, fetching tracking phone...
2026-01-21 02:50:24,063 - WARNING - Failed to get tracking phone for d8bbb34f-3f4a-4463-a0e5-c8f9ad66ed69: HTTP 403
2026-01-21 02:50:24,064 - INFO - Property 20641565 - publisher.phone: +34932203544
2026-01-21 02:50:24,064 - INFO - Final phone for property 20641565: +34932203544
2026-01-21 02:50:24,066 - INFO - SUCCESS: Property 20641565 - Phone: +34932203544
2026-01-21 02:50:24,070 - INFO - 
[86/1020] Processing property 20512584...
2026-01-21 02:50:24,070 - INFO - Waiting 14.7 seconds before requesting property 20512584...
2026-01-21 02:50:38,807 - INFO - Requesting property 20512584: https://www.fotocasa.es/es/comprar/obra-nueva/calonge-i-sant-antoni/20512584
2026-01-21 02:50:39,354 - INFO - Property 20512584 - advertiser.phone: 972084389
2026-01-21 02:50:39,354 - INFO - Found promotion ID: 89c16e0b-1c26-419d-963a-1495ad6ef932, fetching tracking phone...
2026-01-21 02:50:39,882 - WARNING - Failed to get tracking phone for 89c16e0b-1c26-419d-963a-1495ad6ef932: HTTP 403
2026-01-21 02:50:39,882 - INFO - Property 20512584 - publisher.phone: 972084389
2026-01-21 02:50:39,882 - INFO - Final phone for property 20512584: 972084389
2026-01-21 02:50:39,884 - INFO - SUCCESS: Property 20512584 - Phone: 972084389
2026-01-21 02:50:39,886 - INFO - 
[87/1020] Processing property 20533784...
2026-01-21 02:50:39,886 - INFO - Waiting 12.2 seconds before requesting property 20533784...
2026-01-21 02:50:52,384 - INFO - Requesting property 20533784: https://www.fotocasa.es/es/comprar/obra-nueva/lleida-capital/20533784
2026-01-21 02:50:54,674 - INFO - Property 20533784 - advertiser.phone: 973811542
2026-01-21 02:50:54,696 - INFO - Found promotion ID: 51d9c54e-e6c7-4767-a04e-03b7d4164cc5, fetching tracking phone...
2026-01-21 02:50:55,577 - WARNING - Failed to get tracking phone for 51d9c54e-e6c7-4767-a04e-03b7d4164cc5: HTTP 403
2026-01-21 02:50:55,577 - INFO - Property 20533784 - publisher.phone: 973811542
2026-01-21 02:50:55,578 - INFO - Final phone for property 20533784: 973811542
2026-01-21 02:50:55,580 - INFO - SUCCESS: Property 20533784 - Phone: 973811542
2026-01-21 02:50:55,586 - INFO - 
[88/1020] Processing property 20624425...
2026-01-21 02:50:55,586 - INFO - Waiting 10.1 seconds before requesting property 20624425...
2026-01-21 02:51:05,664 - INFO - Requesting property 20624425: https://www.fotocasa.es/es/comprar/obra-nueva/almendralejo/20624425
2026-01-21 02:51:06,521 - INFO - Property 20624425 - advertiser.phone: 924920463
2026-01-21 02:51:06,753 - INFO - Found promotion ID: bb313121-d62e-46bc-bdd8-f4f1aa48c78f, fetching tracking phone...
2026-01-21 02:51:07,372 - WARNING - Failed to get tracking phone for bb313121-d62e-46bc-bdd8-f4f1aa48c78f: HTTP 403
2026-01-21 02:51:07,375 - INFO - Property 20624425 - publisher.phone: 924920463
2026-01-21 02:51:07,375 - INFO - Final phone for property 20624425: 924920463
2026-01-21 02:51:07,661 - INFO - SUCCESS: Property 20624425 - Phone: 924920463
2026-01-21 02:51:07,679 - INFO - 
[89/1020] Processing property 20536422...
2026-01-21 02:51:07,813 - INFO - Waiting 12.7 seconds before requesting property 20536422...
2026-01-21 02:51:20,674 - INFO - Requesting property 20536422: https://www.fotocasa.es/es/comprar/obra-nueva/sant-joan-despi/20536422
2026-01-21 02:51:22,107 - INFO - Property 20536422 - advertiser.phone: 930442793
2026-01-21 02:51:22,107 - INFO - Found promotion ID: 5b0b2b3c-7441-4d0f-99e9-fa9f0681fc05, fetching tracking phone...
2026-01-21 02:51:22,968 - WARNING - Failed to get tracking phone for 5b0b2b3c-7441-4d0f-99e9-fa9f0681fc05: HTTP 403
2026-01-21 02:51:22,968 - INFO - Property 20536422 - publisher.phone: 930442793
2026-01-21 02:51:22,969 - INFO - Final phone for property 20536422: 930442793
2026-01-21 02:51:22,970 - INFO - SUCCESS: Property 20536422 - Phone: 930442793
2026-01-21 02:51:22,974 - INFO - 
[90/1020] Processing property 20525100...
2026-01-21 02:51:22,974 - INFO - Waiting 14.0 seconds before requesting property 20525100...
2026-01-21 02:51:36,976 - INFO - Requesting property 20525100: https://www.fotocasa.es/es/comprar/obra-nueva/lleida-capital/20525100
2026-01-21 02:51:37,824 - INFO - Property 20525100 - advertiser.phone: 954201732
2026-01-21 02:51:38,051 - INFO - Found promotion ID: 3c171c83-8462-470b-822d-c4646e4146e8, fetching tracking phone...
2026-01-21 02:51:38,651 - WARNING - Failed to get tracking phone for 3c171c83-8462-470b-822d-c4646e4146e8: HTTP 403
2026-01-21 02:51:38,651 - INFO - Property 20525100 - publisher.phone: 954201732
2026-01-21 02:51:38,652 - INFO - Final phone for property 20525100: 954201732
2026-01-21 02:51:38,653 - INFO - SUCCESS: Property 20525100 - Phone: 954201732
2026-01-21 02:51:38,656 - INFO - Progress: 90/1020 (8.8%)
2026-01-21 02:51:38,657 - INFO - Success: 89, Failed: 1
2026-01-21 02:51:38,657 - INFO - Estimated time remaining: 216.0 minutes
2026-01-21 02:51:38,657 - INFO - 
[91/1020] Processing property 20598951...
2026-01-21 02:51:38,658 - INFO - Waiting 12.0 seconds before requesting property 20598951...
2026-01-21 02:51:50,697 - INFO - Requesting property 20598951: https://www.fotocasa.es/es/comprar/obra-nueva/sevilla-capital/20598951
2026-01-21 02:51:51,285 - INFO - Property 20598951 - advertiser.phone: 954201732
2026-01-21 02:51:51,285 - INFO - Found promotion ID: b932b416-46aa-4003-8622-1ea7dd5dc71a, fetching tracking phone...
2026-01-21 02:51:52,013 - WARNING - Failed to get tracking phone for b932b416-46aa-4003-8622-1ea7dd5dc71a: HTTP 403
2026-01-21 02:51:52,023 - INFO - Property 20598951 - publisher.phone: 954201732
2026-01-21 02:51:52,544 - INFO - Final phone for property 20598951: 954201732
2026-01-21 02:51:52,551 - INFO - SUCCESS: Property 20598951 - Phone: 954201732
2026-01-21 02:51:52,564 - INFO - 
[92/1020] Processing property 20640615...
2026-01-21 02:51:52,575 - INFO - Waiting 10.5 seconds before requesting property 20640615...
2026-01-21 02:52:03,087 - INFO - Requesting property 20640615: https://www.fotocasa.es/es/comprar/obra-nueva/almeria-capital/20640615
2026-01-21 02:52:03,595 - INFO - Property 20640615 - advertiser.phone: +34645461384
2026-01-21 02:52:03,596 - INFO - Found promotion ID: 6f5043ba-5654-4ae0-b516-5f0300b50abd, fetching tracking phone...
2026-01-21 02:52:04,158 - WARNING - Failed to get tracking phone for 6f5043ba-5654-4ae0-b516-5f0300b50abd: HTTP 403
2026-01-21 02:52:04,158 - INFO - Property 20640615 - publisher.phone: +34645461384
2026-01-21 02:52:04,158 - INFO - Final phone for property 20640615: +34645461384
2026-01-21 02:52:04,161 - INFO - SUCCESS: Property 20640615 - Phone: +34645461384
2026-01-21 02:52:04,164 - INFO - 
[93/1020] Processing property 20509619...
2026-01-21 02:52:04,165 - INFO - Waiting 12.5 seconds before requesting property 20509619...
2026-01-21 02:52:16,689 - INFO - Requesting property 20509619: https://www.fotocasa.es/es/comprar/obra-nueva/villanueva-del-rio-segura/20509619
2026-01-21 02:52:17,208 - INFO - Property 20509619 - advertiser.phone: 967560963
2026-01-21 02:52:17,208 - INFO - Found promotion ID: c066e705-6ac5-4afb-8e0e-06a03c18b862, fetching tracking phone...
2026-01-21 02:52:17,741 - WARNING - Failed to get tracking phone for c066e705-6ac5-4afb-8e0e-06a03c18b862: HTTP 403
2026-01-21 02:52:17,741 - INFO - Property 20509619 - publisher.phone: 967560963
2026-01-21 02:52:17,742 - INFO - Final phone for property 20509619: 967560963
2026-01-21 02:52:17,744 - INFO - SUCCESS: Property 20509619 - Phone: 967560963
2026-01-21 02:52:17,746 - INFO - 
[94/1020] Processing property 20640020...
2026-01-21 02:52:17,747 - INFO - Waiting 12.6 seconds before requesting property 20640020...
2026-01-21 02:52:30,329 - INFO - Requesting property 20640020: https://www.fotocasa.es/es/comprar/obra-nueva/denia/20640020
2026-01-21 02:52:30,860 - INFO - Property 20640020 - advertiser.phone: 965091568
2026-01-21 02:52:30,860 - INFO - Found promotion ID: 84ca0a4f-bbd4-4140-9508-a3bd1059c36d, fetching tracking phone...
2026-01-21 02:52:31,407 - WARNING - Failed to get tracking phone for 84ca0a4f-bbd4-4140-9508-a3bd1059c36d: HTTP 403
2026-01-21 02:52:31,407 - INFO - Property 20640020 - publisher.phone: 965091568
2026-01-21 02:52:31,408 - INFO - Final phone for property 20640020: 965091568
2026-01-21 02:52:31,410 - INFO - SUCCESS: Property 20640020 - Phone: 965091568
2026-01-21 02:52:31,413 - INFO - 
[95/1020] Processing property 20607398...
2026-01-21 02:52:31,413 - INFO - Waiting 13.2 seconds before requesting property 20607398...
2026-01-21 02:52:44,592 - INFO - Requesting property 20607398: https://www.fotocasa.es/es/comprar/obra-nueva/fuengirola/20607398
2026-01-21 02:52:45,237 - INFO - Property 20607398 - advertiser.phone: 951980319
2026-01-21 02:52:45,237 - INFO - Found promotion ID: 1ea6b728-2b17-4b0d-bd5e-27fcbfb134ec, fetching tracking phone...
2026-01-21 02:52:45,688 - WARNING - Failed to get tracking phone for 1ea6b728-2b17-4b0d-bd5e-27fcbfb134ec: HTTP 403
2026-01-21 02:52:45,690 - INFO - Property 20607398 - publisher.phone: 951980319
2026-01-21 02:52:45,690 - INFO - Final phone for property 20607398: 951980319
2026-01-21 02:52:45,691 - INFO - SUCCESS: Property 20607398 - Phone: 951980319
2026-01-21 02:52:45,693 - INFO - 
[96/1020] Processing property 20633164...
2026-01-21 02:52:45,694 - INFO - Waiting 11.1 seconds before requesting property 20633164...
2026-01-21 02:52:56,824 - INFO - Requesting property 20633164: https://www.fotocasa.es/es/comprar/obra-nueva/begues/20633164
2026-01-21 02:52:57,385 - INFO - Property 20633164 - advertiser.phone: 930442958
2026-01-21 02:52:57,385 - INFO - Found promotion ID: 788f5bec-42dc-49fa-8a0b-ff665730b852, fetching tracking phone...
2026-01-21 02:52:57,970 - WARNING - Failed to get tracking phone for 788f5bec-42dc-49fa-8a0b-ff665730b852: HTTP 403
2026-01-21 02:52:57,971 - INFO - Property 20633164 - publisher.phone: 930442958
2026-01-21 02:52:57,971 - INFO - Final phone for property 20633164: 930442958
2026-01-21 02:52:57,973 - INFO - SUCCESS: Property 20633164 - Phone: 930442958
2026-01-21 02:52:57,976 - INFO - 
[97/1020] Processing property 20533783...
2026-01-21 02:52:57,976 - INFO - Waiting 11.8 seconds before requesting property 20533783...
2026-01-21 02:53:09,826 - INFO - Requesting property 20533783: https://www.fotocasa.es/es/comprar/obra-nueva/lleida-capital/20533783
2026-01-21 02:53:10,327 - INFO - Property 20533783 - advertiser.phone: 973811542
2026-01-21 02:53:10,327 - INFO - Found promotion ID: 86af6299-08c7-45c2-a079-6de5dbdd4c3e, fetching tracking phone...
2026-01-21 02:53:10,920 - WARNING - Failed to get tracking phone for 86af6299-08c7-45c2-a079-6de5dbdd4c3e: HTTP 403
2026-01-21 02:53:10,920 - INFO - Property 20533783 - publisher.phone: 973811542
2026-01-21 02:53:10,920 - INFO - Final phone for property 20533783: 973811542
2026-01-21 02:53:10,921 - INFO - SUCCESS: Property 20533783 - Phone: 973811542
2026-01-21 02:53:10,924 - INFO - 
[98/1020] Processing property 20609089...
2026-01-21 02:53:10,924 - INFO - Waiting 13.9 seconds before requesting property 20609089...
2026-01-21 02:53:24,871 - INFO - Requesting property 20609089: https://www.fotocasa.es/es/comprar/obra-nueva/cerdanyola-del-valles/20609089
2026-01-21 02:53:25,432 - INFO - Property 20609089 - advertiser.phone: 910752063
2026-01-21 02:53:25,433 - INFO - Found promotion ID: dfc15340-55fe-473d-9ea9-f6d0682106ef, fetching tracking phone...
2026-01-21 02:53:25,962 - WARNING - Failed to get tracking phone for dfc15340-55fe-473d-9ea9-f6d0682106ef: HTTP 403
2026-01-21 02:53:25,962 - INFO - Property 20609089 - publisher.phone: 910752063
2026-01-21 02:53:25,962 - INFO - Final phone for property 20609089: 910752063
2026-01-21 02:53:25,964 - INFO - SUCCESS: Property 20609089 - Phone: 910752063
2026-01-21 02:53:25,966 - INFO - 
[99/1020] Processing property 20532314...
2026-01-21 02:53:25,967 - INFO - Waiting 11.8 seconds before requesting property 20532314...
2026-01-21 02:53:37,805 - INFO - Requesting property 20532314: https://www.fotocasa.es/es/comprar/obra-nueva/cerdanyola-del-valles/20532314
2026-01-21 02:53:38,504 - INFO - Property 20532314 - advertiser.phone: 910752063
2026-01-21 02:53:38,504 - INFO - Found promotion ID: f272f2d8-2ffc-4af5-9ffd-0169d5fa2e63, fetching tracking phone...
2026-01-21 02:53:38,976 - WARNING - Failed to get tracking phone for f272f2d8-2ffc-4af5-9ffd-0169d5fa2e63: HTTP 403
2026-01-21 02:53:38,976 - INFO - Property 20532314 - publisher.phone: 910752063
2026-01-21 02:53:38,976 - INFO - Final phone for property 20532314: 910752063
2026-01-21 02:53:38,978 - INFO - SUCCESS: Property 20532314 - Phone: 910752063
2026-01-21 02:53:38,980 - INFO - 
[100/1020] Processing property 20601244...
2026-01-21 02:53:38,981 - INFO - Waiting 14.9 seconds before requesting property 20601244...
2026-01-21 02:53:53,853 - INFO - Requesting property 20601244: https://www.fotocasa.es/es/comprar/obra-nueva/vandellos-i-l-hospitalet-de-l-infant/20601244
2026-01-21 02:53:54,413 - INFO - Property 20601244 - advertiser.phone: +34676296132
2026-01-21 02:53:54,414 - INFO - Found promotion ID: c36c38b4-d150-478a-8074-41619ffe67f9, fetching tracking phone...
2026-01-21 02:53:54,919 - WARNING - Failed to get tracking phone for c36c38b4-d150-478a-8074-41619ffe67f9: HTTP 403
2026-01-21 02:53:54,920 - INFO - Property 20601244 - publisher.phone: +34676296132
2026-01-21 02:53:54,920 - INFO - Final phone for property 20601244: +34676296132
2026-01-21 02:53:54,924 - INFO - SUCCESS: Property 20601244 - Phone: +34676296132
2026-01-21 02:53:54,927 - INFO - Progress: 100/1020 (9.8%)
2026-01-21 02:53:54,927 - INFO - Success: 99, Failed: 1
2026-01-21 02:53:54,927 - INFO - Estimated time remaining: 213.2 minutes
2026-01-21 02:53:54,928 - INFO - 
[101/1020] Processing property 20516000...
2026-01-21 02:53:54,928 - INFO - Waiting 13.5 seconds before requesting property 20516000...
2026-01-21 02:54:08,407 - INFO - Requesting property 20516000: https://www.fotocasa.es/es/comprar/obra-nueva/zaragoza-capital/20516000
2026-01-21 02:54:08,856 - INFO - Property 20516000 - advertiser.phone: 876270361
2026-01-21 02:54:08,857 - INFO - Found promotion ID: 8c9128c8-fbe3-43ed-8575-94529a614de5, fetching tracking phone...
2026-01-21 02:54:09,393 - WARNING - Failed to get tracking phone for 8c9128c8-fbe3-43ed-8575-94529a614de5: HTTP 403
2026-01-21 02:54:09,394 - INFO - Property 20516000 - publisher.phone: 876270361
2026-01-21 02:54:09,394 - INFO - Final phone for property 20516000: 876270361
2026-01-21 02:54:09,396 - INFO - SUCCESS: Property 20516000 - Phone: 876270361
2026-01-21 02:54:09,398 - INFO - 
[102/1020] Processing property 20525108...
2026-01-21 02:54:09,399 - INFO - Waiting 11.5 seconds before requesting property 20525108...
2026-01-21 02:54:20,859 - INFO - Requesting property 20525108: https://www.fotocasa.es/es/comprar/obra-nueva/sevilla-capital/20525108
2026-01-21 02:54:21,652 - INFO - Property 20525108 - advertiser.phone: 954201732
2026-01-21 02:54:21,652 - INFO - Found promotion ID: e3b91c58-6ff1-42bc-9df7-4129473410d8, fetching tracking phone...
2026-01-21 02:54:22,248 - WARNING - Failed to get tracking phone for e3b91c58-6ff1-42bc-9df7-4129473410d8: HTTP 403
2026-01-21 02:54:22,250 - INFO - Property 20525108 - publisher.phone: 954201732
2026-01-21 02:54:22,250 - INFO - Final phone for property 20525108: 954201732
2026-01-21 02:54:22,251 - INFO - SUCCESS: Property 20525108 - Phone: 954201732
2026-01-21 02:54:22,254 - INFO - 
[103/1020] Processing property 20532312...
2026-01-21 02:54:22,254 - INFO - Waiting 14.9 seconds before requesting property 20532312...
2026-01-21 02:54:38,294 - INFO - Requesting property 20532312: https://www.fotocasa.es/es/comprar/obra-nueva/barcelona-capital/20532312
2026-01-21 02:54:38,805 - INFO - Property 20532312 - advertiser.phone: 910752063
2026-01-21 02:54:38,805 - INFO - Found promotion ID: f11b346f-f821-41db-81ed-61e17fdc1fdc, fetching tracking phone...
2026-01-21 02:54:39,367 - WARNING - Failed to get tracking phone for f11b346f-f821-41db-81ed-61e17fdc1fdc: HTTP 403
2026-01-21 02:54:39,367 - INFO - Property 20532312 - publisher.phone: 910752063
2026-01-21 02:54:39,367 - INFO - Final phone for property 20532312: 910752063
2026-01-21 02:54:39,369 - INFO - SUCCESS: Property 20532312 - Phone: 910752063
2026-01-21 02:54:39,371 - INFO - 
[104/1020] Processing property 20638669...
2026-01-21 02:54:39,371 - INFO - Waiting 14.4 seconds before requesting property 20638669...
2026-01-21 02:54:53,821 - INFO - Requesting property 20638669: https://www.fotocasa.es/es/comprar/obra-nueva/sabadell/20638669
2026-01-21 02:54:54,265 - INFO - Property 20638669 - advertiser.phone: +34661965534
2026-01-21 02:54:54,266 - INFO - Found promotion ID: 9f242995-343c-48d1-9d99-cffb4274ae4f, fetching tracking phone...
2026-01-21 02:54:54,802 - WARNING - Failed to get tracking phone for 9f242995-343c-48d1-9d99-cffb4274ae4f: HTTP 403
2026-01-21 02:54:54,802 - INFO - Property 20638669 - publisher.phone: +34661965534
2026-01-21 02:54:54,802 - INFO - Final phone for property 20638669: +34661965534
2026-01-21 02:54:54,804 - INFO - SUCCESS: Property 20638669 - Phone: +34661965534
2026-01-21 02:54:54,807 - INFO - 
[105/1020] Processing property 20637662...
2026-01-21 02:54:54,807 - INFO - Waiting 11.3 seconds before requesting property 20637662...
2026-01-21 02:55:06,078 - INFO - Requesting property 20637662: https://www.fotocasa.es/es/comprar/obra-nueva/salou/20637662
2026-01-21 02:55:06,534 - INFO - Property 20637662 - advertiser.phone: 977936289
2026-01-21 02:55:06,534 - INFO - Found promotion ID: f4b1b54c-a63d-4ddd-bba8-9ed9690f7075, fetching tracking phone...
2026-01-21 02:55:07,080 - WARNING - Failed to get tracking phone for f4b1b54c-a63d-4ddd-bba8-9ed9690f7075: HTTP 403
2026-01-21 02:55:07,081 - INFO - Property 20637662 - publisher.phone: 977936289
2026-01-21 02:55:07,081 - INFO - Final phone for property 20637662: 977936289
2026-01-21 02:55:07,082 - INFO - SUCCESS: Property 20637662 - Phone: 977936289
2026-01-21 02:55:07,085 - INFO - 
[106/1020] Processing property 20532313...
2026-01-21 02:55:07,085 - INFO - Waiting 13.6 seconds before requesting property 20532313...
2026-01-21 02:55:20,778 - INFO - Requesting property 20532313: https://www.fotocasa.es/es/comprar/obra-nueva/sanxenxo/20532313
2026-01-21 02:55:21,408 - INFO - Property 20532313 - advertiser.phone: 910752063
2026-01-21 02:55:21,408 - INFO - Found promotion ID: 55331874-b7b4-4a9a-942e-e068093ec479, fetching tracking phone...
2026-01-21 02:55:21,941 - WARNING - Failed to get tracking phone for 55331874-b7b4-4a9a-942e-e068093ec479: HTTP 403
2026-01-21 02:55:21,941 - INFO - Property 20532313 - publisher.phone: 910752063
2026-01-21 02:55:21,941 - INFO - Final phone for property 20532313: 910752063
2026-01-21 02:55:21,941 - INFO - SUCCESS: Property 20532313 - Phone: 910752063
2026-01-21 02:55:21,949 - INFO - 
[107/1020] Processing property 20509607...
2026-01-21 02:55:21,949 - INFO - Waiting 14.6 seconds before requesting property 20509607...
2026-01-21 02:55:36,573 - INFO - Requesting property 20509607: https://www.fotocasa.es/es/comprar/obra-nueva/oliva/20509607
2026-01-21 02:55:36,978 - INFO - Property 20509607 - advertiser.phone: 961281508
2026-01-21 02:55:36,978 - INFO - Found promotion ID: 0fed3cfb-7c07-4e38-b27c-ffabd2a5fb7e, fetching tracking phone...
2026-01-21 02:55:37,446 - WARNING - Failed to get tracking phone for 0fed3cfb-7c07-4e38-b27c-ffabd2a5fb7e: HTTP 403
2026-01-21 02:55:37,447 - INFO - Property 20509607 - publisher.phone: 961281508
2026-01-21 02:55:37,448 - INFO - Final phone for property 20509607: 961281508
2026-01-21 02:55:37,449 - INFO - SUCCESS: Property 20509607 - Phone: 961281508
2026-01-21 02:55:37,451 - INFO - 
[108/1020] Processing property 20637536...
2026-01-21 02:55:37,452 - INFO - Waiting 11.5 seconds before requesting property 20637536...
2026-01-21 02:55:48,996 - INFO - Requesting property 20637536: https://www.fotocasa.es/es/comprar/obra-nueva/llucmajor/20637536
2026-01-21 02:55:49,469 - INFO - Property 20637536 - advertiser.phone: +34971662402
2026-01-21 02:55:49,469 - INFO - Found promotion ID: e3ed06c5-dcd3-4bb7-85e3-3b09c3508f4f, fetching tracking phone...
2026-01-21 02:55:50,010 - WARNING - Failed to get tracking phone for e3ed06c5-dcd3-4bb7-85e3-3b09c3508f4f: HTTP 403
2026-01-21 02:55:50,011 - INFO - Property 20637536 - publisher.phone: +34971662402
2026-01-21 02:55:50,011 - INFO - Final phone for property 20637536: +34971662402
2026-01-21 02:55:50,013 - INFO - SUCCESS: Property 20637536 - Phone: +34971662402
2026-01-21 02:55:50,016 - INFO - 
[109/1020] Processing property 20514081...
2026-01-21 02:55:50,016 - INFO - Waiting 13.2 seconds before requesting property 20514081...
2026-01-21 02:56:03,266 - INFO - Requesting property 20514081: https://www.fotocasa.es/es/comprar/obra-nueva/pals/20514081
2026-01-21 02:56:03,827 - INFO - Property 20514081 - advertiser.phone: 930441067
2026-01-21 02:56:03,827 - INFO - Found promotion ID: fe950b17-eb43-417a-a797-85e86b0942e3, fetching tracking phone...
2026-01-21 02:56:04,246 - WARNING - Failed to get tracking phone for fe950b17-eb43-417a-a797-85e86b0942e3: HTTP 403
2026-01-21 02:56:04,247 - INFO - Property 20514081 - publisher.phone: 930441067
2026-01-21 02:56:04,247 - INFO - Final phone for property 20514081: 930441067
2026-01-21 02:56:04,248 - INFO - SUCCESS: Property 20514081 - Phone: 930441067
2026-01-21 02:56:04,252 - INFO - 
[110/1020] Processing property 20617808...
2026-01-21 02:56:04,252 - INFO - Waiting 11.3 seconds before requesting property 20617808...
2026-01-21 02:56:15,586 - INFO - Requesting property 20617808: https://www.fotocasa.es/es/comprar/obra-nueva/aspe/20617808
2026-01-21 02:56:16,040 - INFO - Property 20617808 - advertiser.phone: +34645334628
2026-01-21 02:56:16,040 - INFO - Found promotion ID: 9e7d6d42-3076-46a5-8876-2191396b2004, fetching tracking phone...
2026-01-21 02:56:16,594 - WARNING - Failed to get tracking phone for 9e7d6d42-3076-46a5-8876-2191396b2004: HTTP 403
2026-01-21 02:56:16,595 - INFO - Property 20617808 - publisher.phone: +34645334628
2026-01-21 02:56:16,595 - INFO - Final phone for property 20617808: +34645334628
2026-01-21 02:56:16,597 - INFO - SUCCESS: Property 20617808 - Phone: +34645334628
2026-01-21 02:56:16,600 - INFO - Progress: 110/1020 (10.8%)
2026-01-21 02:56:16,601 - INFO - Success: 109, Failed: 1
2026-01-21 02:56:16,601 - INFO - Estimated time remaining: 211.2 minutes
2026-01-21 02:56:16,601 - INFO - 
[111/1020] Processing property 20636089...
2026-01-21 02:56:16,602 - INFO - Waiting 14.6 seconds before requesting property 20636089...
2026-01-21 02:56:31,231 - INFO - Requesting property 20636089: https://www.fotocasa.es/es/comprar/obra-nueva/palma-de-mallorca/20636089
2026-01-21 02:56:31,667 - INFO - Property 20636089 - advertiser.phone: +34654443087
2026-01-21 02:56:31,667 - INFO - Found promotion ID: e94e3e48-58e9-490a-be18-6377469e8a44, fetching tracking phone...
2026-01-21 02:56:32,009 - WARNING - Failed to get tracking phone for e94e3e48-58e9-490a-be18-6377469e8a44: HTTP 403
2026-01-21 02:56:32,009 - INFO - Property 20636089 - publisher.phone: +34654443087
2026-01-21 02:56:32,009 - INFO - Final phone for property 20636089: +34654443087
2026-01-21 02:56:32,011 - INFO - SUCCESS: Property 20636089 - Phone: +34654443087
2026-01-21 02:56:32,014 - INFO - 
[112/1020] Processing property 20622953...
2026-01-21 02:56:32,015 - INFO - Waiting 13.9 seconds before requesting property 20622953...
2026-01-21 02:56:45,937 - INFO - Requesting property 20622953: https://www.fotocasa.es/es/comprar/obra-nueva/navalcarnero/20622953
2026-01-21 02:56:46,426 - INFO - Property 20622953 - advertiser.phone: +34671339938
2026-01-21 02:56:46,426 - INFO - Found promotion ID: 2b8d86b0-0461-4e1c-b842-7ff256eec5b7, fetching tracking phone...
2026-01-21 02:56:46,858 - WARNING - Failed to get tracking phone for 2b8d86b0-0461-4e1c-b842-7ff256eec5b7: HTTP 403
2026-01-21 02:56:46,858 - INFO - Property 20622953 - publisher.phone: +34671339938
2026-01-21 02:56:46,859 - INFO - Final phone for property 20622953: +34671339938
2026-01-21 02:56:46,861 - INFO - SUCCESS: Property 20622953 - Phone: +34671339938
2026-01-21 02:56:46,863 - INFO - 
[113/1020] Processing property 20623429...
2026-01-21 02:56:46,864 - INFO - Waiting 12.1 seconds before requesting property 20623429...
2026-01-21 02:56:58,921 - INFO - Requesting property 20623429: https://www.fotocasa.es/es/comprar/obra-nueva/azuqueca-de-henares/20623429
2026-01-21 02:57:00,663 - INFO - Property 20623429 - advertiser.phone: 949940238
2026-01-21 02:57:00,689 - INFO - Found promotion ID: 5ff957b7-9e64-4c48-bebe-cc9c27bfeb23, fetching tracking phone...
2026-01-21 02:57:01,207 - WARNING - Failed to get tracking phone for 5ff957b7-9e64-4c48-bebe-cc9c27bfeb23: HTTP 403
2026-01-21 02:57:01,207 - INFO - Property 20623429 - publisher.phone: 949940238
2026-01-21 02:57:01,207 - INFO - Final phone for property 20623429: 949940238
2026-01-21 02:57:01,208 - INFO - SUCCESS: Property 20623429 - Phone: 949940238
2026-01-21 02:57:01,211 - INFO - 
[114/1020] Processing property 20532302...
2026-01-21 02:57:01,212 - INFO - Waiting 11.3 seconds before requesting property 20532302...
2026-01-21 02:57:12,476 - INFO - Requesting property 20532302: https://www.fotocasa.es/es/comprar/obra-nueva/sabadell/20532302
2026-01-21 02:57:13,170 - INFO - Property 20532302 - advertiser.phone: 910752063
2026-01-21 02:57:13,186 - INFO - Found promotion ID: 96c62dd0-0ab5-43ef-8738-0946a086655b, fetching tracking phone...
2026-01-21 02:57:13,660 - WARNING - Failed to get tracking phone for 96c62dd0-0ab5-43ef-8738-0946a086655b: HTTP 403
2026-01-21 02:57:13,660 - INFO - Property 20532302 - publisher.phone: 910752063
2026-01-21 02:57:13,661 - INFO - Final phone for property 20532302: 910752063
2026-01-21 02:57:13,662 - INFO - SUCCESS: Property 20532302 - Phone: 910752063
2026-01-21 02:57:13,667 - INFO - 
[115/1020] Processing property 20559709...
2026-01-21 02:57:13,667 - INFO - Waiting 11.7 seconds before requesting property 20559709...
2026-01-21 02:57:25,625 - INFO - Requesting property 20559709: https://www.fotocasa.es/es/comprar/obra-nueva/terrassa/20559709
2026-01-21 02:57:26,737 - INFO - Property 20559709 - advertiser.phone: 930443519
2026-01-21 02:57:26,758 - INFO - Found promotion ID: 7ba3f565-d893-4480-9041-97c3e90a1a48, fetching tracking phone...
2026-01-21 02:57:27,206 - WARNING - Failed to get tracking phone for 7ba3f565-d893-4480-9041-97c3e90a1a48: HTTP 403
2026-01-21 02:57:27,207 - INFO - Property 20559709 - publisher.phone: 930443519
2026-01-21 02:57:27,207 - INFO - Final phone for property 20559709: 930443519
2026-01-21 02:57:27,208 - INFO - SUCCESS: Property 20559709 - Phone: 930443519
2026-01-21 02:57:27,281 - INFO - 
[116/1020] Processing property 20634443...
2026-01-21 02:57:27,283 - INFO - Waiting 13.6 seconds before requesting property 20634443...
2026-01-21 02:57:40,837 - INFO - Requesting property 20634443: https://www.fotocasa.es/es/comprar/obra-nueva/mutxamel/20634443
2026-01-21 02:57:41,300 - INFO - Property 20634443 - advertiser.phone: 965090413
2026-01-21 02:57:41,300 - INFO - Found promotion ID: d52e763c-6e9c-453e-9bad-297e367d02b4, fetching tracking phone...
2026-01-21 02:57:41,875 - WARNING - Failed to get tracking phone for d52e763c-6e9c-453e-9bad-297e367d02b4: HTTP 403
2026-01-21 02:57:41,875 - INFO - Property 20634443 - publisher.phone: 965090413
2026-01-21 02:57:41,875 - INFO - Final phone for property 20634443: 965090413
2026-01-21 02:57:41,877 - INFO - SUCCESS: Property 20634443 - Phone: 965090413
2026-01-21 02:57:41,880 - INFO - 
[117/1020] Processing property 20525083...
2026-01-21 02:57:41,880 - INFO - Waiting 11.8 seconds before requesting property 20525083...
2026-01-21 02:57:53,731 - INFO - Requesting property 20525083: https://www.fotocasa.es/es/comprar/obra-nueva/sevilla-capital/20525083
2026-01-21 02:57:54,433 - INFO - Property 20525083 - advertiser.phone: 954201732
2026-01-21 02:57:54,461 - INFO - Found promotion ID: 8e91e039-4125-44a7-8372-3e101620ccd0, fetching tracking phone...
2026-01-21 02:57:55,016 - WARNING - Failed to get tracking phone for 8e91e039-4125-44a7-8372-3e101620ccd0: HTTP 403
2026-01-21 02:57:55,017 - INFO - Property 20525083 - publisher.phone: 954201732
2026-01-21 02:57:55,017 - INFO - Final phone for property 20525083: 954201732
2026-01-21 02:57:55,018 - INFO - SUCCESS: Property 20525083 - Phone: 954201732
2026-01-21 02:57:55,022 - INFO - 
[118/1020] Processing property 20632470...
2026-01-21 02:57:55,023 - INFO - Waiting 11.4 seconds before requesting property 20632470...
2026-01-21 02:58:06,437 - INFO - Requesting property 20632470: https://www.fotocasa.es/es/comprar/obra-nueva/burjassot/20632470
2026-01-21 02:58:06,927 - INFO - Property 20632470 - advertiser.phone: 960960853
2026-01-21 02:58:06,927 - INFO - Found promotion ID: 663275a0-0d2b-4a9a-b32c-71defebe00ce, fetching tracking phone...
2026-01-21 02:58:07,356 - WARNING - Failed to get tracking phone for 663275a0-0d2b-4a9a-b32c-71defebe00ce: HTTP 403
2026-01-21 02:58:07,356 - INFO - Property 20632470 - publisher.phone: 960960853
2026-01-21 02:58:07,357 - INFO - Final phone for property 20632470: 960960853
2026-01-21 02:58:07,358 - INFO - SUCCESS: Property 20632470 - Phone: 960960853
2026-01-21 02:58:07,360 - INFO - 
[119/1020] Processing property 20634103...
2026-01-21 02:58:07,360 - INFO - Waiting 11.2 seconds before requesting property 20634103...
2026-01-21 02:58:18,593 - INFO - Requesting property 20634103: https://www.fotocasa.es/es/comprar/obra-nueva/inca/20634103
2026-01-21 02:58:19,002 - INFO - Property 20634103 - advertiser.phone: 971925628
2026-01-21 02:58:19,003 - INFO - Found promotion ID: 93fce0e8-b55b-4b32-8d12-4f15dfa70d33, fetching tracking phone...
2026-01-21 02:58:19,456 - WARNING - Failed to get tracking phone for 93fce0e8-b55b-4b32-8d12-4f15dfa70d33: HTTP 403
2026-01-21 02:58:19,457 - INFO - Property 20634103 - publisher.phone: 971925628
2026-01-21 02:58:19,457 - INFO - Final phone for property 20634103: 971925628
2026-01-21 02:58:19,458 - INFO - SUCCESS: Property 20634103 - Phone: 971925628
2026-01-21 02:58:19,461 - INFO - 
[120/1020] Processing property 20531676...
2026-01-21 02:58:19,462 - INFO - Waiting 14.7 seconds before requesting property 20531676...
2026-01-21 02:58:34,172 - INFO - Requesting property 20531676: https://www.fotocasa.es/es/comprar/obra-nueva/barcelona-capital/20531676
2026-01-21 02:58:34,689 - INFO - Property 20531676 - advertiser.phone: 930441839
2026-01-21 02:58:34,690 - INFO - Found promotion ID: b97ab672-32e1-4930-a904-f1ad3c46b5fc, fetching tracking phone...
2026-01-21 02:58:35,126 - WARNING - Failed to get tracking phone for b97ab672-32e1-4930-a904-f1ad3c46b5fc: HTTP 403
2026-01-21 02:58:35,126 - INFO - Property 20531676 - publisher.phone: 930441839
2026-01-21 02:58:35,126 - INFO - Final phone for property 20531676: 930441839
2026-01-21 02:58:35,128 - INFO - SUCCESS: Property 20531676 - Phone: 930441839
2026-01-21 02:58:35,130 - INFO - Progress: 120/1020 (11.8%)
2026-01-21 02:58:35,130 - INFO - Success: 119, Failed: 1
2026-01-21 02:58:35,131 - INFO - Estimated time remaining: 208.8 minutes
2026-01-21 02:58:35,132 - INFO - 
[121/1020] Processing property 20625901...
2026-01-21 02:58:35,132 - INFO - Waiting 11.2 seconds before requesting property 20625901...
2026-01-21 02:58:46,321 - INFO - Requesting property 20625901: https://www.fotocasa.es/es/comprar/obra-nueva/valencia-capital/20625901
2026-01-21 02:58:46,747 - INFO - Property 20625901 - advertiser.phone: +34681093136
2026-01-21 02:58:46,747 - INFO - Found promotion ID: 95efafd9-90ab-4fe7-9de7-5cab7bee8713, fetching tracking phone...
2026-01-21 02:58:47,116 - WARNING - Failed to get tracking phone for 95efafd9-90ab-4fe7-9de7-5cab7bee8713: HTTP 403
2026-01-21 02:58:47,116 - INFO - Property 20625901 - publisher.phone: +34681093136
2026-01-21 02:58:47,116 - INFO - Final phone for property 20625901: +34681093136
2026-01-21 02:58:47,118 - INFO - SUCCESS: Property 20625901 - Phone: +34681093136
2026-01-21 02:58:47,121 - INFO - 
[122/1020] Processing property 20612250...
2026-01-21 02:58:47,121 - INFO - Waiting 13.2 seconds before requesting property 20612250...
2026-01-21 02:59:00,436 - INFO - Requesting property 20612250: https://www.fotocasa.es/es/comprar/obra-nueva/l-ametlla-del-valles/20612250
2026-01-21 02:59:01,057 - INFO - Property 20612250 - advertiser.phone: 930445315
2026-01-21 02:59:01,095 - INFO - Found promotion ID: 7561382c-c319-4655-a59e-a6a4b329667a, fetching tracking phone...
2026-01-21 02:59:01,651 - WARNING - Failed to get tracking phone for 7561382c-c319-4655-a59e-a6a4b329667a: HTTP 403
2026-01-21 02:59:01,651 - INFO - Property 20612250 - publisher.phone: 930445315
2026-01-21 02:59:01,652 - INFO - Final phone for property 20612250: 930445315
2026-01-21 02:59:01,653 - INFO - SUCCESS: Property 20612250 - Phone: 930445315
2026-01-21 02:59:01,656 - INFO - 
[123/1020] Processing property 20633013...
2026-01-21 02:59:01,656 - INFO - Waiting 14.1 seconds before requesting property 20633013...
2026-01-21 02:59:15,722 - INFO - Requesting property 20633013: https://www.fotocasa.es/es/comprar/obra-nueva/artes/20633013
2026-01-21 02:59:16,691 - INFO - Property 20633013 - advertiser.phone: 931321596
2026-01-21 02:59:16,693 - INFO - Found promotion ID: 84da81b2-2843-48ce-9a09-19da9e347948, fetching tracking phone...
2026-01-21 02:59:17,729 - WARNING - Failed to get tracking phone for 84da81b2-2843-48ce-9a09-19da9e347948: HTTP 403
2026-01-21 02:59:17,730 - INFO - Property 20633013 - publisher.phone: 931321596
2026-01-21 02:59:17,730 - INFO - Final phone for property 20633013: 931321596
2026-01-21 02:59:17,732 - INFO - SUCCESS: Property 20633013 - Phone: 931321596
2026-01-21 02:59:17,736 - INFO - 
[124/1020] Processing property 20633830...
2026-01-21 02:59:17,736 - INFO - Waiting 15.0 seconds before requesting property 20633830...
2026-01-21 02:59:32,701 - INFO - Requesting property 20633830: https://www.fotocasa.es/es/comprar/obra-nueva/santa-cruz-de-bezana/20633830
2026-01-21 02:59:33,141 - INFO - Property 20633830 - advertiser.phone: 942381252
2026-01-21 02:59:33,142 - INFO - Found promotion ID: de2b8119-7755-48fe-9d83-bbbeef56378c, fetching tracking phone...
2026-01-21 02:59:33,674 - WARNING - Failed to get tracking phone for de2b8119-7755-48fe-9d83-bbbeef56378c: HTTP 403
2026-01-21 02:59:33,674 - INFO - Property 20633830 - publisher.phone: 942381252
2026-01-21 02:59:33,674 - INFO - Final phone for property 20633830: 942381252
2026-01-21 02:59:33,676 - INFO - SUCCESS: Property 20633830 - Phone: 942381252
2026-01-21 02:59:33,678 - INFO - 
[125/1020] Processing property 20509526...
2026-01-21 02:59:33,679 - INFO - Waiting 14.8 seconds before requesting property 20509526...
2026-01-21 02:59:48,492 - INFO - Requesting property 20509526: https://www.fotocasa.es/es/comprar/obra-nueva/begues/20509526
2026-01-21 02:59:48,933 - INFO - Property 20509526 - advertiser.phone: 932398207
2026-01-21 02:59:48,934 - INFO - Found promotion ID: e8e563f1-f7a9-4569-af31-9cbbf07bb037, fetching tracking phone...
2026-01-21 02:59:49,494 - WARNING - Failed to get tracking phone for e8e563f1-f7a9-4569-af31-9cbbf07bb037: HTTP 403
2026-01-21 02:59:49,494 - INFO - Property 20509526 - publisher.phone: 932398207
2026-01-21 02:59:49,495 - INFO - Final phone for property 20509526: 932398207
2026-01-21 02:59:49,496 - INFO - SUCCESS: Property 20509526 - Phone: 932398207
2026-01-21 02:59:49,498 - INFO - 
[126/1020] Processing property 20555988...
2026-01-21 02:59:49,498 - INFO - Waiting 10.6 seconds before requesting property 20555988...
2026-01-21 03:00:00,959 - INFO - Requesting property 20555988: https://www.fotocasa.es/es/comprar/obra-nueva/a-coruna-capital/20555988
2026-01-21 03:00:01,383 - INFO - Property 20555988 - advertiser.phone: 954201732
2026-01-21 03:00:01,384 - INFO - Found promotion ID: 90c24ea9-cfb3-4c04-9eab-abdb10766d70, fetching tracking phone...
2026-01-21 03:00:01,885 - WARNING - Failed to get tracking phone for 90c24ea9-cfb3-4c04-9eab-abdb10766d70: HTTP 403
2026-01-21 03:00:01,886 - INFO - Property 20555988 - publisher.phone: 954201732
2026-01-21 03:00:01,886 - INFO - Final phone for property 20555988: 954201732
2026-01-21 03:00:01,888 - INFO - SUCCESS: Property 20555988 - Phone: 954201732
2026-01-21 03:00:01,891 - INFO - 
[127/1020] Processing property 20525093...
2026-01-21 03:00:01,891 - INFO - Waiting 10.2 seconds before requesting property 20525093...
2026-01-21 03:00:12,067 - INFO - Requesting property 20525093: https://www.fotocasa.es/es/comprar/obra-nueva/madrid-capital/20525093
2026-01-21 03:00:12,534 - INFO - Property 20525093 - advertiser.phone: 954201732
2026-01-21 03:00:12,534 - INFO - Found promotion ID: 021f8c9c-1433-4d8c-b1b0-869af9b0695e, fetching tracking phone...
2026-01-21 03:00:12,928 - WARNING - Failed to get tracking phone for 021f8c9c-1433-4d8c-b1b0-869af9b0695e: HTTP 403
2026-01-21 03:00:12,929 - INFO - Property 20525093 - publisher.phone: 954201732
2026-01-21 03:00:12,929 - INFO - Final phone for property 20525093: 954201732
2026-01-21 03:00:12,932 - INFO - SUCCESS: Property 20525093 - Phone: 954201732
2026-01-21 03:00:12,933 - INFO - 
[128/1020] Processing property 20523864...
2026-01-21 03:00:12,933 - INFO - Waiting 14.0 seconds before requesting property 20523864...
2026-01-21 03:00:26,900 - INFO - Requesting property 20523864: https://www.fotocasa.es/es/comprar/obra-nueva/el-ejido/20523864
2026-01-21 03:00:27,318 - INFO - Property 20523864 - advertiser.phone: 950916253
2026-01-21 03:00:27,319 - INFO - Found promotion ID: c725bc2f-3716-427c-b1da-81a24cd3bb65, fetching tracking phone...
2026-01-21 03:00:27,851 - WARNING - Failed to get tracking phone for c725bc2f-3716-427c-b1da-81a24cd3bb65: HTTP 403
2026-01-21 03:00:27,851 - INFO - Property 20523864 - publisher.phone: 950916253
2026-01-21 03:00:27,852 - INFO - Final phone for property 20523864: 950916253
2026-01-21 03:00:27,854 - INFO - SUCCESS: Property 20523864 - Phone: 950916253
2026-01-21 03:00:27,856 - INFO - 
[129/1020] Processing property 20511877...
2026-01-21 03:00:27,856 - INFO - Waiting 11.6 seconds before requesting property 20511877...
2026-01-21 03:00:39,502 - INFO - Requesting property 20511877: https://www.fotocasa.es/es/comprar/obra-nueva/lazkao/20511877
2026-01-21 03:00:39,967 - INFO - Property 20511877 - advertiser.phone: 943913017
2026-01-21 03:00:39,967 - INFO - Found promotion ID: 09ce30c6-0356-4543-8aa7-12779ea2e637, fetching tracking phone...
2026-01-21 03:00:40,404 - WARNING - Failed to get tracking phone for 09ce30c6-0356-4543-8aa7-12779ea2e637: HTTP 403
2026-01-21 03:00:40,405 - INFO - Property 20511877 - publisher.phone: 943913017
2026-01-21 03:00:40,405 - INFO - Final phone for property 20511877: 943913017
2026-01-21 03:00:40,406 - INFO - SUCCESS: Property 20511877 - Phone: 943913017
2026-01-21 03:00:40,409 - INFO - 
[130/1020] Processing property 20514805...
2026-01-21 03:00:40,409 - INFO - Waiting 10.8 seconds before requesting property 20514805...
2026-01-21 03:00:51,196 - INFO - Requesting property 20514805: https://www.fotocasa.es/es/comprar/obra-nueva/palma-de-mallorca/20514805
2026-01-21 03:00:51,654 - INFO - Property 20514805 - advertiser.phone: 971087023
2026-01-21 03:00:51,654 - INFO - Found promotion ID: 6ed315dd-a904-40ad-875d-399a05d663db, fetching tracking phone...
2026-01-21 03:00:52,121 - WARNING - Failed to get tracking phone for 6ed315dd-a904-40ad-875d-399a05d663db: HTTP 403
2026-01-21 03:00:52,121 - INFO - Property 20514805 - publisher.phone: 971087023
2026-01-21 03:00:52,121 - INFO - Final phone for property 20514805: 971087023
2026-01-21 03:00:52,123 - INFO - SUCCESS: Property 20514805 - Phone: 971087023
2026-01-21 03:00:52,125 - INFO - Progress: 130/1020 (12.7%)
2026-01-21 03:00:52,125 - INFO - Success: 129, Failed: 1
2026-01-21 03:00:52,126 - INFO - Estimated time remaining: 206.2 minutes
2026-01-21 03:00:52,126 - INFO - 
[131/1020] Processing property 20631986...
2026-01-21 03:00:52,126 - INFO - Waiting 13.5 seconds before requesting property 20631986...
2026-01-21 03:01:05,608 - INFO - Requesting property 20631986: https://www.fotocasa.es/es/comprar/obra-nueva/los-corrales-de-buelna/20631986
2026-01-21 03:01:06,137 - INFO - Property 20631986 - advertiser.phone: 942382916
2026-01-21 03:01:06,138 - INFO - Found promotion ID: 37e8d475-47b2-4d7c-b461-a7d4740e5d9f, fetching tracking phone...
2026-01-21 03:01:06,703 - WARNING - Failed to get tracking phone for 37e8d475-47b2-4d7c-b461-a7d4740e5d9f: HTTP 403
2026-01-21 03:01:06,704 - INFO - Property 20631986 - publisher.phone: 942382916
2026-01-21 03:01:06,704 - INFO - Final phone for property 20631986: 942382916
2026-01-21 03:01:06,705 - INFO - SUCCESS: Property 20631986 - Phone: 942382916
2026-01-21 03:01:06,707 - INFO - 
[132/1020] Processing property 20633211...
2026-01-21 03:01:06,708 - INFO - Waiting 11.8 seconds before requesting property 20633211...
2026-01-21 03:01:18,502 - INFO - Requesting property 20633211: https://www.fotocasa.es/es/comprar/obra-nueva/madrid-capital/20633211
2026-01-21 03:01:18,926 - INFO - Property 20633211 - advertiser.phone: +34665253940
2026-01-21 03:01:18,927 - INFO - Found promotion ID: 30e7a616-9cfa-4ced-a66e-9c44589b312d, fetching tracking phone...
2026-01-21 03:01:19,497 - WARNING - Failed to get tracking phone for 30e7a616-9cfa-4ced-a66e-9c44589b312d: HTTP 403
2026-01-21 03:01:19,497 - INFO - Property 20633211 - publisher.phone: +34665253940
2026-01-21 03:01:19,498 - INFO - Final phone for property 20633211: +34665253940
2026-01-21 03:01:19,499 - INFO - SUCCESS: Property 20633211 - Phone: +34665253940
2026-01-21 03:01:19,502 - INFO - 
[133/1020] Processing property 20610592...
2026-01-21 03:01:19,502 - INFO - Waiting 11.1 seconds before requesting property 20610592...
2026-01-21 03:01:30,652 - INFO - Requesting property 20610592: https://www.fotocasa.es/es/comprar/obra-nueva/getafe/20610592
2026-01-21 03:01:31,141 - INFO - Property 20610592 - advertiser.phone: 910753928
2026-01-21 03:01:31,141 - INFO - Found promotion ID: fdca485d-af94-4e68-9efc-16887625bfe7, fetching tracking phone...
2026-01-21 03:01:31,780 - WARNING - Failed to get tracking phone for fdca485d-af94-4e68-9efc-16887625bfe7: HTTP 403
2026-01-21 03:01:31,781 - INFO - Property 20610592 - publisher.phone: 910753928
2026-01-21 03:01:31,781 - INFO - Final phone for property 20610592: 910753928
2026-01-21 03:01:31,783 - INFO - SUCCESS: Property 20610592 - Phone: 910753928
2026-01-21 03:01:31,785 - INFO - 
[134/1020] Processing property 20633125...
2026-01-21 03:01:31,785 - INFO - Waiting 11.2 seconds before requesting property 20633125...
2026-01-21 03:01:42,962 - INFO - Requesting property 20633125: https://www.fotocasa.es/es/comprar/obra-nueva/cullera/20633125
2026-01-21 03:01:43,505 - INFO - Property 20633125 - advertiser.phone: 965090425
2026-01-21 03:01:43,506 - INFO - Found promotion ID: 58561a71-7fc3-45a5-bca5-9fcb95ab24c3, fetching tracking phone...
2026-01-21 03:01:44,042 - WARNING - Failed to get tracking phone for 58561a71-7fc3-45a5-bca5-9fcb95ab24c3: HTTP 403
2026-01-21 03:01:44,042 - INFO - Property 20633125 - publisher.phone: 965090425
2026-01-21 03:01:44,043 - INFO - Final phone for property 20633125: 965090425
2026-01-21 03:01:44,044 - INFO - SUCCESS: Property 20633125 - Phone: 965090425
2026-01-21 03:01:44,047 - INFO - 
[135/1020] Processing property 20623255...
2026-01-21 03:01:44,047 - INFO - Waiting 12.8 seconds before requesting property 20623255...
2026-01-21 03:01:56,889 - INFO - Requesting property 20623255: https://www.fotocasa.es/es/comprar/obra-nueva/calafell/20623255
2026-01-21 03:01:57,325 - INFO - Property 20623255 - advertiser.phone: 930443782
2026-01-21 03:01:57,325 - INFO - Found promotion ID: e9a88eef-9df3-4452-8983-3c8683156a5f, fetching tracking phone...
2026-01-21 03:01:57,759 - WARNING - Failed to get tracking phone for e9a88eef-9df3-4452-8983-3c8683156a5f: HTTP 403
2026-01-21 03:01:57,759 - INFO - Property 20623255 - publisher.phone: 930443782
2026-01-21 03:01:57,759 - INFO - Final phone for property 20623255: 930443782
2026-01-21 03:01:57,761 - INFO - SUCCESS: Property 20623255 - Phone: 930443782
2026-01-21 03:01:57,763 - INFO - 
[136/1020] Processing property 20527036...
2026-01-21 03:01:57,764 - INFO - Waiting 10.1 seconds before requesting property 20527036...
2026-01-21 03:02:07,838 - INFO - Requesting property 20527036: https://www.fotocasa.es/es/comprar/obra-nueva/estepona/20527036
2026-01-21 03:02:08,377 - INFO - Property 20527036 - advertiser.phone: 951348857
2026-01-21 03:02:08,377 - INFO - Found promotion ID: 0836fdb7-a4f8-4184-8919-d8fda72d1590, fetching tracking phone...
2026-01-21 03:02:08,969 - WARNING - Failed to get tracking phone for 0836fdb7-a4f8-4184-8919-d8fda72d1590: HTTP 403
2026-01-21 03:02:08,970 - INFO - Property 20527036 - publisher.phone: 951348857
2026-01-21 03:02:08,970 - INFO - Final phone for property 20527036: 951348857
2026-01-21 03:02:08,972 - INFO - SUCCESS: Property 20527036 - Phone: 951348857
2026-01-21 03:02:08,974 - INFO - 
[137/1020] Processing property 20632888...
2026-01-21 03:02:08,975 - INFO - Waiting 10.8 seconds before requesting property 20632888...
2026-01-21 03:02:19,735 - INFO - Requesting property 20632888: https://www.fotocasa.es/es/comprar/obra-nueva/tacoronte/20632888
2026-01-21 03:02:21,290 - INFO - Property 20632888 - advertiser.phone: 922931307
2026-01-21 03:02:21,295 - INFO - Found promotion ID: a8aab744-51be-43b4-add8-2cf9ce8f7290, fetching tracking phone...
2026-01-21 03:02:21,887 - WARNING - Failed to get tracking phone for a8aab744-51be-43b4-add8-2cf9ce8f7290: HTTP 403
2026-01-21 03:02:21,887 - INFO - Property 20632888 - publisher.phone: 922931307
2026-01-21 03:02:21,888 - INFO - Final phone for property 20632888: 922931307
2026-01-21 03:02:21,891 - INFO - SUCCESS: Property 20632888 - Phone: 922931307
2026-01-21 03:02:21,895 - INFO - 
[138/1020] Processing property 20559161...
2026-01-21 03:02:21,895 - INFO - Waiting 11.9 seconds before requesting property 20559161...
2026-01-21 03:02:33,814 - INFO - Requesting property 20559161: https://www.fotocasa.es/es/comprar/obra-nueva/valencia-capital/20559161
2026-01-21 03:02:34,231 - INFO - Property 20559161 - advertiser.phone: 962471394
2026-01-21 03:02:34,231 - INFO - Found promotion ID: 927898d1-1cb2-4380-ad68-3037139d4b3d, fetching tracking phone...
2026-01-21 03:02:34,796 - WARNING - Failed to get tracking phone for 927898d1-1cb2-4380-ad68-3037139d4b3d: HTTP 403
2026-01-21 03:02:34,796 - INFO - Property 20559161 - publisher.phone: 962471394
2026-01-21 03:02:34,797 - INFO - Final phone for property 20559161: 962471394
2026-01-21 03:02:34,798 - INFO - SUCCESS: Property 20559161 - Phone: 962471394
2026-01-21 03:02:34,800 - INFO - 
[139/1020] Processing property 20559160...
2026-01-21 03:02:34,802 - INFO - Waiting 11.9 seconds before requesting property 20559160...
2026-01-21 03:02:46,731 - INFO - Requesting property 20559160: https://www.fotocasa.es/es/comprar/obra-nueva/madrid-capital/20559160
2026-01-21 03:02:47,324 - INFO - Property 20559160 - advertiser.phone: 910752547
2026-01-21 03:02:47,325 - INFO - Found promotion ID: 83613ede-3633-4998-b38d-3be73cc1fc47, fetching tracking phone...
2026-01-21 03:02:47,882 - WARNING - Failed to get tracking phone for 83613ede-3633-4998-b38d-3be73cc1fc47: HTTP 403
2026-01-21 03:02:47,882 - INFO - Property 20559160 - publisher.phone: 910752547
2026-01-21 03:02:47,882 - INFO - Final phone for property 20559160: 910752547
2026-01-21 03:02:47,884 - INFO - SUCCESS: Property 20559160 - Phone: 910752547
2026-01-21 03:02:47,886 - INFO - 
[140/1020] Processing property 20509425...
2026-01-21 03:02:47,886 - INFO - Waiting 12.9 seconds before requesting property 20509425...
2026-01-21 03:03:00,769 - INFO - Requesting property 20509425: https://www.fotocasa.es/es/comprar/obra-nueva/sant-just-desvern/20509425
2026-01-21 03:03:01,255 - INFO - Property 20509425 - advertiser.phone: 932398176
2026-01-21 03:03:01,256 - INFO - Found promotion ID: 91a65903-379a-47a3-90b1-c007ffb3ff98, fetching tracking phone...
2026-01-21 03:03:01,853 - WARNING - Failed to get tracking phone for 91a65903-379a-47a3-90b1-c007ffb3ff98: HTTP 403
2026-01-21 03:03:01,855 - INFO - Property 20509425 - publisher.phone: 932398176
2026-01-21 03:03:01,855 - INFO - Final phone for property 20509425: 932398176
2026-01-21 03:03:01,856 - INFO - SUCCESS: Property 20509425 - Phone: 932398176
2026-01-21 03:03:01,859 - INFO - Progress: 140/1020 (13.7%)
2026-01-21 03:03:01,860 - INFO - Success: 139, Failed: 1
2026-01-21 03:03:01,860 - INFO - Estimated time remaining: 202.9 minutes
2026-01-21 03:03:01,860 - INFO - 
[141/1020] Processing property 20632448...
2026-01-21 03:03:01,860 - INFO - Waiting 12.2 seconds before requesting property 20632448...
2026-01-21 03:03:14,033 - INFO - Requesting property 20632448: https://www.fotocasa.es/es/comprar/obra-nueva/malaga-capital/20632448
2026-01-21 03:03:14,584 - INFO - Property 20632448 - advertiser.phone: +34951137074
2026-01-21 03:03:14,585 - INFO - Found promotion ID: 4995671e-cf30-4b0d-b9f1-fdd4df6665ea, fetching tracking phone...
2026-01-21 03:03:15,115 - WARNING - Failed to get tracking phone for 4995671e-cf30-4b0d-b9f1-fdd4df6665ea: HTTP 403
2026-01-21 03:03:15,115 - INFO - Property 20632448 - publisher.phone: +34951137074
2026-01-21 03:03:15,116 - INFO - Final phone for property 20632448: +34951137074
2026-01-21 03:03:15,117 - INFO - SUCCESS: Property 20632448 - Phone: +34951137074
2026-01-21 03:03:15,119 - INFO - 
[142/1020] Processing property 20632303...
2026-01-21 03:03:15,119 - INFO - Waiting 13.6 seconds before requesting property 20632303...
2026-01-21 03:03:28,702 - INFO - Requesting property 20632303: https://www.fotocasa.es/es/comprar/obra-nueva/granada-capital/20632303
2026-01-21 03:03:29,156 - INFO - Property 20632303 - advertiser.phone: 958911407
2026-01-21 03:03:29,157 - INFO - Found promotion ID: fd4a445b-8d1a-4dd5-9fdf-8a4a63f1e698, fetching tracking phone...
2026-01-21 03:03:29,712 - WARNING - Failed to get tracking phone for fd4a445b-8d1a-4dd5-9fdf-8a4a63f1e698: HTTP 403
2026-01-21 03:03:29,713 - INFO - Property 20632303 - publisher.phone: 958911407
2026-01-21 03:03:29,713 - INFO - Final phone for property 20632303: 958911407
2026-01-21 03:03:29,715 - INFO - SUCCESS: Property 20632303 - Phone: 958911407
2026-01-21 03:03:29,717 - INFO - 
[143/1020] Processing property 20525116...
2026-01-21 03:03:29,718 - INFO - Waiting 10.7 seconds before requesting property 20525116...
2026-01-21 03:03:40,398 - INFO - Requesting property 20525116: https://www.fotocasa.es/es/comprar/obra-nueva/adeje/20525116
2026-01-21 03:03:40,885 - INFO - Property 20525116 - advertiser.phone: 954201732
2026-01-21 03:03:40,885 - INFO - Found promotion ID: fdff017f-cf39-4c00-8d7c-0b7fc267327f, fetching tracking phone...
2026-01-21 03:03:41,467 - WARNING - Failed to get tracking phone for fdff017f-cf39-4c00-8d7c-0b7fc267327f: HTTP 403
2026-01-21 03:03:41,467 - INFO - Property 20525116 - publisher.phone: 954201732
2026-01-21 03:03:41,469 - INFO - Final phone for property 20525116: 954201732
2026-01-21 03:03:41,470 - INFO - SUCCESS: Property 20525116 - Phone: 954201732
2026-01-21 03:03:41,472 - INFO - 
[144/1020] Processing property 20525109...
2026-01-21 03:03:41,473 - INFO - Waiting 12.5 seconds before requesting property 20525109...
2026-01-21 03:03:54,013 - INFO - Requesting property 20525109: https://www.fotocasa.es/es/comprar/obra-nueva/manresa/20525109
2026-01-21 03:03:55,758 - INFO - Property 20525109 - advertiser.phone: 954201732
2026-01-21 03:03:56,003 - INFO - Found promotion ID: 3660eadc-4ddf-48a8-bc1a-9ec9c3afd741, fetching tracking phone...
2026-01-21 03:03:56,682 - WARNING - Failed to get tracking phone for 3660eadc-4ddf-48a8-bc1a-9ec9c3afd741: HTTP 403
2026-01-21 03:03:56,697 - INFO - Property 20525109 - publisher.phone: 954201732
2026-01-21 03:03:56,716 - INFO - Final phone for property 20525109: 954201732
2026-01-21 03:03:56,756 - INFO - SUCCESS: Property 20525109 - Phone: 954201732
2026-01-21 03:03:56,864 - INFO - 
[145/1020] Processing property 20555987...
2026-01-21 03:03:56,925 - INFO - Waiting 11.8 seconds before requesting property 20555987...
2026-01-21 03:04:08,810 - INFO - Requesting property 20555987: https://www.fotocasa.es/es/comprar/obra-nueva/oviedo/20555987
2026-01-21 03:04:09,393 - INFO - Property 20555987 - advertiser.phone: 954201732
2026-01-21 03:04:09,395 - INFO - Found promotion ID: 378e24a2-cd0d-4cd8-810b-294599816cf5, fetching tracking phone...
2026-01-21 03:04:10,181 - WARNING - Failed to get tracking phone for 378e24a2-cd0d-4cd8-810b-294599816cf5: HTTP 403
2026-01-21 03:04:10,182 - INFO - Property 20555987 - publisher.phone: 954201732
2026-01-21 03:04:10,182 - INFO - Final phone for property 20555987: 954201732
2026-01-21 03:04:10,184 - INFO - SUCCESS: Property 20555987 - Phone: 954201732
2026-01-21 03:04:10,187 - INFO - 
[146/1020] Processing property 20631958...
2026-01-21 03:04:10,187 - INFO - Waiting 13.4 seconds before requesting property 20631958...
2026-01-21 03:04:23,571 - INFO - Requesting property 20631958: https://www.fotocasa.es/es/comprar/obra-nueva/elche-elx/20631958
2026-01-21 03:04:24,037 - INFO - Property 20631958 - advertiser.phone: 966533198
2026-01-21 03:04:24,037 - INFO - Found promotion ID: a087c800-de53-4d9b-8c8e-9c7d333ba371, fetching tracking phone...
2026-01-21 03:04:24,585 - WARNING - Failed to get tracking phone for a087c800-de53-4d9b-8c8e-9c7d333ba371: HTTP 403
2026-01-21 03:04:24,585 - INFO - Property 20631958 - publisher.phone: 966533198
2026-01-21 03:04:24,586 - INFO - Final phone for property 20631958: 966533198
2026-01-21 03:04:24,587 - INFO - SUCCESS: Property 20631958 - Phone: 966533198
2026-01-21 03:04:24,589 - INFO - 
[147/1020] Processing property 20567238...
2026-01-21 03:04:24,590 - INFO - Waiting 14.6 seconds before requesting property 20567238...
2026-01-21 03:04:39,150 - INFO - Requesting property 20567238: https://www.fotocasa.es/es/comprar/obra-nueva/villanueva-de-la-torre/20567238
2026-01-21 03:04:39,605 - INFO - Property 20567238 - advertiser.phone: 949940215
2026-01-21 03:04:39,605 - INFO - Found promotion ID: 7c88249a-9b41-43b6-ac4b-38ffcedc1abb, fetching tracking phone...
2026-01-21 03:04:40,147 - WARNING - Failed to get tracking phone for 7c88249a-9b41-43b6-ac4b-38ffcedc1abb: HTTP 403
2026-01-21 03:04:40,147 - INFO - Property 20567238 - publisher.phone: 949940215
2026-01-21 03:04:40,148 - INFO - Final phone for property 20567238: 949940215
2026-01-21 03:04:40,149 - INFO - SUCCESS: Property 20567238 - Phone: 949940215
2026-01-21 03:04:40,152 - INFO - 
[148/1020] Processing property 20611157...
2026-01-21 03:04:40,152 - INFO - Waiting 11.2 seconds before requesting property 20611157...
2026-01-21 03:04:51,316 - INFO - Requesting property 20611157: https://www.fotocasa.es/es/comprar/obra-nueva/miraflores-de-la-sierra/20611157
2026-01-21 03:04:51,725 - INFO - Property 20611157 - advertiser.phone: 910753928
2026-01-21 03:04:51,726 - INFO - Found promotion ID: fc088dc7-f655-4dc5-818a-3e78e902039c, fetching tracking phone...
2026-01-21 03:04:52,248 - WARNING - Failed to get tracking phone for fc088dc7-f655-4dc5-818a-3e78e902039c: HTTP 403
2026-01-21 03:04:52,248 - INFO - Property 20611157 - publisher.phone: 910753928
2026-01-21 03:04:52,249 - INFO - Final phone for property 20611157: 910753928
2026-01-21 03:04:52,251 - INFO - SUCCESS: Property 20611157 - Phone: 910753928
2026-01-21 03:04:52,253 - INFO - 
[149/1020] Processing property 20624133...
2026-01-21 03:04:52,253 - INFO - Waiting 10.1 seconds before requesting property 20624133...
2026-01-21 03:05:02,959 - INFO - Requesting property 20624133: https://www.fotocasa.es/es/comprar/obra-nueva/villanueva-del-pardillo/20624133
2026-01-21 03:05:03,964 - INFO - Property 20624133 - advertiser.phone: 910754129
2026-01-21 03:05:03,965 - INFO - Found promotion ID: 91a41c55-fad1-4ffe-b925-9243edfd9e74, fetching tracking phone...
2026-01-21 03:05:04,563 - WARNING - Failed to get tracking phone for 91a41c55-fad1-4ffe-b925-9243edfd9e74: HTTP 403
2026-01-21 03:05:04,564 - INFO - Property 20624133 - publisher.phone: 910754129
2026-01-21 03:05:04,565 - INFO - Final phone for property 20624133: 910754129
2026-01-21 03:05:04,569 - INFO - SUCCESS: Property 20624133 - Phone: 910754129
2026-01-21 03:05:04,575 - INFO - 
[150/1020] Processing property 20631661...
2026-01-21 03:05:04,576 - INFO - Waiting 10.0 seconds before requesting property 20631661...
2026-01-21 03:05:14,595 - INFO - Requesting property 20631661: https://www.fotocasa.es/es/comprar/obra-nueva/badalona/20631661
2026-01-21 03:05:15,656 - INFO - Property 20631661 - advertiser.phone: 931321569
2026-01-21 03:05:16,127 - INFO - Found promotion ID: be01e0aa-b889-414a-9968-9d0e39a417d9, fetching tracking phone...
2026-01-21 03:05:17,187 - WARNING - Failed to get tracking phone for be01e0aa-b889-414a-9968-9d0e39a417d9: HTTP 403
2026-01-21 03:05:17,187 - INFO - Property 20631661 - publisher.phone: 931321569
2026-01-21 03:05:17,187 - INFO - Final phone for property 20631661: 931321569
2026-01-21 03:05:17,189 - INFO - SUCCESS: Property 20631661 - Phone: 931321569
2026-01-21 03:05:17,204 - INFO - Progress: 150/1020 (14.7%)
2026-01-21 03:05:17,231 - INFO - Success: 149, Failed: 1
2026-01-21 03:05:17,247 - INFO - Estimated time remaining: 200.3 minutes
2026-01-21 03:05:17,281 - INFO - 
[151/1020] Processing property 20631799...
2026-01-21 03:05:17,287 - INFO - Waiting 11.6 seconds before requesting property 20631799...
2026-01-21 03:05:28,877 - INFO - Requesting property 20631799: https://www.fotocasa.es/es/comprar/obra-nueva/miraflores-de-la-sierra/20631799
2026-01-21 03:05:29,522 - INFO - Property 20631799 - advertiser.phone: 910753928
2026-01-21 03:05:29,525 - INFO - Found promotion ID: 388d7a73-7b64-4af1-802b-253ae48a02dd, fetching tracking phone...
2026-01-21 03:05:30,082 - WARNING - Failed to get tracking phone for 388d7a73-7b64-4af1-802b-253ae48a02dd: HTTP 403
2026-01-21 03:05:30,083 - INFO - Property 20631799 - publisher.phone: 910753928
2026-01-21 03:05:30,083 - INFO - Final phone for property 20631799: 910753928
2026-01-21 03:05:30,085 - INFO - SUCCESS: Property 20631799 - Phone: 910753928
2026-01-21 03:05:30,088 - INFO - 
[152/1020] Processing property 20532997...
2026-01-21 03:05:30,089 - INFO - Waiting 12.4 seconds before requesting property 20532997...
2026-01-21 03:05:42,507 - INFO - Requesting property 20532997: https://www.fotocasa.es/es/comprar/obra-nueva/sabadell/20532997
2026-01-21 03:05:43,205 - INFO - Property 20532997 - advertiser.phone: 930442286
2026-01-21 03:05:43,205 - INFO - Found promotion ID: a942ad74-1ad5-4511-8daa-59a6ebcddb31, fetching tracking phone...
2026-01-21 03:05:43,672 - WARNING - Failed to get tracking phone for a942ad74-1ad5-4511-8daa-59a6ebcddb31: HTTP 403
2026-01-21 03:05:43,897 - INFO - Property 20532997 - publisher.phone: 930442286
2026-01-21 03:05:43,912 - INFO - Final phone for property 20532997: 930442286
2026-01-21 03:05:43,914 - INFO - SUCCESS: Property 20532997 - Phone: 930442286
2026-01-21 03:05:43,926 - INFO - 
[153/1020] Processing property 20533003...
2026-01-21 03:05:43,927 - INFO - Waiting 12.9 seconds before requesting property 20533003...
2026-01-21 03:05:56,818 - INFO - Requesting property 20533003: https://www.fotocasa.es/es/comprar/obra-nueva/premia-de-dalt/20533003
2026-01-21 03:05:57,423 - INFO - Property 20533003 - advertiser.phone: 930442286
2026-01-21 03:05:57,423 - INFO - Found promotion ID: 73c968c4-f847-4d21-b097-adb9f297e5f0, fetching tracking phone...
2026-01-21 03:05:58,023 - WARNING - Failed to get tracking phone for 73c968c4-f847-4d21-b097-adb9f297e5f0: HTTP 403
2026-01-21 03:05:58,029 - INFO - Property 20533003 - publisher.phone: 930442286
2026-01-21 03:05:58,029 - INFO - Final phone for property 20533003: 930442286
2026-01-21 03:05:58,226 - INFO - SUCCESS: Property 20533003 - Phone: 930442286
2026-01-21 03:05:58,229 - INFO - 
[154/1020] Processing property 20530524...
2026-01-21 03:05:58,229 - INFO - Waiting 14.2 seconds before requesting property 20530524...
2026-01-21 03:06:12,425 - INFO - Requesting property 20530524: https://www.fotocasa.es/es/comprar/obra-nueva/caceres-capital/20530524
2026-01-21 03:06:13,636 - INFO - Property 20530524 - advertiser.phone: 927921098
2026-01-21 03:06:13,685 - INFO - Found promotion ID: 795e50f4-5a32-4098-9f3f-bff006b3345f, fetching tracking phone...
2026-01-21 03:06:14,384 - WARNING - Failed to get tracking phone for 795e50f4-5a32-4098-9f3f-bff006b3345f: HTTP 403
2026-01-21 03:06:14,384 - INFO - Property 20530524 - publisher.phone: 927921098
2026-01-21 03:06:14,384 - INFO - Final phone for property 20530524: 927921098
2026-01-21 03:06:14,386 - INFO - SUCCESS: Property 20530524 - Phone: 927921098
2026-01-21 03:06:14,389 - INFO - 
[155/1020] Processing property 20629990...
2026-01-21 03:06:14,390 - INFO - Waiting 12.6 seconds before requesting property 20629990...
2026-01-21 03:06:27,026 - INFO - Requesting property 20629990: https://www.fotocasa.es/es/comprar/obra-nueva/ciudad-real-capital/20629990
2026-01-21 03:06:27,521 - INFO - Property 20629990 - advertiser.phone: 926280638
2026-01-21 03:06:27,522 - INFO - Found promotion ID: bc1dcc1f-3403-4444-9b4d-ae02f7d19392, fetching tracking phone...
2026-01-21 03:06:28,067 - WARNING - Failed to get tracking phone for bc1dcc1f-3403-4444-9b4d-ae02f7d19392: HTTP 403
2026-01-21 03:06:28,076 - INFO - Property 20629990 - publisher.phone: 926280638
2026-01-21 03:06:28,077 - INFO - Final phone for property 20629990: 926280638
2026-01-21 03:06:28,079 - INFO - SUCCESS: Property 20629990 - Phone: 926280638
2026-01-21 03:06:28,087 - INFO - 
[156/1020] Processing property 20559802...
2026-01-21 03:06:28,092 - INFO - Waiting 12.3 seconds before requesting property 20559802...
2026-01-21 03:06:40,390 - INFO - Requesting property 20559802: https://www.fotocasa.es/es/comprar/obra-nueva/bilbao/20559802
2026-01-21 03:06:40,834 - INFO - Property 20559802 - advertiser.phone: 944680263
2026-01-21 03:06:40,835 - INFO - Found promotion ID: d222f2a6-62f7-4bf2-9720-a2942a38618c, fetching tracking phone...
2026-01-21 03:06:41,374 - WARNING - Failed to get tracking phone for d222f2a6-62f7-4bf2-9720-a2942a38618c: HTTP 403
2026-01-21 03:06:41,374 - INFO - Property 20559802 - publisher.phone: 944680263
2026-01-21 03:06:41,375 - INFO - Final phone for property 20559802: 944680263
2026-01-21 03:06:41,376 - INFO - SUCCESS: Property 20559802 - Phone: 944680263
2026-01-21 03:06:41,379 - INFO - 
[157/1020] Processing property 20630862...
2026-01-21 03:06:41,379 - INFO - Waiting 12.4 seconds before requesting property 20630862...
2026-01-21 03:06:53,785 - INFO - Requesting property 20630862: https://www.fotocasa.es/es/comprar/obra-nueva/torrevieja/20630862
2026-01-21 03:06:54,202 - INFO - Property 20630862 - advertiser.phone: +34965706868
2026-01-21 03:06:54,202 - INFO - Found promotion ID: adc766e6-9def-4555-beba-e821d46a745e, fetching tracking phone...
2026-01-21 03:06:54,750 - WARNING - Failed to get tracking phone for adc766e6-9def-4555-beba-e821d46a745e: HTTP 403
2026-01-21 03:06:54,750 - INFO - Property 20630862 - publisher.phone: +34965706868
2026-01-21 03:06:54,750 - INFO - Final phone for property 20630862: +34965706868
2026-01-21 03:06:54,752 - INFO - SUCCESS: Property 20630862 - Phone: +34965706868
2026-01-21 03:06:54,755 - INFO - 
[158/1020] Processing property 20630727...
2026-01-21 03:06:54,755 - INFO - Waiting 13.8 seconds before requesting property 20630727...
2026-01-21 03:07:08,560 - INFO - Requesting property 20630727: https://www.fotocasa.es/es/comprar/obra-nueva/vigo/20630727
2026-01-21 03:07:09,021 - INFO - Property 20630727 - advertiser.phone: 986932692
2026-01-21 03:07:09,022 - INFO - Found promotion ID: 85615429-bce5-4ef1-9f68-605f53983aae, fetching tracking phone...
2026-01-21 03:07:09,596 - WARNING - Failed to get tracking phone for 85615429-bce5-4ef1-9f68-605f53983aae: HTTP 403
2026-01-21 03:07:09,596 - INFO - Property 20630727 - publisher.phone: 986932692
2026-01-21 03:07:09,596 - INFO - Final phone for property 20630727: 986932692
2026-01-21 03:07:09,598 - INFO - SUCCESS: Property 20630727 - Phone: 986932692
2026-01-21 03:07:09,599 - INFO - 
[159/1020] Processing property 20630715...
2026-01-21 03:07:09,600 - INFO - Waiting 10.4 seconds before requesting property 20630715...
2026-01-21 03:07:19,988 - INFO - Requesting property 20630715: https://www.fotocasa.es/es/comprar/obra-nueva/mino/20630715
2026-01-21 03:07:20,539 - INFO - Property 20630715 - advertiser.phone: 981960965
2026-01-21 03:07:20,539 - INFO - Found promotion ID: 3bcfbb84-d8e9-4c51-8dc2-52ed5884c2b0, fetching tracking phone...
2026-01-21 03:07:21,075 - WARNING - Failed to get tracking phone for 3bcfbb84-d8e9-4c51-8dc2-52ed5884c2b0: HTTP 403
2026-01-21 03:07:21,076 - INFO - Property 20630715 - publisher.phone: 981960965
2026-01-21 03:07:21,076 - INFO - Final phone for property 20630715: 981960965
2026-01-21 03:07:21,077 - INFO - SUCCESS: Property 20630715 - Phone: 981960965
2026-01-21 03:07:21,080 - INFO - 
[160/1020] Processing property 20560515...
2026-01-21 03:07:21,080 - INFO - Waiting 13.5 seconds before requesting property 20560515...
2026-01-21 03:07:34,584 - INFO - Requesting property 20560515: https://www.fotocasa.es/es/comprar/obra-nueva/cerdanyola-del-valles/20560515
2026-01-21 03:07:35,143 - INFO - Property 20560515 - advertiser.phone: 954201803
2026-01-21 03:07:35,144 - INFO - Found promotion ID: 9e6d3369-fd95-4770-b873-fd691fe1a70e, fetching tracking phone...
2026-01-21 03:07:35,761 - WARNING - Failed to get tracking phone for 9e6d3369-fd95-4770-b873-fd691fe1a70e: HTTP 403
2026-01-21 03:07:35,762 - INFO - Property 20560515 - publisher.phone: 954201803
2026-01-21 03:07:35,762 - INFO - Final phone for property 20560515: 954201803
2026-01-21 03:07:35,763 - INFO - SUCCESS: Property 20560515 - Phone: 954201803
2026-01-21 03:07:35,766 - INFO - Progress: 160/1020 (15.7%)
2026-01-21 03:07:35,766 - INFO - Success: 159, Failed: 1
2026-01-21 03:07:35,767 - INFO - Estimated time remaining: 198.1 minutes
2026-01-21 03:07:35,767 - INFO - 
[161/1020] Processing property 20611963...
2026-01-21 03:07:35,768 - INFO - Waiting 10.0 seconds before requesting property 20611963...
2026-01-21 03:07:45,794 - INFO - Requesting property 20611963: https://www.fotocasa.es/es/comprar/obra-nueva/quart-de-poblet/20611963
2026-01-21 03:07:46,348 - INFO - Property 20611963 - advertiser.phone: 954201803
2026-01-21 03:07:46,348 - INFO - Found promotion ID: f7b77ba2-4c11-4da6-b0b5-235f4a010740, fetching tracking phone...
2026-01-21 03:07:46,780 - WARNING - Failed to get tracking phone for f7b77ba2-4c11-4da6-b0b5-235f4a010740: HTTP 403
2026-01-21 03:07:46,780 - INFO - Property 20611963 - publisher.phone: 954201803
2026-01-21 03:07:46,780 - INFO - Final phone for property 20611963: 954201803
2026-01-21 03:07:46,782 - INFO - SUCCESS: Property 20611963 - Phone: 954201803
2026-01-21 03:07:46,784 - INFO - 
[162/1020] Processing property 20509587...
2026-01-21 03:07:46,784 - INFO - Waiting 10.0 seconds before requesting property 20509587...
2026-01-21 03:07:56,800 - INFO - Requesting property 20509587: https://www.fotocasa.es/es/comprar/obra-nueva/fuengirola/20509587
2026-01-21 03:07:57,289 - INFO - Property 20509587 - advertiser.phone: 951985241
2026-01-21 03:07:57,289 - INFO - Found promotion ID: e79f95c2-a43c-48eb-a47b-f4453e5d5e75, fetching tracking phone...
2026-01-21 03:07:57,736 - WARNING - Failed to get tracking phone for e79f95c2-a43c-48eb-a47b-f4453e5d5e75: HTTP 403
2026-01-21 03:07:57,736 - INFO - Property 20509587 - publisher.phone: 951985241
2026-01-21 03:07:57,737 - INFO - Final phone for property 20509587: 951985241
2026-01-21 03:07:57,737 - INFO - SUCCESS: Property 20509587 - Phone: 951985241
2026-01-21 03:07:57,740 - INFO - 
[163/1020] Processing property 20530852...
2026-01-21 03:07:57,741 - INFO - Waiting 10.4 seconds before requesting property 20530852...
2026-01-21 03:08:08,122 - INFO - Requesting property 20530852: https://www.fotocasa.es/es/comprar/obra-nueva/sabadell/20530852
2026-01-21 03:08:08,647 - INFO - Property 20530852 - advertiser.phone: 930440695
2026-01-21 03:08:08,647 - INFO - Found promotion ID: 847fbec7-c718-40ca-8fde-ee8c8c0fcc64, fetching tracking phone...
2026-01-21 03:08:09,150 - WARNING - Failed to get tracking phone for 847fbec7-c718-40ca-8fde-ee8c8c0fcc64: HTTP 403
2026-01-21 03:08:09,151 - INFO - Property 20530852 - publisher.phone: 930440695
2026-01-21 03:08:09,151 - INFO - Final phone for property 20530852: 930440695
2026-01-21 03:08:09,153 - INFO - SUCCESS: Property 20530852 - Phone: 930440695
2026-01-21 03:08:09,155 - INFO - 
[164/1020] Processing property 20512558...
2026-01-21 03:08:09,155 - INFO - Waiting 13.6 seconds before requesting property 20512558...
2026-01-21 03:08:22,803 - INFO - Requesting property 20512558: https://www.fotocasa.es/es/comprar/obra-nueva/tiana/20512558
2026-01-21 03:08:23,215 - INFO - Property 20512558 - advertiser.phone: 930440695
2026-01-21 03:08:23,216 - INFO - Found promotion ID: 17024e37-117c-4c1d-8619-866f438022d2, fetching tracking phone...
2026-01-21 03:08:23,789 - WARNING - Failed to get tracking phone for 17024e37-117c-4c1d-8619-866f438022d2: HTTP 403
2026-01-21 03:08:23,790 - INFO - Property 20512558 - publisher.phone: 930440695
2026-01-21 03:08:23,790 - INFO - Final phone for property 20512558: 930440695
2026-01-21 03:08:23,791 - INFO - SUCCESS: Property 20512558 - Phone: 930440695
2026-01-21 03:08:23,793 - INFO - 
[165/1020] Processing property 20512493...
2026-01-21 03:08:23,794 - INFO - Waiting 11.5 seconds before requesting property 20512493...
2026-01-21 03:08:35,295 - INFO - Requesting property 20512493: https://www.fotocasa.es/es/comprar/obra-nueva/les-franqueses-del-valles/20512493
2026-01-21 03:08:35,793 - INFO - Property 20512493 - advertiser.phone: 930440695
2026-01-21 03:08:35,793 - INFO - Found promotion ID: b16427a8-0b5b-45f9-a3f0-fdcefde73f66, fetching tracking phone...
2026-01-21 03:08:36,100 - WARNING - Failed to get tracking phone for b16427a8-0b5b-45f9-a3f0-fdcefde73f66: HTTP 403
2026-01-21 03:08:36,100 - INFO - Property 20512493 - publisher.phone: 930440695
2026-01-21 03:08:36,101 - INFO - Final phone for property 20512493: 930440695
2026-01-21 03:08:36,102 - INFO - SUCCESS: Property 20512493 - Phone: 930440695
2026-01-21 03:08:36,104 - INFO - 
[166/1020] Processing property 20512467...
2026-01-21 03:08:36,105 - INFO - Waiting 10.3 seconds before requesting property 20512467...
2026-01-21 03:08:46,406 - INFO - Requesting property 20512467: https://www.fotocasa.es/es/comprar/obra-nueva/sabadell/20512467
2026-01-21 03:08:46,874 - INFO - Property 20512467 - advertiser.phone: 930440695
2026-01-21 03:08:46,875 - INFO - Found promotion ID: 1ca77069-6f90-4748-b8a0-1bd386f4e2da, fetching tracking phone...
2026-01-21 03:08:47,404 - WARNING - Failed to get tracking phone for 1ca77069-6f90-4748-b8a0-1bd386f4e2da: HTTP 403
2026-01-21 03:08:47,404 - INFO - Property 20512467 - publisher.phone: 930440695
2026-01-21 03:08:47,405 - INFO - Final phone for property 20512467: 930440695
2026-01-21 03:08:47,406 - INFO - SUCCESS: Property 20512467 - Phone: 930440695
2026-01-21 03:08:47,410 - INFO - 
[167/1020] Processing property 20559157...
2026-01-21 03:08:47,410 - INFO - Waiting 13.7 seconds before requesting property 20559157...
2026-01-21 03:09:01,108 - INFO - Requesting property 20559157: https://www.fotocasa.es/es/comprar/obra-nueva/la-pobla-de-vallbona/20559157
2026-01-21 03:09:01,504 - INFO - Property 20559157 - advertiser.phone: 962471394
2026-01-21 03:09:01,504 - INFO - Found promotion ID: dc334294-69af-42be-a673-699a19076664, fetching tracking phone...
2026-01-21 03:09:02,052 - WARNING - Failed to get tracking phone for dc334294-69af-42be-a673-699a19076664: HTTP 403
2026-01-21 03:09:02,052 - INFO - Property 20559157 - publisher.phone: 962471394
2026-01-21 03:09:02,052 - INFO - Final phone for property 20559157: 962471394
2026-01-21 03:09:02,053 - INFO - SUCCESS: Property 20559157 - Phone: 962471394
2026-01-21 03:09:02,056 - INFO - 
[168/1020] Processing property 20630515...
2026-01-21 03:09:02,056 - INFO - Waiting 12.8 seconds before requesting property 20630515...
2026-01-21 03:09:14,868 - INFO - Requesting property 20630515: https://www.fotocasa.es/es/comprar/obra-nueva/leon-capital/20630515
2026-01-21 03:09:15,387 - INFO - Property 20630515 - advertiser.phone: 987321835
2026-01-21 03:09:15,387 - INFO - Found promotion ID: 1d1565bc-5be0-42b0-96d0-900667d8143e, fetching tracking phone...
2026-01-21 03:09:15,711 - WARNING - Failed to get tracking phone for 1d1565bc-5be0-42b0-96d0-900667d8143e: HTTP 403
2026-01-21 03:09:15,711 - INFO - Property 20630515 - publisher.phone: 987321835
2026-01-21 03:09:15,711 - INFO - Final phone for property 20630515: 987321835
2026-01-21 03:09:15,713 - INFO - SUCCESS: Property 20630515 - Phone: 987321835
2026-01-21 03:09:15,715 - INFO - 
[169/1020] Processing property 20525099...
2026-01-21 03:09:15,715 - INFO - Waiting 14.0 seconds before requesting property 20525099...
2026-01-21 03:09:29,759 - INFO - Requesting property 20525099: https://www.fotocasa.es/es/comprar/obra-nueva/sevilla-capital/20525099
2026-01-21 03:09:30,199 - INFO - Property 20525099 - advertiser.phone: 954201732
2026-01-21 03:09:30,199 - INFO - Found promotion ID: 0ff749a3-af1f-4589-86cb-56e68f036e72, fetching tracking phone...
2026-01-21 03:09:30,743 - WARNING - Failed to get tracking phone for 0ff749a3-af1f-4589-86cb-56e68f036e72: HTTP 403
2026-01-21 03:09:30,743 - INFO - Property 20525099 - publisher.phone: 954201732
2026-01-21 03:09:30,743 - INFO - Final phone for property 20525099: 954201732
2026-01-21 03:09:30,744 - INFO - SUCCESS: Property 20525099 - Phone: 954201732
2026-01-21 03:09:30,746 - INFO - 
[170/1020] Processing property 20630103...
2026-01-21 03:09:30,746 - INFO - Waiting 13.9 seconds before requesting property 20630103...
2026-01-21 03:09:44,675 - INFO - Requesting property 20630103: https://www.fotocasa.es/es/comprar/obra-nueva/las-rozas-de-madrid/20630103
2026-01-21 03:09:45,119 - INFO - Property 20630103 - advertiser.phone: 910751703
2026-01-21 03:09:45,119 - INFO - Found promotion ID: 3d33226d-9198-49a5-ae6f-0ab9f48c4c63, fetching tracking phone...
2026-01-21 03:09:45,626 - WARNING - Failed to get tracking phone for 3d33226d-9198-49a5-ae6f-0ab9f48c4c63: HTTP 403
2026-01-21 03:09:45,626 - INFO - Property 20630103 - publisher.phone: 910751703
2026-01-21 03:09:45,627 - INFO - Final phone for property 20630103: 910751703
2026-01-21 03:09:45,629 - INFO - SUCCESS: Property 20630103 - Phone: 910751703
2026-01-21 03:09:45,631 - INFO - Progress: 170/1020 (16.7%)
2026-01-21 03:09:45,631 - INFO - Success: 169, Failed: 1
2026-01-21 03:09:45,631 - INFO - Estimated time remaining: 195.1 minutes
2026-01-21 03:09:45,632 - INFO - 
[171/1020] Processing property 20629969...
2026-01-21 03:09:45,632 - INFO - Waiting 11.2 seconds before requesting property 20629969...
2026-01-21 03:09:56,840 - INFO - Requesting property 20629969: https://www.fotocasa.es/es/comprar/obra-nueva/vigo/20629969
2026-01-21 03:09:57,301 - INFO - Property 20629969 - advertiser.phone: 986933562
2026-01-21 03:09:57,302 - INFO - Found promotion ID: e275788b-eccd-4141-bba8-0f0be3b321dc, fetching tracking phone...
2026-01-21 03:09:57,877 - WARNING - Failed to get tracking phone for e275788b-eccd-4141-bba8-0f0be3b321dc: HTTP 403
2026-01-21 03:09:57,877 - INFO - Property 20629969 - publisher.phone: 986933562
2026-01-21 03:09:57,877 - INFO - Final phone for property 20629969: 986933562
2026-01-21 03:09:57,878 - INFO - SUCCESS: Property 20629969 - Phone: 986933562
2026-01-21 03:09:57,881 - INFO - 
[172/1020] Processing property 20509505...
2026-01-21 03:09:57,882 - INFO - Waiting 13.2 seconds before requesting property 20509505...
2026-01-21 03:10:11,197 - INFO - Requesting property 20509505: https://www.fotocasa.es/es/comprar/obra-nueva/villaviciosa-de-odon/20509505
2026-01-21 03:10:14,281 - INFO - Property 20509505 - advertiser.phone: 910751369
2026-01-21 03:10:14,282 - INFO - Found promotion ID: c15a7dff-a7e7-4a23-9589-6476aadd8ccc, fetching tracking phone...
2026-01-21 03:10:16,933 - WARNING - Failed to get tracking phone for c15a7dff-a7e7-4a23-9589-6476aadd8ccc: HTTP 403
2026-01-21 03:10:16,957 - INFO - Property 20509505 - publisher.phone: 910751369
2026-01-21 03:10:16,959 - INFO - Final phone for property 20509505: 910751369
2026-01-21 03:10:16,961 - INFO - SUCCESS: Property 20509505 - Phone: 910751369
2026-01-21 03:10:16,965 - INFO - 
[173/1020] Processing property 20511123...
2026-01-21 03:10:16,966 - INFO - Waiting 13.6 seconds before requesting property 20511123...
2026-01-21 03:10:30,573 - INFO - Requesting property 20511123: https://www.fotocasa.es/es/comprar/obra-nueva/pals/20511123
2026-01-21 03:10:31,769 - INFO - Property 20511123 - advertiser.phone: 972084302
2026-01-21 03:10:31,770 - INFO - Found promotion ID: be2c2936-cda0-4f3c-94fd-a77752b3bbe1, fetching tracking phone...
2026-01-21 03:10:32,804 - WARNING - Failed to get tracking phone for be2c2936-cda0-4f3c-94fd-a77752b3bbe1: HTTP 403
2026-01-21 03:10:32,809 - INFO - Property 20511123 - publisher.phone: 972084302
2026-01-21 03:10:32,809 - INFO - Final phone for property 20511123: 972084302
2026-01-21 03:10:32,810 - INFO - SUCCESS: Property 20511123 - Phone: 972084302
2026-01-21 03:10:32,814 - INFO - 
[174/1020] Processing property 20579324...
2026-01-21 03:10:32,814 - INFO - Waiting 14.2 seconds before requesting property 20579324...
2026-01-21 03:10:47,138 - INFO - Requesting property 20579324: https://www.fotocasa.es/es/comprar/obra-nueva/dos-hermanas/20579324
2026-01-21 03:10:47,778 - INFO - Property 20579324 - advertiser.phone: 910751282
2026-01-21 03:10:47,778 - INFO - Found promotion ID: 6d4af814-6a4d-42c8-8092-8ee1a6234580, fetching tracking phone...
2026-01-21 03:10:48,273 - WARNING - Failed to get tracking phone for 6d4af814-6a4d-42c8-8092-8ee1a6234580: HTTP 403
2026-01-21 03:10:48,311 - INFO - Property 20579324 - publisher.phone: 910751282
2026-01-21 03:10:48,357 - INFO - Final phone for property 20579324: 910751282
2026-01-21 03:10:48,407 - INFO - SUCCESS: Property 20579324 - Phone: 910751282
2026-01-21 03:10:48,411 - INFO - 
[175/1020] Processing property 20629218...
2026-01-21 03:10:48,411 - INFO - Waiting 12.6 seconds before requesting property 20629218...
2026-01-21 03:11:01,017 - INFO - Requesting property 20629218: https://www.fotocasa.es/es/comprar/obra-nueva/los-corrales-de-buelna/20629218
2026-01-21 03:11:01,515 - INFO - Property 20629218 - advertiser.phone: +34685935570
2026-01-21 03:11:01,530 - INFO - Found promotion ID: 015d3c0d-63e8-443f-980e-b4a297a0cc76, fetching tracking phone...
2026-01-21 03:11:02,047 - WARNING - Failed to get tracking phone for 015d3c0d-63e8-443f-980e-b4a297a0cc76: HTTP 403
2026-01-21 03:11:02,047 - INFO - Property 20629218 - publisher.phone: +34685935570
2026-01-21 03:11:02,047 - INFO - Final phone for property 20629218: +34685935570
2026-01-21 03:11:02,050 - INFO - SUCCESS: Property 20629218 - Phone: +34685935570
2026-01-21 03:11:02,052 - INFO - 
[176/1020] Processing property 20517889...
2026-01-21 03:11:02,052 - INFO - Waiting 12.0 seconds before requesting property 20517889...
2026-01-21 03:11:14,007 - INFO - Requesting property 20517889: https://www.fotocasa.es/es/comprar/obra-nueva/vallirana/20517889
2026-01-21 03:11:14,476 - INFO - Property 20517889 - advertiser.phone: +34934636009
2026-01-21 03:11:14,477 - INFO - Found promotion ID: 5e0f6b54-8102-401b-b76b-b1fec4edd202, fetching tracking phone...
2026-01-21 03:11:14,961 - WARNING - Failed to get tracking phone for 5e0f6b54-8102-401b-b76b-b1fec4edd202: HTTP 403
2026-01-21 03:11:14,961 - INFO - Property 20517889 - publisher.phone: +34934636009
2026-01-21 03:11:14,961 - INFO - Final phone for property 20517889: +34934636009
2026-01-21 03:11:14,963 - INFO - SUCCESS: Property 20517889 - Phone: +34934636009
2026-01-21 03:11:14,965 - INFO - 
[177/1020] Processing property 20627814...
2026-01-21 03:11:14,966 - INFO - Waiting 12.1 seconds before requesting property 20627814...
2026-01-21 03:11:27,037 - INFO - Requesting property 20627814: https://www.fotocasa.es/es/comprar/obra-nueva/donostia-san-sebastian/20627814
2026-01-21 03:11:27,536 - INFO - Property 20627814 - advertiser.phone: 943913019
2026-01-21 03:11:27,536 - INFO - Found promotion ID: da8c5a73-c00e-48de-bec4-c207357f0722, fetching tracking phone...
2026-01-21 03:11:28,093 - WARNING - Failed to get tracking phone for da8c5a73-c00e-48de-bec4-c207357f0722: HTTP 403
2026-01-21 03:11:28,093 - INFO - Property 20627814 - publisher.phone: 943913019
2026-01-21 03:11:28,094 - INFO - Final phone for property 20627814: 943913019
2026-01-21 03:11:28,095 - INFO - SUCCESS: Property 20627814 - Phone: 943913019
2026-01-21 03:11:28,097 - INFO - 
[178/1020] Processing property 20614174...
2026-01-21 03:11:28,097 - INFO - Waiting 13.8 seconds before requesting property 20614174...
2026-01-21 03:11:42,901 - INFO - Requesting property 20614174: https://www.fotocasa.es/es/comprar/obra-nueva/malaga-capital/20614174
2026-01-21 03:11:43,667 - INFO - Property 20614174 - advertiser.phone: 951349938
2026-01-21 03:11:43,702 - INFO - Found promotion ID: 8ef0269d-dafe-4025-b962-d51c686a6473, fetching tracking phone...
2026-01-21 03:11:44,270 - WARNING - Failed to get tracking phone for 8ef0269d-dafe-4025-b962-d51c686a6473: HTTP 403
2026-01-21 03:11:44,271 - INFO - Property 20614174 - publisher.phone: 951349938
2026-01-21 03:11:44,271 - INFO - Final phone for property 20614174: 951349938
2026-01-21 03:11:44,273 - INFO - SUCCESS: Property 20614174 - Phone: 951349938
2026-01-21 03:11:44,276 - INFO - 
[179/1020] Processing property 20628364...
2026-01-21 03:11:44,277 - INFO - Waiting 14.4 seconds before requesting property 20628364...
2026-01-21 03:11:58,641 - INFO - Requesting property 20628364: https://www.fotocasa.es/es/comprar/obra-nueva/fuengirola/20628364
2026-01-21 03:11:59,329 - INFO - Property 20628364 - advertiser.phone: 951980627
2026-01-21 03:11:59,329 - INFO - Found promotion ID: 2f180d32-03c1-4e80-8fe4-1bd05268eb6f, fetching tracking phone...
2026-01-21 03:11:59,785 - WARNING - Failed to get tracking phone for 2f180d32-03c1-4e80-8fe4-1bd05268eb6f: HTTP 403
2026-01-21 03:11:59,786 - INFO - Property 20628364 - publisher.phone: 951980627
2026-01-21 03:11:59,787 - INFO - Final phone for property 20628364: 951980627
2026-01-21 03:11:59,791 - INFO - SUCCESS: Property 20628364 - Phone: 951980627
2026-01-21 03:11:59,796 - INFO - 
[180/1020] Processing property 20628252...
2026-01-21 03:11:59,797 - INFO - Waiting 13.9 seconds before requesting property 20628252...
2026-01-21 03:12:14,135 - INFO - Requesting property 20628252: https://www.fotocasa.es/es/comprar/obra-nueva/santa-margalida/20628252
2026-01-21 03:12:17,492 - INFO - Property 20628252 - advertiser.phone: 971084452
2026-01-21 03:12:17,497 - INFO - Found promotion ID: c14fcd3e-32a0-4ba5-9aad-39a01cc9be13, fetching tracking phone...
2026-01-21 03:12:18,564 - WARNING - Failed to get tracking phone for c14fcd3e-32a0-4ba5-9aad-39a01cc9be13: HTTP 403
2026-01-21 03:12:18,569 - INFO - Property 20628252 - publisher.phone: 971084452
2026-01-21 03:12:18,569 - INFO - Final phone for property 20628252: 971084452
2026-01-21 03:12:18,571 - INFO - SUCCESS: Property 20628252 - Phone: 971084452
2026-01-21 03:12:18,577 - INFO - Progress: 180/1020 (17.6%)
2026-01-21 03:12:18,584 - INFO - Success: 179, Failed: 1
2026-01-21 03:12:18,585 - INFO - Estimated time remaining: 194.0 minutes
2026-01-21 03:12:18,587 - INFO - 
[181/1020] Processing property 20539651...
2026-01-21 03:12:18,587 - INFO - Waiting 12.0 seconds before requesting property 20539651...
2026-01-21 03:12:30,632 - INFO - Requesting property 20539651: https://www.fotocasa.es/es/comprar/obra-nueva/valdemoro/20539651
2026-01-21 03:12:31,083 - INFO - Property 20539651 - advertiser.phone: 910752241
2026-01-21 03:12:31,083 - INFO - Found promotion ID: 60488707-8a62-4190-b9b7-0ad570f2c749, fetching tracking phone...
2026-01-21 03:12:31,576 - WARNING - Failed to get tracking phone for 60488707-8a62-4190-b9b7-0ad570f2c749: HTTP 403
2026-01-21 03:12:31,577 - INFO - Property 20539651 - publisher.phone: 910752241
2026-01-21 03:12:31,577 - INFO - Final phone for property 20539651: 910752241
2026-01-21 03:12:31,579 - INFO - SUCCESS: Property 20539651 - Phone: 910752241
2026-01-21 03:12:31,581 - INFO - 
[182/1020] Processing property 20527111...
2026-01-21 03:12:31,582 - INFO - Waiting 10.4 seconds before requesting property 20527111...
2026-01-21 03:12:41,995 - INFO - Requesting property 20527111: https://www.fotocasa.es/es/comprar/obra-nueva/cadiz-capital/20527111
2026-01-21 03:12:42,554 - INFO - Property 20527111 - advertiser.phone: 956913571
2026-01-21 03:12:42,555 - INFO - Found promotion ID: de644074-a878-4902-a7d1-617201d35f3c, fetching tracking phone...
2026-01-21 03:12:43,071 - WARNING - Failed to get tracking phone for de644074-a878-4902-a7d1-617201d35f3c: HTTP 403
2026-01-21 03:12:43,072 - INFO - Property 20527111 - publisher.phone: 956913571
2026-01-21 03:12:43,072 - INFO - Final phone for property 20527111: 956913571
2026-01-21 03:12:43,074 - INFO - SUCCESS: Property 20527111 - Phone: 956913571
2026-01-21 03:12:43,077 - INFO - 
[183/1020] Processing property 20604933...
2026-01-21 03:12:43,077 - INFO - Waiting 12.7 seconds before requesting property 20604933...
2026-01-21 03:12:55,912 - INFO - Requesting property 20604933: https://www.fotocasa.es/es/comprar/obra-nueva/estepona/20604933
2026-01-21 03:12:58,003 - INFO - Property 20604933 - advertiser.phone: 865561428
2026-01-21 03:12:58,015 - INFO - Found promotion ID: 9a975ea7-f419-4242-b9fa-3e3175dd5a48, fetching tracking phone...
2026-01-21 03:12:58,473 - WARNING - Failed to get tracking phone for 9a975ea7-f419-4242-b9fa-3e3175dd5a48: HTTP 403
2026-01-21 03:12:58,473 - INFO - Property 20604933 - publisher.phone: 865561428
2026-01-21 03:12:58,473 - INFO - Final phone for property 20604933: 865561428
2026-01-21 03:12:58,476 - INFO - SUCCESS: Property 20604933 - Phone: 865561428
2026-01-21 03:12:58,480 - INFO - 
[184/1020] Processing property 20604659...
2026-01-21 03:12:58,481 - INFO - Waiting 14.6 seconds before requesting property 20604659...
2026-01-21 03:13:16,623 - INFO - Requesting property 20604659: https://www.fotocasa.es/es/comprar/obra-nueva/santiago-de-compostela/20604659
2026-01-21 03:13:17,041 - INFO - Property 20604659 - advertiser.phone: 981960948
2026-01-21 03:13:17,042 - INFO - Found promotion ID: 4f878acd-d782-460c-a625-17c9c0ebfe0a, fetching tracking phone...
2026-01-21 03:13:17,537 - WARNING - Failed to get tracking phone for 4f878acd-d782-460c-a625-17c9c0ebfe0a: HTTP 403
2026-01-21 03:13:17,537 - INFO - Property 20604659 - publisher.phone: 981960948
2026-01-21 03:13:17,537 - INFO - Final phone for property 20604659: 981960948
2026-01-21 03:13:17,539 - INFO - SUCCESS: Property 20604659 - Phone: 981960948
2026-01-21 03:13:17,541 - INFO - 
[185/1020] Processing property 20532991...
2026-01-21 03:13:17,542 - INFO - Waiting 11.2 seconds before requesting property 20532991...
2026-01-21 03:13:28,706 - INFO - Requesting property 20532991: https://www.fotocasa.es/es/comprar/obra-nueva/barcelona-capital/20532991
2026-01-21 03:13:29,170 - INFO - Property 20532991 - advertiser.phone: 930442286
2026-01-21 03:13:29,170 - INFO - Found promotion ID: b287121c-6fe3-45c8-980d-56812d3a7736, fetching tracking phone...
2026-01-21 03:13:29,637 - WARNING - Failed to get tracking phone for b287121c-6fe3-45c8-980d-56812d3a7736: HTTP 403
2026-01-21 03:13:29,637 - INFO - Property 20532991 - publisher.phone: 930442286
2026-01-21 03:13:29,637 - INFO - Final phone for property 20532991: 930442286
2026-01-21 03:13:29,638 - INFO - SUCCESS: Property 20532991 - Phone: 930442286
2026-01-21 03:13:29,641 - INFO - 
[186/1020] Processing property 20563434...
2026-01-21 03:13:29,642 - INFO - Waiting 14.8 seconds before requesting property 20563434...
2026-01-21 03:13:44,467 - INFO - Requesting property 20563434: https://www.fotocasa.es/es/comprar/obra-nueva/madrid-capital/20563434
2026-01-21 03:13:44,995 - INFO - Property 20563434 - advertiser.phone: +34914491590
2026-01-21 03:13:44,995 - INFO - Found promotion ID: 26027be6-af9f-453a-a118-0258cdb3001d, fetching tracking phone...
2026-01-21 03:13:45,529 - WARNING - Failed to get tracking phone for 26027be6-af9f-453a-a118-0258cdb3001d: HTTP 403
2026-01-21 03:13:45,529 - INFO - Property 20563434 - publisher.phone: +34914491590
2026-01-21 03:13:45,529 - INFO - Final phone for property 20563434: +34914491590
2026-01-21 03:13:45,532 - INFO - SUCCESS: Property 20563434 - Phone: +34914491590
2026-01-21 03:13:45,534 - INFO - 
[187/1020] Processing property 20601607...
2026-01-21 03:13:45,534 - INFO - Waiting 13.4 seconds before requesting property 20601607...
2026-01-21 03:13:58,921 - INFO - Requesting property 20601607: https://www.fotocasa.es/es/comprar/obra-nueva/ses-salines/20601607
2026-01-21 03:13:59,331 - INFO - Property 20601607 - advertiser.phone: 971084176
2026-01-21 03:13:59,332 - INFO - Found promotion ID: 2563989b-ffef-4d59-8d2a-23834d52a170, fetching tracking phone...
2026-01-21 03:13:59,908 - WARNING - Failed to get tracking phone for 2563989b-ffef-4d59-8d2a-23834d52a170: HTTP 403
2026-01-21 03:14:00,084 - INFO - Property 20601607 - publisher.phone: 971084176
2026-01-21 03:14:00,105 - INFO - Final phone for property 20601607: 971084176
2026-01-21 03:14:00,155 - INFO - SUCCESS: Property 20601607 - Phone: 971084176
2026-01-21 03:14:00,166 - INFO - 
[188/1020] Processing property 20505709...
2026-01-21 03:14:00,169 - INFO - Waiting 10.5 seconds before requesting property 20505709...
2026-01-21 03:14:10,636 - INFO - Requesting property 20505709: https://www.fotocasa.es/es/comprar/obra-nueva/fraga/20505709
2026-01-21 03:14:11,261 - INFO - Property 20505709 - advertiser.phone: 973811508
2026-01-21 03:14:11,262 - INFO - Found promotion ID: d49a341f-4300-4dc5-83e2-312fe11334d6, fetching tracking phone...
2026-01-21 03:14:11,803 - WARNING - Failed to get tracking phone for d49a341f-4300-4dc5-83e2-312fe11334d6: HTTP 403
2026-01-21 03:14:11,803 - INFO - Property 20505709 - publisher.phone: 973811508
2026-01-21 03:14:11,804 - INFO - Final phone for property 20505709: 973811508
2026-01-21 03:14:11,805 - INFO - SUCCESS: Property 20505709 - Phone: 973811508
2026-01-21 03:14:11,807 - INFO - 
[189/1020] Processing property 20564376...
2026-01-21 03:14:11,807 - INFO - Waiting 12.6 seconds before requesting property 20564376...
2026-01-21 03:14:24,367 - INFO - Requesting property 20564376: https://www.fotocasa.es/es/comprar/obra-nueva/sanxenxo/20564376
2026-01-21 03:14:24,817 - INFO - Property 20564376 - advertiser.phone: 981960354
2026-01-21 03:14:24,818 - INFO - Found promotion ID: 68bf3d3f-647e-4643-b661-1f7b9d7fcbf9, fetching tracking phone...
2026-01-21 03:14:25,343 - WARNING - Failed to get tracking phone for 68bf3d3f-647e-4643-b661-1f7b9d7fcbf9: HTTP 403
2026-01-21 03:14:25,343 - INFO - Property 20564376 - publisher.phone: 981960354
2026-01-21 03:14:25,343 - INFO - Final phone for property 20564376: 981960354
2026-01-21 03:14:25,345 - INFO - SUCCESS: Property 20564376 - Phone: 981960354
2026-01-21 03:14:25,347 - INFO - 
[190/1020] Processing property 20514036...
2026-01-21 03:14:25,347 - INFO - Waiting 14.4 seconds before requesting property 20514036...
2026-01-21 03:14:39,787 - INFO - Requesting property 20514036: https://www.fotocasa.es/es/comprar/obra-nueva/alicante-alacant/20514036
2026-01-21 03:14:40,459 - INFO - Property 20514036 - advertiser.phone: 965093148
2026-01-21 03:14:40,460 - INFO - Found promotion ID: aaa16023-416d-46dc-baa0-70d80a50cd39, fetching tracking phone...
2026-01-21 03:14:40,919 - WARNING - Failed to get tracking phone for aaa16023-416d-46dc-baa0-70d80a50cd39: HTTP 403
2026-01-21 03:14:40,919 - INFO - Property 20514036 - publisher.phone: 965093148
2026-01-21 03:14:40,919 - INFO - Final phone for property 20514036: 965093148
2026-01-21 03:14:40,921 - INFO - SUCCESS: Property 20514036 - Phone: 965093148
2026-01-21 03:14:40,925 - INFO - Progress: 190/1020 (18.6%)
2026-01-21 03:14:40,925 - INFO - Success: 189, Failed: 1
2026-01-21 03:14:40,926 - INFO - Estimated time remaining: 191.9 minutes
2026-01-21 03:14:40,926 - INFO - 
[191/1020] Processing property 20513892...
2026-01-21 03:14:40,927 - INFO - Waiting 13.0 seconds before requesting property 20513892...
2026-01-21 03:14:53,955 - INFO - Requesting property 20513892: https://www.fotocasa.es/es/comprar/obra-nueva/oviedo/20513892
2026-01-21 03:14:54,451 - INFO - Property 20513892 - advertiser.phone: 928190461
2026-01-21 03:14:54,451 - INFO - Found promotion ID: 402fbbe2-6681-4d36-a35e-1fe6e38d548e, fetching tracking phone...
2026-01-21 03:14:54,906 - WARNING - Failed to get tracking phone for 402fbbe2-6681-4d36-a35e-1fe6e38d548e: HTTP 403
2026-01-21 03:14:54,906 - INFO - Property 20513892 - publisher.phone: 928190461
2026-01-21 03:14:54,906 - INFO - Final phone for property 20513892: 928190461
2026-01-21 03:14:54,907 - INFO - SUCCESS: Property 20513892 - Phone: 928190461
2026-01-21 03:14:54,910 - INFO - 
[192/1020] Processing property 20602565...
2026-01-21 03:14:54,910 - INFO - Waiting 14.5 seconds before requesting property 20602565...
2026-01-21 03:15:09,371 - INFO - Requesting property 20602565: https://www.fotocasa.es/es/comprar/obra-nueva/madrid-capital/20602565
2026-01-21 03:15:09,790 - INFO - Property 20602565 - advertiser.phone: 910751436
2026-01-21 03:15:09,790 - INFO - Found promotion ID: ff2bc5af-57f2-463d-af58-a04950496f0d, fetching tracking phone...
2026-01-21 03:15:10,341 - WARNING - Failed to get tracking phone for ff2bc5af-57f2-463d-af58-a04950496f0d: HTTP 403
2026-01-21 03:15:10,342 - INFO - Property 20602565 - publisher.phone: 910751436
2026-01-21 03:15:10,342 - INFO - Final phone for property 20602565: 910751436
2026-01-21 03:15:10,343 - INFO - SUCCESS: Property 20602565 - Phone: 910751436
2026-01-21 03:15:10,346 - INFO - 
[193/1020] Processing property 20532311...
2026-01-21 03:15:10,347 - INFO - Waiting 13.9 seconds before requesting property 20532311...
2026-01-21 03:15:24,241 - INFO - Requesting property 20532311: https://www.fotocasa.es/es/comprar/obra-nueva/barcelona-capital/20532311
2026-01-21 03:15:25,040 - INFO - Property 20532311 - advertiser.phone: 910752063
2026-01-21 03:15:25,049 - INFO - Found promotion ID: a56c5be1-6dab-465f-b155-06618a48a878, fetching tracking phone...
2026-01-21 03:15:25,539 - WARNING - Failed to get tracking phone for a56c5be1-6dab-465f-b155-06618a48a878: HTTP 403
2026-01-21 03:15:25,540 - INFO - Property 20532311 - publisher.phone: 910752063
2026-01-21 03:15:25,540 - INFO - Final phone for property 20532311: 910752063
2026-01-21 03:15:25,542 - INFO - SUCCESS: Property 20532311 - Phone: 910752063
2026-01-21 03:15:25,546 - INFO - 
[194/1020] Processing property 20514804...
2026-01-21 03:15:25,546 - INFO - Waiting 13.8 seconds before requesting property 20514804...
2026-01-21 03:15:39,320 - INFO - Requesting property 20514804: https://www.fotocasa.es/es/comprar/obra-nueva/palma-de-mallorca/20514804
2026-01-21 03:15:39,789 - INFO - Property 20514804 - advertiser.phone: 971087023
2026-01-21 03:15:39,789 - INFO - Found promotion ID: 24e07351-9b71-40a2-9616-e60559f93da6, fetching tracking phone...
2026-01-21 03:15:40,256 - WARNING - Failed to get tracking phone for 24e07351-9b71-40a2-9616-e60559f93da6: HTTP 403
2026-01-21 03:15:40,257 - INFO - Property 20514804 - publisher.phone: 971087023
2026-01-21 03:15:40,257 - INFO - Final phone for property 20514804: 971087023
2026-01-21 03:15:40,258 - INFO - SUCCESS: Property 20514804 - Phone: 971087023
2026-01-21 03:15:40,260 - INFO - 
[195/1020] Processing property 20601632...
2026-01-21 03:15:40,261 - INFO - Waiting 13.8 seconds before requesting property 20601632...
2026-01-21 03:15:54,025 - INFO - Requesting property 20601632: https://www.fotocasa.es/es/comprar/obra-nueva/murcia-capital/20601632
2026-01-21 03:15:54,468 - INFO - Property 20601632 - advertiser.phone: +34900377025
2026-01-21 03:15:54,469 - INFO - Found promotion ID: 52c23475-a140-471b-8a0c-e5cf0dc495d1, fetching tracking phone...
2026-01-21 03:15:54,802 - INFO - Got tracking phone for promotion 52c23475-a140-471b-8a0c-e5cf0dc495d1: +34900377025
2026-01-21 03:15:54,802 - INFO - Property 20601632 - publisher.phone: +34900377025
2026-01-21 03:15:54,803 - INFO - Final phone for property 20601632: +34900377025
2026-01-21 03:15:54,804 - INFO - SUCCESS: Property 20601632 - Phone: +34900377025
2026-01-21 03:15:54,806 - INFO - 
[196/1020] Processing property 20593225...
2026-01-21 03:15:54,807 - INFO - Waiting 11.7 seconds before requesting property 20593225...
2026-01-21 03:16:06,547 - INFO - Requesting property 20593225: https://www.fotocasa.es/es/comprar/obra-nueva/jun/20593225
2026-01-21 03:16:07,202 - INFO - Property 20593225 - advertiser.phone: 958911268
2026-01-21 03:16:07,203 - INFO - Found promotion ID: fa8b33a7-fff8-4bc8-ad0e-0702a7176e02, fetching tracking phone...
2026-01-21 03:16:07,763 - WARNING - Failed to get tracking phone for fa8b33a7-fff8-4bc8-ad0e-0702a7176e02: HTTP 403
2026-01-21 03:16:07,764 - INFO - Property 20593225 - publisher.phone: 958911268
2026-01-21 03:16:07,764 - INFO - Final phone for property 20593225: 958911268
2026-01-21 03:16:07,766 - INFO - SUCCESS: Property 20593225 - Phone: 958911268
2026-01-21 03:16:07,768 - INFO - 
[197/1020] Processing property 20525096...
2026-01-21 03:16:07,768 - INFO - Waiting 11.0 seconds before requesting property 20525096...
2026-01-21 03:16:18,813 - INFO - Requesting property 20525096: https://www.fotocasa.es/es/comprar/obra-nueva/malaga-capital/20525096
2026-01-21 03:16:20,148 - INFO - Property 20525096 - advertiser.phone: 954201732
2026-01-21 03:16:20,154 - INFO - Found promotion ID: 723a658f-1325-4778-bf39-0e0ccd8f0ffe, fetching tracking phone...
2026-01-21 03:16:20,642 - WARNING - Failed to get tracking phone for 723a658f-1325-4778-bf39-0e0ccd8f0ffe: HTTP 403
2026-01-21 03:16:20,642 - INFO - Property 20525096 - publisher.phone: 954201732
2026-01-21 03:16:20,642 - INFO - Final phone for property 20525096: 954201732
2026-01-21 03:16:20,644 - INFO - SUCCESS: Property 20525096 - Phone: 954201732
2026-01-21 03:16:20,646 - INFO - 
[198/1020] Processing property 20525118...
2026-01-21 03:16:20,647 - INFO - Waiting 12.5 seconds before requesting property 20525118...
2026-01-21 03:16:33,145 - INFO - Requesting property 20525118: https://www.fotocasa.es/es/comprar/obra-nueva/lleida-capital/20525118
2026-01-21 03:16:33,877 - INFO - Property 20525118 - advertiser.phone: 973811502
2026-01-21 03:16:33,892 - INFO - Found promotion ID: 86141528-637a-428a-b290-375f2055137d, fetching tracking phone...
2026-01-21 03:16:34,429 - WARNING - Failed to get tracking phone for 86141528-637a-428a-b290-375f2055137d: HTTP 403
2026-01-21 03:16:34,429 - INFO - Property 20525118 - publisher.phone: 973811502
2026-01-21 03:16:34,430 - INFO - Final phone for property 20525118: 973811502
2026-01-21 03:16:34,431 - INFO - SUCCESS: Property 20525118 - Phone: 973811502
2026-01-21 03:16:34,434 - INFO - 
[199/1020] Processing property 20598955...
2026-01-21 03:16:34,434 - INFO - Waiting 12.5 seconds before requesting property 20598955...
2026-01-21 03:16:46,901 - INFO - Requesting property 20598955: https://www.fotocasa.es/es/comprar/obra-nueva/sevilla-capital/20598955
2026-01-21 03:16:47,373 - INFO - Property 20598955 - advertiser.phone: 954201732
2026-01-21 03:16:47,374 - INFO - Found promotion ID: a5090dc3-8ccd-45e3-98da-1421eb0660d8, fetching tracking phone...
2026-01-21 03:16:47,826 - WARNING - Failed to get tracking phone for a5090dc3-8ccd-45e3-98da-1421eb0660d8: HTTP 403
2026-01-21 03:16:47,826 - INFO - Property 20598955 - publisher.phone: 954201732
2026-01-21 03:16:47,826 - INFO - Final phone for property 20598955: 954201732
2026-01-21 03:16:47,828 - INFO - SUCCESS: Property 20598955 - Phone: 954201732
2026-01-21 03:16:47,831 - INFO - 
[200/1020] Processing property 20598953...
2026-01-21 03:16:47,832 - INFO - Waiting 12.7 seconds before requesting property 20598953...
2026-01-21 03:17:00,495 - INFO - Requesting property 20598953: https://www.fotocasa.es/es/comprar/obra-nueva/benahavis/20598953
2026-01-21 03:17:01,021 - INFO - Property 20598953 - advertiser.phone: 954201732
2026-01-21 03:17:01,021 - INFO - Found promotion ID: b0920862-372c-4c81-8158-728a98e47ad2, fetching tracking phone...
2026-01-21 03:17:01,563 - WARNING - Failed to get tracking phone for b0920862-372c-4c81-8158-728a98e47ad2: HTTP 403
2026-01-21 03:17:01,563 - INFO - Property 20598953 - publisher.phone: 954201732
2026-01-21 03:17:01,564 - INFO - Final phone for property 20598953: 954201732
2026-01-21 03:17:01,565 - INFO - SUCCESS: Property 20598953 - Phone: 954201732
2026-01-21 03:17:01,567 - INFO - Progress: 200/1020 (19.6%)
2026-01-21 03:17:01,568 - INFO - Success: 199, Failed: 1
2026-01-21 03:17:01,568 - INFO - Estimated time remaining: 189.8 minutes
2026-01-21 03:17:01,568 - INFO - 
[201/1020] Processing property 20598952...
2026-01-21 03:17:01,569 - INFO - Waiting 10.6 seconds before requesting property 20598952...
2026-01-21 03:17:12,128 - INFO - Requesting property 20598952: https://www.fotocasa.es/es/comprar/obra-nueva/estepona/20598952
2026-01-21 03:17:12,765 - INFO - Property 20598952 - advertiser.phone: 954201732
2026-01-21 03:17:12,784 - INFO - Found promotion ID: f9f542fa-608f-489d-b657-63d61da5b98c, fetching tracking phone...
2026-01-21 03:17:13,388 - WARNING - Failed to get tracking phone for f9f542fa-608f-489d-b657-63d61da5b98c: HTTP 403
2026-01-21 03:17:13,388 - INFO - Property 20598952 - publisher.phone: 954201732
2026-01-21 03:17:13,389 - INFO - Final phone for property 20598952: 954201732
2026-01-21 03:17:13,391 - INFO - SUCCESS: Property 20598952 - Phone: 954201732
2026-01-21 03:17:13,394 - INFO - 
[202/1020] Processing property 20525086...
2026-01-21 03:17:13,394 - INFO - Waiting 11.1 seconds before requesting property 20525086...
2026-01-21 03:17:24,483 - INFO - Requesting property 20525086: https://www.fotocasa.es/es/comprar/obra-nueva/estepona/20525086
2026-01-21 03:17:25,002 - INFO - Property 20525086 - advertiser.phone: 954201732
2026-01-21 03:17:25,004 - INFO - Found promotion ID: d544eece-a304-481d-b9af-d513a712c8f2, fetching tracking phone...
2026-01-21 03:17:25,338 - WARNING - Failed to get tracking phone for d544eece-a304-481d-b9af-d513a712c8f2: HTTP 403
2026-01-21 03:17:25,487 - INFO - Property 20525086 - publisher.phone: 954201732
2026-01-21 03:17:25,488 - INFO - Final phone for property 20525086: 954201732
2026-01-21 03:17:25,489 - INFO - SUCCESS: Property 20525086 - Phone: 954201732
2026-01-21 03:17:25,493 - INFO - 
[203/1020] Processing property 20532309...
2026-01-21 03:17:25,494 - INFO - Waiting 10.9 seconds before requesting property 20532309...
2026-01-21 03:17:36,409 - INFO - Requesting property 20532309: https://www.fotocasa.es/es/comprar/obra-nueva/palma-de-mallorca/20532309
2026-01-21 03:17:36,946 - INFO - Property 20532309 - advertiser.phone: 910752063
2026-01-21 03:17:36,947 - INFO - Found promotion ID: 11d1e128-cb41-4315-8139-6e3472c9f7e9, fetching tracking phone...
2026-01-21 03:17:37,537 - WARNING - Failed to get tracking phone for 11d1e128-cb41-4315-8139-6e3472c9f7e9: HTTP 403
2026-01-21 03:17:37,538 - INFO - Property 20532309 - publisher.phone: 910752063
2026-01-21 03:17:37,538 - INFO - Final phone for property 20532309: 910752063
2026-01-21 03:17:37,540 - INFO - SUCCESS: Property 20532309 - Phone: 910752063
2026-01-21 03:17:37,543 - INFO - 
[204/1020] Processing property 20525115...
2026-01-21 03:17:37,544 - INFO - Waiting 13.4 seconds before requesting property 20525115...
2026-01-21 03:17:50,896 - INFO - Requesting property 20525115: https://www.fotocasa.es/es/comprar/obra-nueva/sevilla-capital/20525115
2026-01-21 03:17:51,543 - INFO - Property 20525115 - advertiser.phone: 954201732
2026-01-21 03:17:51,543 - INFO - Found promotion ID: 671db6f1-af65-49ab-ad3b-fbf8cac447ef, fetching tracking phone...
2026-01-21 03:17:52,178 - WARNING - Failed to get tracking phone for 671db6f1-af65-49ab-ad3b-fbf8cac447ef: HTTP 403
2026-01-21 03:17:52,178 - INFO - Property 20525115 - publisher.phone: 954201732
2026-01-21 03:17:52,178 - INFO - Final phone for property 20525115: 954201732
2026-01-21 03:17:52,183 - INFO - SUCCESS: Property 20525115 - Phone: 954201732
2026-01-21 03:17:52,187 - INFO - 
[205/1020] Processing property 20510436...
2026-01-21 03:17:52,188 - INFO - Waiting 10.1 seconds before requesting property 20510436...
2026-01-21 03:18:02,280 - INFO - Requesting property 20510436: https://www.fotocasa.es/es/comprar/obra-nueva/son-servera/20510436
2026-01-21 03:18:02,801 - INFO - Property 20510436 - advertiser.phone: 971082719
2026-01-21 03:18:02,802 - INFO - Found promotion ID: a2182020-1a73-4799-9725-042cce52cbf1, fetching tracking phone...
2026-01-21 03:18:03,338 - WARNING - Failed to get tracking phone for a2182020-1a73-4799-9725-042cce52cbf1: HTTP 403
2026-01-21 03:18:03,338 - INFO - Property 20510436 - publisher.phone: 971082719
2026-01-21 03:18:03,339 - INFO - Final phone for property 20510436: 971082719
2026-01-21 03:18:03,341 - INFO - SUCCESS: Property 20510436 - Phone: 971082719
2026-01-21 03:18:03,344 - INFO - 
[206/1020] Processing property 20596550...
2026-01-21 03:18:03,344 - INFO - Waiting 13.6 seconds before requesting property 20596550...
2026-01-21 03:18:16,922 - INFO - Requesting property 20596550: https://www.fotocasa.es/es/comprar/obra-nueva/pielagos/20596550
2026-01-21 03:18:17,493 - INFO - Property 20596550 - advertiser.phone: 942911706
2026-01-21 03:18:17,538 - INFO - Found promotion ID: 335352e8-f017-4d89-99c8-06ae529c26ef, fetching tracking phone...
2026-01-21 03:18:17,993 - WARNING - Failed to get tracking phone for 335352e8-f017-4d89-99c8-06ae529c26ef: HTTP 403
2026-01-21 03:18:17,993 - INFO - Property 20596550 - publisher.phone: 942911706
2026-01-21 03:18:17,993 - INFO - Final phone for property 20596550: 942911706
2026-01-21 03:18:17,997 - INFO - SUCCESS: Property 20596550 - Phone: 942911706
2026-01-21 03:18:17,999 - INFO - 
[207/1020] Processing property 20533901...
2026-01-21 03:18:17,999 - INFO - Waiting 13.2 seconds before requesting property 20533901...
2026-01-21 03:18:31,213 - INFO - Requesting property 20533901: https://www.fotocasa.es/es/comprar/obra-nueva/sant-boi-de-llobregat/20533901
2026-01-21 03:18:31,906 - INFO - Property 20533901 - advertiser.phone: 932398291
2026-01-21 03:18:31,907 - INFO - Found promotion ID: 4ef84dc6-895c-4e2b-b5d7-19eddcb817cc, fetching tracking phone...
2026-01-21 03:18:32,790 - WARNING - Failed to get tracking phone for 4ef84dc6-895c-4e2b-b5d7-19eddcb817cc: HTTP 403
2026-01-21 03:18:32,791 - INFO - Property 20533901 - publisher.phone: 932398291
2026-01-21 03:18:32,791 - INFO - Final phone for property 20533901: 932398291
2026-01-21 03:18:32,792 - INFO - SUCCESS: Property 20533901 - Phone: 932398291
2026-01-21 03:18:32,794 - INFO - 
[208/1020] Processing property 20509470...
2026-01-21 03:18:32,795 - INFO - Waiting 11.2 seconds before requesting property 20509470...
2026-01-21 03:18:43,988 - INFO - Requesting property 20509470: https://www.fotocasa.es/es/comprar/obra-nueva/fuengirola/20509470
2026-01-21 03:18:44,675 - INFO - Property 20509470 - advertiser.phone: 951347249
2026-01-21 03:18:44,675 - INFO - Found promotion ID: 8437af96-3c8b-463e-bdbc-7a40b0e3114c, fetching tracking phone...
2026-01-21 03:18:45,122 - WARNING - Failed to get tracking phone for 8437af96-3c8b-463e-bdbc-7a40b0e3114c: HTTP 403
2026-01-21 03:18:45,129 - INFO - Property 20509470 - publisher.phone: 951347249
2026-01-21 03:18:45,129 - INFO - Final phone for property 20509470: 951347249
2026-01-21 03:18:45,131 - INFO - SUCCESS: Property 20509470 - Phone: 951347249
2026-01-21 03:18:45,135 - INFO - 
[209/1020] Processing property 20530296...
2026-01-21 03:18:45,143 - INFO - Waiting 10.3 seconds before requesting property 20530296...
2026-01-21 03:18:55,475 - INFO - Requesting property 20530296: https://www.fotocasa.es/es/comprar/obra-nueva/barcelona-capital/20530296
2026-01-21 03:18:57,018 - INFO - Property 20530296 - advertiser.phone: 930441963
2026-01-21 03:18:57,211 - INFO - Found promotion ID: 0dcab8e6-0918-479f-a07f-808218050dcc, fetching tracking phone...
2026-01-21 03:18:57,902 - WARNING - Failed to get tracking phone for 0dcab8e6-0918-479f-a07f-808218050dcc: HTTP 403
2026-01-21 03:18:57,902 - INFO - Property 20530296 - publisher.phone: 930441963
2026-01-21 03:18:57,902 - INFO - Final phone for property 20530296: 930441963
2026-01-21 03:18:57,904 - INFO - SUCCESS: Property 20530296 - Phone: 930441963
2026-01-21 03:18:57,908 - INFO - 
[210/1020] Processing property 20518718...
2026-01-21 03:18:57,908 - INFO - Waiting 12.1 seconds before requesting property 20518718...
2026-01-21 03:19:10,011 - INFO - Requesting property 20518718: https://www.fotocasa.es/es/comprar/obra-nueva/aspe/20518718
2026-01-21 03:19:10,517 - INFO - Property 20518718 - advertiser.phone: 965093215
2026-01-21 03:19:10,517 - INFO - Found promotion ID: f51c2a56-87d4-43ab-8057-a89f33504830, fetching tracking phone...
2026-01-21 03:19:12,009 - WARNING - Failed to get tracking phone for f51c2a56-87d4-43ab-8057-a89f33504830: HTTP 403
2026-01-21 03:19:12,010 - INFO - Property 20518718 - publisher.phone: 965093215
2026-01-21 03:19:12,010 - INFO - Final phone for property 20518718: 965093215
2026-01-21 03:19:12,011 - ERROR - ERROR: Property 20518718 - 'utf-8' codec can't encode characters in position 896-897: surrogates not allowed
2026-01-21 03:19:12,013 - INFO - Progress: 210/1020 (20.6%)
2026-01-21 03:19:12,014 - INFO - Success: 208, Failed: 2
2026-01-21 03:19:12,014 - INFO - Estimated time remaining: 186.9 minutes
2026-01-21 03:19:12,015 - INFO - 
[211/1020] Processing property 20525106...
2026-01-21 03:19:12,015 - INFO - Waiting 11.5 seconds before requesting property 20525106...
2026-01-21 03:19:24,278 - INFO - Requesting property 20525106: https://www.fotocasa.es/es/comprar/obra-nueva/manilva/20525106
2026-01-21 03:19:28,152 - INFO - Property 20525106 - advertiser.phone: 954201732
2026-01-21 03:19:28,168 - INFO - Found promotion ID: ba461005-33f1-4807-b89b-6ea0e610872e, fetching tracking phone...
2026-01-21 03:19:28,658 - WARNING - Failed to get tracking phone for ba461005-33f1-4807-b89b-6ea0e610872e: HTTP 403
2026-01-21 03:19:28,659 - INFO - Property 20525106 - publisher.phone: 954201732
2026-01-21 03:19:28,660 - INFO - Final phone for property 20525106: 954201732
2026-01-21 03:19:28,662 - INFO - SUCCESS: Property 20525106 - Phone: 954201732
2026-01-21 03:19:28,665 - INFO - 
[212/1020] Processing property 20525092...
2026-01-21 03:19:28,665 - INFO - Waiting 10.8 seconds before requesting property 20525092...
2026-01-21 03:19:39,467 - INFO - Requesting property 20525092: https://www.fotocasa.es/es/comprar/obra-nueva/madrid-capital/20525092
2026-01-21 03:19:39,881 - INFO - Property 20525092 - advertiser.phone: 954201732
2026-01-21 03:19:39,882 - INFO - Found promotion ID: df4b3c47-74ad-4847-98ff-31638f8ab18e, fetching tracking phone...
2026-01-21 03:19:40,363 - WARNING - Failed to get tracking phone for df4b3c47-74ad-4847-98ff-31638f8ab18e: HTTP 403
2026-01-21 03:19:40,363 - INFO - Property 20525092 - publisher.phone: 954201732
2026-01-21 03:19:40,363 - INFO - Final phone for property 20525092: 954201732
2026-01-21 03:19:40,365 - INFO - SUCCESS: Property 20525092 - Phone: 954201732
2026-01-21 03:19:40,367 - INFO - 
[213/1020] Processing property 20553244...
2026-01-21 03:19:40,367 - INFO - Waiting 14.5 seconds before requesting property 20553244...
2026-01-21 03:19:54,896 - INFO - Requesting property 20553244: https://www.fotocasa.es/es/comprar/obra-nueva/barcelona-capital/20553244
2026-01-21 03:19:55,636 - INFO - Property 20553244 - advertiser.phone: 930443089
2026-01-21 03:19:55,898 - INFO - Found promotion ID: 9ee582e5-31cb-4a67-9f24-b2533b4e9611, fetching tracking phone...
2026-01-21 03:19:56,623 - WARNING - Failed to get tracking phone for 9ee582e5-31cb-4a67-9f24-b2533b4e9611: HTTP 403
2026-01-21 03:19:56,623 - INFO - Property 20553244 - publisher.phone: 930443089
2026-01-21 03:19:56,624 - INFO - Final phone for property 20553244: 930443089
2026-01-21 03:19:56,625 - INFO - SUCCESS: Property 20553244 - Phone: 930443089
2026-01-21 03:19:56,628 - INFO - 
[214/1020] Processing property 20595264...
2026-01-21 03:19:56,628 - INFO - Waiting 14.2 seconds before requesting property 20595264...
2026-01-21 03:20:10,829 - INFO - Requesting property 20595264: https://www.fotocasa.es/es/comprar/obra-nueva/pulianas/20595264
2026-01-21 03:20:11,269 - INFO - Property 20595264 - advertiser.phone: 958911275
2026-01-21 03:20:11,269 - INFO - Found promotion ID: 07865b45-ce81-47ff-afe6-63de4b6bda29, fetching tracking phone...
2026-01-21 03:20:11,693 - WARNING - Failed to get tracking phone for 07865b45-ce81-47ff-afe6-63de4b6bda29: HTTP 403
2026-01-21 03:20:11,693 - INFO - Property 20595264 - publisher.phone: 958911275
2026-01-21 03:20:11,693 - INFO - Final phone for property 20595264: 958911275
2026-01-21 03:20:11,695 - INFO - SUCCESS: Property 20595264 - Phone: 958911275
2026-01-21 03:20:11,696 - INFO - 
[215/1020] Processing property 20509426...
2026-01-21 03:20:11,698 - INFO - Waiting 11.7 seconds before requesting property 20509426...
2026-01-21 03:20:23,429 - INFO - Requesting property 20509426: https://www.fotocasa.es/es/comprar/obra-nueva/rubi/20509426
2026-01-21 03:20:23,876 - INFO - Property 20509426 - advertiser.phone: 931321652
2026-01-21 03:20:23,876 - INFO - Found promotion ID: 9845862e-dd60-4081-b280-492c48e92dd6, fetching tracking phone...
2026-01-21 03:20:24,352 - WARNING - Failed to get tracking phone for 9845862e-dd60-4081-b280-492c48e92dd6: HTTP 403
2026-01-21 03:20:24,353 - INFO - Property 20509426 - publisher.phone: 931321652
2026-01-21 03:20:24,353 - INFO - Final phone for property 20509426: 931321652
2026-01-21 03:20:24,355 - INFO - SUCCESS: Property 20509426 - Phone: 931321652
2026-01-21 03:20:24,357 - INFO - 
[216/1020] Processing property 20553415...
2026-01-21 03:20:24,357 - INFO - Waiting 11.2 seconds before requesting property 20553415...
2026-01-21 03:20:35,573 - INFO - Requesting property 20553415: https://www.fotocasa.es/es/comprar/obra-nueva/segovia-capital/20553415
2026-01-21 03:20:36,050 - INFO - Property 20553415 - advertiser.phone: 921450174
2026-01-21 03:20:36,050 - INFO - Found promotion ID: e9661837-e165-449a-a304-c2dae15bf65b, fetching tracking phone...
2026-01-21 03:20:36,482 - WARNING - Failed to get tracking phone for e9661837-e165-449a-a304-c2dae15bf65b: HTTP 403
2026-01-21 03:20:36,483 - INFO - Property 20553415 - publisher.phone: 921450174
2026-01-21 03:20:36,483 - INFO - Final phone for property 20553415: 921450174
2026-01-21 03:20:36,484 - INFO - SUCCESS: Property 20553415 - Phone: 921450174
2026-01-21 03:20:36,487 - INFO - 
[217/1020] Processing property 20530292...
2026-01-21 03:20:36,487 - INFO - Waiting 14.1 seconds before requesting property 20530292...
2026-01-21 03:20:50,583 - INFO - Requesting property 20530292: https://www.fotocasa.es/es/comprar/obra-nueva/barcelona-capital/20530292
2026-01-21 03:20:51,069 - INFO - Property 20530292 - advertiser.phone: 930441963
2026-01-21 03:20:51,072 - INFO - Found promotion ID: 9942926d-b989-4fb6-bf3e-751bc47a6013, fetching tracking phone...
2026-01-21 03:20:51,392 - WARNING - Failed to get tracking phone for 9942926d-b989-4fb6-bf3e-751bc47a6013: HTTP 403
2026-01-21 03:20:51,393 - INFO - Property 20530292 - publisher.phone: 930441963
2026-01-21 03:20:51,393 - INFO - Final phone for property 20530292: 930441963
2026-01-21 03:20:51,394 - INFO - SUCCESS: Property 20530292 - Phone: 930441963
2026-01-21 03:20:51,398 - INFO - 
[218/1020] Processing property 20593265...
2026-01-21 03:20:51,398 - INFO - Waiting 10.7 seconds before requesting property 20593265...
2026-01-21 03:21:02,738 - INFO - Requesting property 20593265: https://www.fotocasa.es/es/comprar/obra-nueva/la-union/20593265
2026-01-21 03:21:05,074 - INFO - Property 20593265 - advertiser.phone: 968912169
2026-01-21 03:21:05,092 - INFO - Found promotion ID: 44956c72-6e6d-4d9f-9f92-2db9ca49171e, fetching tracking phone...
2026-01-21 03:21:05,564 - WARNING - Failed to get tracking phone for 44956c72-6e6d-4d9f-9f92-2db9ca49171e: HTTP 403
2026-01-21 03:21:05,565 - INFO - Property 20593265 - publisher.phone: 968912169
2026-01-21 03:21:05,565 - INFO - Final phone for property 20593265: 968912169
2026-01-21 03:21:05,567 - INFO - SUCCESS: Property 20593265 - Phone: 968912169
2026-01-21 03:21:05,570 - INFO - 
[219/1020] Processing property 20593803...
2026-01-21 03:21:05,571 - INFO - Waiting 12.4 seconds before requesting property 20593803...
2026-01-21 03:21:17,952 - INFO - Requesting property 20593803: https://www.fotocasa.es/es/comprar/obra-nueva/felanitx/20593803
2026-01-21 03:21:19,495 - INFO - Property 20593803 - advertiser.phone: 951341079
2026-01-21 03:21:19,514 - INFO - Found promotion ID: abed607c-1dd1-4880-938f-46cbbe184a40, fetching tracking phone...
2026-01-21 03:21:20,143 - WARNING - Failed to get tracking phone for abed607c-1dd1-4880-938f-46cbbe184a40: HTTP 403
2026-01-21 03:21:20,144 - INFO - Property 20593803 - publisher.phone: 951341079
2026-01-21 03:21:20,144 - INFO - Final phone for property 20593803: 951341079
2026-01-21 03:21:20,145 - INFO - SUCCESS: Property 20593803 - Phone: 951341079
2026-01-21 03:21:20,149 - INFO - 
[220/1020] Processing property 20508948...
2026-01-21 03:21:20,150 - INFO - Waiting 11.5 seconds before requesting property 20508948...
2026-01-21 03:21:31,798 - INFO - Requesting property 20508948: https://www.fotocasa.es/es/comprar/obra-nueva/huelva-capital/20508948
2026-01-21 03:21:33,814 - INFO - Property 20508948 - advertiser.phone: 959954329
2026-01-21 03:21:33,826 - INFO - Found promotion ID: cc676c07-6803-4155-8b1e-0dc3b85d1148, fetching tracking phone...
2026-01-21 03:21:34,413 - WARNING - Failed to get tracking phone for cc676c07-6803-4155-8b1e-0dc3b85d1148: HTTP 403
2026-01-21 03:21:34,418 - INFO - Property 20508948 - publisher.phone: 959954329
2026-01-21 03:21:34,423 - INFO - Final phone for property 20508948: 959954329
2026-01-21 03:21:34,425 - INFO - SUCCESS: Property 20508948 - Phone: 959954329
2026-01-21 03:21:34,428 - INFO - Progress: 220/1020 (21.6%)
2026-01-21 03:21:34,428 - INFO - Success: 218, Failed: 2
2026-01-21 03:21:34,429 - INFO - Estimated time remaining: 184.8 minutes
2026-01-21 03:21:34,429 - INFO - 
[221/1020] Processing property 20518963...
2026-01-21 03:21:34,429 - INFO - Waiting 10.6 seconds before requesting property 20518963...
2026-01-21 03:21:45,186 - INFO - Requesting property 20518963: https://www.fotocasa.es/es/comprar/obra-nueva/barcelona-capital/20518963
2026-01-21 03:21:48,494 - INFO - Property 20518963 - advertiser.phone: 931321476
2026-01-21 03:21:48,514 - INFO - Found promotion ID: 4fa74255-702d-4ec3-9fc8-55411a930137, fetching tracking phone...
2026-01-21 03:21:49,087 - WARNING - Failed to get tracking phone for 4fa74255-702d-4ec3-9fc8-55411a930137: HTTP 403
2026-01-21 03:21:49,088 - INFO - Property 20518963 - publisher.phone: 931321476
2026-01-21 03:21:49,088 - INFO - Final phone for property 20518963: 931321476
2026-01-21 03:21:49,090 - INFO - SUCCESS: Property 20518963 - Phone: 931321476
2026-01-21 03:21:49,093 - INFO - 
[222/1020] Processing property 20518869...
2026-01-21 03:21:49,093 - INFO - Waiting 13.7 seconds before requesting property 20518869...
2026-01-21 03:22:02,788 - INFO - Requesting property 20518869: https://www.fotocasa.es/es/comprar/obra-nueva/estepona/20518869
2026-01-21 03:22:03,231 - INFO - Property 20518869 - advertiser.phone: 951348453
2026-01-21 03:22:03,232 - INFO - Found promotion ID: f4f7a209-03b0-4fb9-baac-1dacda064d4f, fetching tracking phone...
2026-01-21 03:22:03,822 - WARNING - Failed to get tracking phone for f4f7a209-03b0-4fb9-baac-1dacda064d4f: HTTP 403
2026-01-21 03:22:03,823 - INFO - Property 20518869 - publisher.phone: 951348453
2026-01-21 03:22:03,823 - INFO - Final phone for property 20518869: 951348453
2026-01-21 03:22:03,824 - INFO - SUCCESS: Property 20518869 - Phone: 951348453
2026-01-21 03:22:03,828 - INFO - 
[223/1020] Processing property 20518949...
2026-01-21 03:22:03,828 - INFO - Waiting 13.2 seconds before requesting property 20518949...
2026-01-21 03:22:17,006 - INFO - Requesting property 20518949: https://www.fotocasa.es/es/comprar/obra-nueva/mataro/20518949
2026-01-21 03:22:17,568 - INFO - Property 20518949 - advertiser.phone: 931321475
2026-01-21 03:22:17,568 - INFO - Found promotion ID: 9be37362-0b61-4c37-960d-efdf4cecab24, fetching tracking phone...
2026-01-21 03:22:18,009 - WARNING - Failed to get tracking phone for 9be37362-0b61-4c37-960d-efdf4cecab24: HTTP 403
2026-01-21 03:22:18,009 - INFO - Property 20518949 - publisher.phone: 931321475
2026-01-21 03:22:18,009 - INFO - Final phone for property 20518949: 931321475
2026-01-21 03:22:18,011 - INFO - SUCCESS: Property 20518949 - Phone: 931321475
2026-01-21 03:22:18,014 - INFO - 
[224/1020] Processing property 20518868...
2026-01-21 03:22:18,014 - INFO - Waiting 13.0 seconds before requesting property 20518868...
2026-01-21 03:22:31,041 - INFO - Requesting property 20518868: https://www.fotocasa.es/es/comprar/obra-nueva/terrassa/20518868
2026-01-21 03:22:31,586 - INFO - Property 20518868 - advertiser.phone: 931321473
2026-01-21 03:22:31,586 - INFO - Found promotion ID: 1c8afb5a-bb19-4291-94d4-e1d90e93031a, fetching tracking phone...
2026-01-21 03:22:32,179 - WARNING - Failed to get tracking phone for 1c8afb5a-bb19-4291-94d4-e1d90e93031a: HTTP 403
2026-01-21 03:22:32,180 - INFO - Property 20518868 - publisher.phone: 931321473
2026-01-21 03:22:32,180 - INFO - Final phone for property 20518868: 931321473
2026-01-21 03:22:32,181 - INFO - SUCCESS: Property 20518868 - Phone: 931321473
2026-01-21 03:22:32,183 - INFO - 
[225/1020] Processing property 20555795...
2026-01-21 03:22:32,184 - INFO - Waiting 11.8 seconds before requesting property 20555795...
2026-01-21 03:22:43,955 - INFO - Requesting property 20555795: https://www.fotocasa.es/es/comprar/obra-nueva/salou/20555795
2026-01-21 03:22:44,424 - INFO - Property 20555795 - advertiser.phone: 977937238
2026-01-21 03:22:44,425 - INFO - Found promotion ID: 89759c2e-67a2-41a8-9d57-f2ea4000039b, fetching tracking phone...
2026-01-21 03:22:44,960 - WARNING - Failed to get tracking phone for 89759c2e-67a2-41a8-9d57-f2ea4000039b: HTTP 403
2026-01-21 03:22:44,960 - INFO - Property 20555795 - publisher.phone: 977937238
2026-01-21 03:22:44,961 - INFO - Final phone for property 20555795: 977937238
2026-01-21 03:22:44,962 - INFO - SUCCESS: Property 20555795 - Phone: 977937238
2026-01-21 03:22:44,966 - INFO - 
[226/1020] Processing property 20532308...
2026-01-21 03:22:44,967 - INFO - Waiting 13.0 seconds before requesting property 20532308...
2026-01-21 03:22:58,410 - INFO - Requesting property 20532308: https://www.fotocasa.es/es/comprar/obra-nueva/gijon/20532308
2026-01-21 03:23:00,843 - INFO - Property 20532308 - advertiser.phone: 910752063
2026-01-21 03:23:00,903 - INFO - Found promotion ID: 544c82ca-0d8a-4344-bd14-eaff2e3d35fd, fetching tracking phone...
2026-01-21 03:23:01,783 - WARNING - Failed to get tracking phone for 544c82ca-0d8a-4344-bd14-eaff2e3d35fd: HTTP 403
2026-01-21 03:23:01,865 - INFO - Property 20532308 - publisher.phone: 910752063
2026-01-21 03:23:01,899 - INFO - Final phone for property 20532308: 910752063
2026-01-21 03:23:01,901 - INFO - SUCCESS: Property 20532308 - Phone: 910752063
2026-01-21 03:23:01,908 - INFO - 
[227/1020] Processing property 20582372...
2026-01-21 03:23:01,913 - INFO - Waiting 13.4 seconds before requesting property 20582372...
2026-01-21 03:23:15,326 - INFO - Requesting property 20582372: https://www.fotocasa.es/es/comprar/obra-nueva/el-puerto-de-santa-maria/20582372
2026-01-21 03:23:15,886 - INFO - Property 20582372 - advertiser.phone: 956913571
2026-01-21 03:23:15,886 - INFO - Found promotion ID: 282eda2d-6875-472c-9bf0-b11b7ff0fdd9, fetching tracking phone...
2026-01-21 03:23:16,331 - WARNING - Failed to get tracking phone for 282eda2d-6875-472c-9bf0-b11b7ff0fdd9: HTTP 403
2026-01-21 03:23:16,331 - INFO - Property 20582372 - publisher.phone: 956913571
2026-01-21 03:23:16,331 - INFO - Final phone for property 20582372: 956913571
2026-01-21 03:23:16,333 - INFO - SUCCESS: Property 20582372 - Phone: 956913571
2026-01-21 03:23:16,335 - INFO - 
[228/1020] Processing property 20582434...
2026-01-21 03:23:16,336 - INFO - Waiting 14.9 seconds before requesting property 20582434...
2026-01-21 03:23:31,853 - INFO - Requesting property 20582434: https://www.fotocasa.es/es/comprar/obra-nueva/arganda-del-rey/20582434
2026-01-21 03:23:33,111 - INFO - Property 20582434 - advertiser.phone: +34682242415
2026-01-21 03:23:33,116 - INFO - Found promotion ID: 7f82d2ec-e383-4dc5-b6e5-c44a55853815, fetching tracking phone...
2026-01-21 03:23:33,734 - WARNING - Failed to get tracking phone for 7f82d2ec-e383-4dc5-b6e5-c44a55853815: HTTP 403
2026-01-21 03:23:33,735 - INFO - Property 20582434 - publisher.phone: +34682242415
2026-01-21 03:23:33,735 - INFO - Final phone for property 20582434: +34682242415
2026-01-21 03:23:33,735 - INFO - SUCCESS: Property 20582434 - Phone: +34682242415
2026-01-21 03:23:33,740 - INFO - 
[229/1020] Processing property 20540985...
2026-01-21 03:23:33,740 - INFO - Waiting 12.1 seconds before requesting property 20540985...
2026-01-21 03:23:45,872 - INFO - Requesting property 20540985: https://www.fotocasa.es/es/comprar/obra-nueva/torrevieja/20540985
2026-01-21 03:23:46,433 - INFO - Property 20540985 - advertiser.phone: 965093474
2026-01-21 03:23:46,433 - INFO - Found promotion ID: 3fab831b-42e1-46c6-b133-bf0141af9693, fetching tracking phone...
2026-01-21 03:23:47,008 - WARNING - Failed to get tracking phone for 3fab831b-42e1-46c6-b133-bf0141af9693: HTTP 403
2026-01-21 03:23:47,010 - INFO - Property 20540985 - publisher.phone: 965093474
2026-01-21 03:23:47,013 - INFO - Final phone for property 20540985: 965093474
2026-01-21 03:23:47,046 - INFO - SUCCESS: Property 20540985 - Phone: 965093474
2026-01-21 03:23:47,060 - INFO - 
[230/1020] Processing property 20509523...
2026-01-21 03:23:47,070 - INFO - Waiting 12.9 seconds before requesting property 20509523...
2026-01-21 03:23:59,959 - INFO - Requesting property 20509523: https://www.fotocasa.es/es/comprar/obra-nueva/begues/20509523
2026-01-21 03:24:01,148 - INFO - Property 20509523 - advertiser.phone: 932398207
2026-01-21 03:24:01,181 - INFO - Found promotion ID: 67994b4d-24e8-4433-b7cd-3afcfaa47de3, fetching tracking phone...
2026-01-21 03:24:01,673 - WARNING - Failed to get tracking phone for 67994b4d-24e8-4433-b7cd-3afcfaa47de3: HTTP 403
2026-01-21 03:24:01,758 - INFO - Property 20509523 - publisher.phone: 932398207
2026-01-21 03:24:01,848 - INFO - Final phone for property 20509523: 932398207
2026-01-21 03:24:01,956 - INFO - SUCCESS: Property 20509523 - Phone: 932398207
2026-01-21 03:24:01,999 - INFO - Progress: 230/1020 (22.5%)
2026-01-21 03:24:02,007 - INFO - Success: 228, Failed: 2
2026-01-21 03:24:02,041 - INFO - Estimated time remaining: 183.0 minutes
2026-01-21 03:24:02,044 - INFO - 
[231/1020] Processing property 20580288...
2026-01-21 03:24:02,046 - INFO - Waiting 14.6 seconds before requesting property 20580288...
2026-01-21 03:24:16,935 - INFO - Requesting property 20580288: https://www.fotocasa.es/es/comprar/obra-nueva/canet-de-mar/20580288
2026-01-21 03:24:17,626 - INFO - Property 20580288 - advertiser.phone: 935433386
2026-01-21 03:24:17,628 - INFO - Found promotion ID: ff869a39-1465-4546-b2a2-7ef13d6fc67a, fetching tracking phone...
2026-01-21 03:24:18,211 - WARNING - Failed to get tracking phone for ff869a39-1465-4546-b2a2-7ef13d6fc67a: HTTP 403
2026-01-21 03:24:18,212 - INFO - Property 20580288 - publisher.phone: 935433386
2026-01-21 03:24:18,212 - INFO - Final phone for property 20580288: 935433386
2026-01-21 03:24:18,214 - INFO - SUCCESS: Property 20580288 - Phone: 935433386
2026-01-21 03:24:18,219 - INFO - 
[232/1020] Processing property 20526710...
2026-01-21 03:24:18,220 - INFO - Waiting 13.8 seconds before requesting property 20526710...
2026-01-21 03:24:32,050 - INFO - Requesting property 20526710: https://www.fotocasa.es/es/comprar/obra-nueva/albacete-capital/20526710
2026-01-21 03:24:32,555 - INFO - Property 20526710 - advertiser.phone: 967650261
2026-01-21 03:24:32,556 - INFO - Found promotion ID: 267c3b52-08b2-42d9-b982-cadbd5ce1cd1, fetching tracking phone...
2026-01-21 03:24:33,139 - WARNING - Failed to get tracking phone for 267c3b52-08b2-42d9-b982-cadbd5ce1cd1: HTTP 403
2026-01-21 03:24:33,140 - INFO - Property 20526710 - publisher.phone: 967650261
2026-01-21 03:24:33,140 - INFO - Final phone for property 20526710: 967650261
2026-01-21 03:24:33,141 - INFO - SUCCESS: Property 20526710 - Phone: 967650261
2026-01-21 03:24:33,145 - INFO - 
[233/1020] Processing property 20579468...
2026-01-21 03:24:33,146 - INFO - Waiting 11.7 seconds before requesting property 20579468...
2026-01-21 03:24:44,921 - INFO - Requesting property 20579468: https://www.fotocasa.es/es/comprar/obra-nueva/castelldefels/20579468
2026-01-21 03:24:46,169 - INFO - Property 20579468 - advertiser.phone: 930441963
2026-01-21 03:24:46,221 - INFO - Found promotion ID: 3b678fed-e31a-4945-8fb2-c77220161635, fetching tracking phone...
2026-01-21 03:24:46,791 - WARNING - Failed to get tracking phone for 3b678fed-e31a-4945-8fb2-c77220161635: HTTP 403
2026-01-21 03:24:46,792 - INFO - Property 20579468 - publisher.phone: 930441963
2026-01-21 03:24:46,946 - INFO - Final phone for property 20579468: 930441963
2026-01-21 03:24:46,948 - INFO - SUCCESS: Property 20579468 - Phone: 930441963
2026-01-21 03:24:46,951 - INFO - 
[234/1020] Processing property 20578792...
2026-01-21 03:24:46,952 - INFO - Waiting 13.0 seconds before requesting property 20578792...
2026-01-21 03:24:59,937 - INFO - Requesting property 20578792: https://www.fotocasa.es/es/comprar/obra-nueva/vic/20578792
2026-01-21 03:25:01,990 - INFO - Property 20578792 - advertiser.phone: 931321758
2026-01-21 03:25:01,991 - INFO - Found promotion ID: c5a768a9-33b5-4425-b29a-752b52924e20, fetching tracking phone...
2026-01-21 03:25:02,521 - WARNING - Failed to get tracking phone for c5a768a9-33b5-4425-b29a-752b52924e20: HTTP 403
2026-01-21 03:25:02,522 - INFO - Property 20578792 - publisher.phone: 931321758
2026-01-21 03:25:02,522 - INFO - Final phone for property 20578792: 931321758
2026-01-21 03:25:02,523 - INFO - SUCCESS: Property 20578792 - Phone: 931321758
2026-01-21 03:25:02,527 - INFO - 
[235/1020] Processing property 20565166...
2026-01-21 03:25:02,527 - INFO - Waiting 13.2 seconds before requesting property 20565166...
2026-01-21 03:25:15,736 - INFO - Requesting property 20565166: https://www.fotocasa.es/es/comprar/obra-nueva/sevilla-capital/20565166
2026-01-21 03:25:16,509 - INFO - Property 20565166 - advertiser.phone: 954201732
2026-01-21 03:25:16,509 - INFO - Found promotion ID: 506527be-a1a5-42cc-b530-6e87a3922421, fetching tracking phone...
2026-01-21 03:25:16,999 - WARNING - Failed to get tracking phone for 506527be-a1a5-42cc-b530-6e87a3922421: HTTP 403
2026-01-21 03:25:16,999 - INFO - Property 20565166 - publisher.phone: 954201732
2026-01-21 03:25:17,000 - INFO - Final phone for property 20565166: 954201732
2026-01-21 03:25:17,001 - INFO - SUCCESS: Property 20565166 - Phone: 954201732
2026-01-21 03:25:17,004 - INFO - 
[236/1020] Processing property 20552920...
2026-01-21 03:25:17,005 - INFO - Waiting 10.1 seconds before requesting property 20552920...
2026-01-21 03:25:27,090 - INFO - Requesting property 20552920: https://www.fotocasa.es/es/comprar/obra-nueva/arico/20552920
2026-01-21 03:25:28,034 - INFO - Property 20552920 - advertiser.phone: 954201732
2026-01-21 03:25:28,078 - INFO - Found promotion ID: 4ca7bc60-8269-430c-87c5-322fd0e4880e, fetching tracking phone...
2026-01-21 03:25:28,693 - WARNING - Failed to get tracking phone for 4ca7bc60-8269-430c-87c5-322fd0e4880e: HTTP 403
2026-01-21 03:25:28,743 - INFO - Property 20552920 - publisher.phone: 954201732
2026-01-21 03:25:28,788 - INFO - Final phone for property 20552920: 954201732
2026-01-21 03:25:28,926 - INFO - SUCCESS: Property 20552920 - Phone: 954201732
2026-01-21 03:25:28,980 - INFO - 
[237/1020] Processing property 20534007...
2026-01-21 03:25:29,018 - INFO - Waiting 14.7 seconds before requesting property 20534007...
2026-01-21 03:25:43,974 - INFO - Requesting property 20534007: https://www.fotocasa.es/es/comprar/obra-nueva/pulpi/20534007
2026-01-21 03:25:45,451 - INFO - Property 20534007 - advertiser.phone: 954201732
2026-01-21 03:25:45,451 - INFO - Found promotion ID: 216abdb2-0a8e-43b6-8dd6-57f87f0f29f6, fetching tracking phone...
2026-01-21 03:25:46,946 - WARNING - Failed to get tracking phone for 216abdb2-0a8e-43b6-8dd6-57f87f0f29f6: HTTP 403
2026-01-21 03:25:46,948 - INFO - Property 20534007 - publisher.phone: 954201732
2026-01-21 03:25:46,948 - INFO - Final phone for property 20534007: 954201732
2026-01-21 03:25:46,949 - INFO - SUCCESS: Property 20534007 - Phone: 954201732
2026-01-21 03:25:46,952 - INFO - 
[238/1020] Processing property 20526966...
2026-01-21 03:25:46,952 - INFO - Waiting 10.6 seconds before requesting property 20526966...
2026-01-21 03:25:57,599 - INFO - Requesting property 20526966: https://www.fotocasa.es/es/comprar/obra-nueva/estepona/20526966
2026-01-21 03:25:59,420 - INFO - Property 20526966 - advertiser.phone: 954201732
2026-01-21 03:25:59,420 - INFO - Found promotion ID: 67402fb3-73af-4623-85f5-d2660790dd66, fetching tracking phone...
2026-01-21 03:26:00,229 - WARNING - Failed to get tracking phone for 67402fb3-73af-4623-85f5-d2660790dd66: HTTP 403
2026-01-21 03:26:00,342 - INFO - Property 20526966 - publisher.phone: 954201732
2026-01-21 03:26:00,344 - INFO - Final phone for property 20526966: 954201732
2026-01-21 03:26:00,346 - INFO - SUCCESS: Property 20526966 - Phone: 954201732
2026-01-21 03:26:00,348 - INFO - 
[239/1020] Processing property 20525107...
2026-01-21 03:26:00,350 - INFO - Waiting 13.4 seconds before requesting property 20525107...
2026-01-21 03:26:13,787 - INFO - Requesting property 20525107: https://www.fotocasa.es/es/comprar/obra-nueva/malaga-capital/20525107
2026-01-21 03:26:14,315 - INFO - Property 20525107 - advertiser.phone: 954201732
2026-01-21 03:26:14,315 - INFO - Found promotion ID: ee3d30f5-8b80-4565-b512-772b7c88648e, fetching tracking phone...
2026-01-21 03:26:14,867 - WARNING - Failed to get tracking phone for ee3d30f5-8b80-4565-b512-772b7c88648e: HTTP 403
2026-01-21 03:26:14,868 - INFO - Property 20525107 - publisher.phone: 954201732
2026-01-21 03:26:14,868 - INFO - Final phone for property 20525107: 954201732
2026-01-21 03:26:14,870 - INFO - SUCCESS: Property 20525107 - Phone: 954201732
2026-01-21 03:26:14,873 - INFO - 
[240/1020] Processing property 20525102...
2026-01-21 03:26:14,873 - INFO - Waiting 10.2 seconds before requesting property 20525102...
2026-01-21 03:26:25,118 - INFO - Requesting property 20525102: https://www.fotocasa.es/es/comprar/obra-nueva/terrassa/20525102
2026-01-21 03:26:25,680 - INFO - Property 20525102 - advertiser.phone: 954201732
2026-01-21 03:26:25,680 - INFO - Found promotion ID: d0a2e2a1-b5f2-45ca-895a-5994118be63f, fetching tracking phone...
2026-01-21 03:26:26,212 - WARNING - Failed to get tracking phone for d0a2e2a1-b5f2-45ca-895a-5994118be63f: HTTP 403
2026-01-21 03:26:26,213 - INFO - Property 20525102 - publisher.phone: 954201732
2026-01-21 03:26:26,213 - INFO - Final phone for property 20525102: 954201732
2026-01-21 03:26:26,214 - INFO - SUCCESS: Property 20525102 - Phone: 954201732
2026-01-21 03:26:26,216 - INFO - Progress: 240/1020 (23.5%)
2026-01-21 03:26:26,217 - INFO - Success: 238, Failed: 2
2026-01-21 03:26:26,218 - INFO - Estimated time remaining: 181.0 minutes
2026-01-21 03:26:26,218 - INFO - 
[241/1020] Processing property 20525101...
2026-01-21 03:26:26,218 - INFO - Waiting 13.8 seconds before requesting property 20525101...
2026-01-21 03:26:39,986 - INFO - Requesting property 20525101: https://www.fotocasa.es/es/comprar/obra-nueva/sevilla-capital/20525101
2026-01-21 03:26:40,461 - INFO - Property 20525101 - advertiser.phone: 954201732
2026-01-21 03:26:40,461 - INFO - Found promotion ID: f0709937-8108-4890-bcd3-dede0f4a2919, fetching tracking phone...
2026-01-21 03:26:40,986 - WARNING - Failed to get tracking phone for f0709937-8108-4890-bcd3-dede0f4a2919: HTTP 403
2026-01-21 03:26:40,986 - INFO - Property 20525101 - publisher.phone: 954201732
2026-01-21 03:26:40,987 - INFO - Final phone for property 20525101: 954201732
2026-01-21 03:26:40,989 - INFO - SUCCESS: Property 20525101 - Phone: 954201732
2026-01-21 03:26:40,991 - INFO - 
[242/1020] Processing property 20525098...
2026-01-21 03:26:40,991 - INFO - Waiting 14.0 seconds before requesting property 20525098...
2026-01-21 03:26:54,978 - INFO - Requesting property 20525098: https://www.fotocasa.es/es/comprar/obra-nueva/sevilla-capital/20525098
2026-01-21 03:26:55,528 - INFO - Property 20525098 - advertiser.phone: 954201732
2026-01-21 03:26:55,528 - INFO - Found promotion ID: c8229403-9654-4d86-bcb2-b96dd26b3488, fetching tracking phone...
2026-01-21 03:26:56,000 - WARNING - Failed to get tracking phone for c8229403-9654-4d86-bcb2-b96dd26b3488: HTTP 403
2026-01-21 03:26:56,000 - INFO - Property 20525098 - publisher.phone: 954201732
2026-01-21 03:26:56,000 - INFO - Final phone for property 20525098: 954201732
2026-01-21 03:26:56,002 - INFO - SUCCESS: Property 20525098 - Phone: 954201732
2026-01-21 03:26:56,005 - INFO - 
[243/1020] Processing property 20525097...
2026-01-21 03:26:56,005 - INFO - Waiting 11.6 seconds before requesting property 20525097...
2026-01-21 03:27:07,653 - INFO - Requesting property 20525097: https://www.fotocasa.es/es/comprar/obra-nueva/casares/20525097
2026-01-21 03:27:08,106 - INFO - Property 20525097 - advertiser.phone: 954201732
2026-01-21 03:27:08,106 - INFO - Found promotion ID: 1accff2a-52f2-4c36-ac8a-6da4fe1e3f21, fetching tracking phone...
2026-01-21 03:27:08,604 - WARNING - Failed to get tracking phone for 1accff2a-52f2-4c36-ac8a-6da4fe1e3f21: HTTP 403
2026-01-21 03:27:08,605 - INFO - Property 20525097 - publisher.phone: 954201732
2026-01-21 03:27:08,605 - INFO - Final phone for property 20525097: 954201732
2026-01-21 03:27:08,607 - INFO - SUCCESS: Property 20525097 - Phone: 954201732
2026-01-21 03:27:08,610 - INFO - 
[244/1020] Processing property 20525081...
2026-01-21 03:27:08,610 - INFO - Waiting 11.7 seconds before requesting property 20525081...
2026-01-21 03:27:20,276 - INFO - Requesting property 20525081: https://www.fotocasa.es/es/comprar/obra-nueva/terrassa/20525081
2026-01-21 03:27:20,706 - INFO - Property 20525081 - advertiser.phone: 954201732
2026-01-21 03:27:20,706 - INFO - Found promotion ID: 22198fa3-4223-40f1-9a31-c30206b59354, fetching tracking phone...
2026-01-21 03:27:21,248 - WARNING - Failed to get tracking phone for 22198fa3-4223-40f1-9a31-c30206b59354: HTTP 403
2026-01-21 03:27:21,249 - INFO - Property 20525081 - publisher.phone: 954201732
2026-01-21 03:27:21,249 - INFO - Final phone for property 20525081: 954201732
2026-01-21 03:27:21,251 - INFO - SUCCESS: Property 20525081 - Phone: 954201732
2026-01-21 03:27:21,253 - INFO - 
[245/1020] Processing property 20509571...
2026-01-21 03:27:21,254 - INFO - Waiting 11.3 seconds before requesting property 20509571...
2026-01-21 03:27:32,592 - INFO - Requesting property 20509571: https://www.fotocasa.es/es/comprar/obra-nueva/sitges/20509571
2026-01-21 03:27:33,033 - INFO - Property 20509571 - advertiser.phone: 932398278
2026-01-21 03:27:33,037 - INFO - Found promotion ID: 61cbe1ca-3e98-4c4a-9671-504b3296ef74, fetching tracking phone...
2026-01-21 03:27:33,481 - WARNING - Failed to get tracking phone for 61cbe1ca-3e98-4c4a-9671-504b3296ef74: HTTP 403
2026-01-21 03:27:33,481 - INFO - Property 20509571 - publisher.phone: 932398278
2026-01-21 03:27:33,481 - INFO - Final phone for property 20509571: 932398278
2026-01-21 03:27:33,483 - INFO - SUCCESS: Property 20509571 - Phone: 932398278
2026-01-21 03:27:33,485 - INFO - 
[246/1020] Processing property 20509537...
2026-01-21 03:27:33,485 - INFO - Waiting 12.7 seconds before requesting property 20509537...
2026-01-21 03:27:46,192 - INFO - Requesting property 20509537: https://www.fotocasa.es/es/comprar/obra-nueva/vinaros/20509537
2026-01-21 03:27:46,715 - INFO - Property 20509537 - advertiser.phone: 964931739
2026-01-21 03:27:46,716 - INFO - Found promotion ID: 03f17ddd-a3f4-46f6-b70a-de41e04d57e5, fetching tracking phone...
2026-01-21 03:27:47,193 - WARNING - Failed to get tracking phone for 03f17ddd-a3f4-46f6-b70a-de41e04d57e5: HTTP 403
2026-01-21 03:27:47,194 - INFO - Property 20509537 - publisher.phone: 964931739
2026-01-21 03:27:47,194 - INFO - Final phone for property 20509537: 964931739
2026-01-21 03:27:47,196 - INFO - SUCCESS: Property 20509537 - Phone: 964931739
2026-01-21 03:27:47,199 - INFO - 
[247/1020] Processing property 20509533...
2026-01-21 03:27:47,199 - INFO - Waiting 12.6 seconds before requesting property 20509533...
2026-01-21 03:27:59,767 - INFO - Requesting property 20509533: https://www.fotocasa.es/es/comprar/obra-nueva/miraflores-de-la-sierra/20509533
2026-01-21 03:28:00,203 - INFO - Property 20509533 - advertiser.phone: 910751367
2026-01-21 03:28:00,203 - INFO - Found promotion ID: 1bb016eb-7e16-4cad-81b7-75938fdd63e6, fetching tracking phone...
2026-01-21 03:28:00,746 - WARNING - Failed to get tracking phone for 1bb016eb-7e16-4cad-81b7-75938fdd63e6: HTTP 403
2026-01-21 03:28:00,746 - INFO - Property 20509533 - publisher.phone: 910751367
2026-01-21 03:28:00,748 - INFO - Final phone for property 20509533: 910751367
2026-01-21 03:28:00,749 - INFO - SUCCESS: Property 20509533 - Phone: 910751367
2026-01-21 03:28:00,751 - INFO - 
[248/1020] Processing property 20561751...
2026-01-21 03:28:00,752 - INFO - Waiting 13.3 seconds before requesting property 20561751...
2026-01-21 03:28:14,092 - INFO - Requesting property 20561751: https://www.fotocasa.es/es/comprar/obra-nueva/paiporta/20561751
2026-01-21 03:28:14,833 - INFO - Property 20561751 - advertiser.phone: 961281256
2026-01-21 03:28:14,834 - INFO - Found promotion ID: fe5f9bac-d565-4b58-9c5b-1d0f5c24cf41, fetching tracking phone...
2026-01-21 03:28:15,362 - WARNING - Failed to get tracking phone for fe5f9bac-d565-4b58-9c5b-1d0f5c24cf41: HTTP 403
2026-01-21 03:28:15,362 - INFO - Property 20561751 - publisher.phone: 961281256
2026-01-21 03:28:15,363 - INFO - Final phone for property 20561751: 961281256
2026-01-21 03:28:15,365 - INFO - SUCCESS: Property 20561751 - Phone: 961281256
2026-01-21 03:28:15,366 - INFO - 
[249/1020] Processing property 20509446...
2026-01-21 03:28:15,367 - INFO - Waiting 14.9 seconds before requesting property 20509446...
2026-01-21 03:28:30,317 - INFO - Requesting property 20509446: https://www.fotocasa.es/es/comprar/obra-nueva/denia/20509446
2026-01-21 03:28:30,810 - INFO - Property 20509446 - advertiser.phone: 965092956
2026-01-21 03:28:30,810 - INFO - Found promotion ID: 372b1bd3-8a1d-465b-9522-6ebeae08d387, fetching tracking phone...
2026-01-21 03:28:31,340 - WARNING - Failed to get tracking phone for 372b1bd3-8a1d-465b-9522-6ebeae08d387: HTTP 403
2026-01-21 03:28:31,340 - INFO - Property 20509446 - publisher.phone: 965092956
2026-01-21 03:28:31,341 - INFO - Final phone for property 20509446: 965092956
2026-01-21 03:28:31,342 - INFO - SUCCESS: Property 20509446 - Phone: 965092956
2026-01-21 03:28:31,345 - INFO - 
[250/1020] Processing property 20509461...
2026-01-21 03:28:31,345 - INFO - Waiting 14.6 seconds before requesting property 20509461...
2026-01-21 03:28:45,947 - INFO - Requesting property 20509461: https://www.fotocasa.es/es/comprar/obra-nueva/salou/20509461
2026-01-21 03:28:46,371 - INFO - Property 20509461 - advertiser.phone: 977935221
2026-01-21 03:28:46,371 - INFO - Found promotion ID: 108968fb-4331-458d-8914-aa6a2094fa5d, fetching tracking phone...
2026-01-21 03:28:46,797 - WARNING - Failed to get tracking phone for 108968fb-4331-458d-8914-aa6a2094fa5d: HTTP 403
2026-01-21 03:28:46,798 - INFO - Property 20509461 - publisher.phone: 977935221
2026-01-21 03:28:46,798 - INFO - Final phone for property 20509461: 977935221
2026-01-21 03:28:46,799 - INFO - SUCCESS: Property 20509461 - Phone: 977935221
2026-01-21 03:28:46,802 - INFO - Progress: 250/1020 (24.5%)
2026-01-21 03:28:46,802 - INFO - Success: 248, Failed: 2
2026-01-21 03:28:46,802 - INFO - Estimated time remaining: 178.7 minutes
2026-01-21 03:28:46,803 - INFO - 
[251/1020] Processing property 20509428...
2026-01-21 03:28:46,803 - INFO - Waiting 14.8 seconds before requesting property 20509428...
2026-01-21 03:29:01,590 - INFO - Requesting property 20509428: https://www.fotocasa.es/es/comprar/obra-nueva/badalona/20509428
2026-01-21 03:29:02,156 - INFO - Property 20509428 - advertiser.phone: 932398072
2026-01-21 03:29:02,156 - INFO - Found promotion ID: acd72b28-12f1-4208-9ce5-4db5d00c253e, fetching tracking phone...
2026-01-21 03:29:02,702 - WARNING - Failed to get tracking phone for acd72b28-12f1-4208-9ce5-4db5d00c253e: HTTP 403
2026-01-21 03:29:02,702 - INFO - Property 20509428 - publisher.phone: 932398072
2026-01-21 03:29:02,702 - INFO - Final phone for property 20509428: 932398072
2026-01-21 03:29:02,704 - INFO - SUCCESS: Property 20509428 - Phone: 932398072
2026-01-21 03:29:02,706 - INFO - 
[252/1020] Processing property 20509441...
2026-01-21 03:29:02,706 - INFO - Waiting 10.8 seconds before requesting property 20509441...
2026-01-21 03:29:13,463 - INFO - Requesting property 20509441: https://www.fotocasa.es/es/comprar/obra-nueva/pontevedra-capital/20509441
2026-01-21 03:29:14,150 - INFO - Property 20509441 - advertiser.phone: 986930412
2026-01-21 03:29:14,178 - INFO - Found promotion ID: 2baef04d-7250-4a38-a80e-2eb1f3dd7c84, fetching tracking phone...
2026-01-21 03:29:14,544 - WARNING - Failed to get tracking phone for 2baef04d-7250-4a38-a80e-2eb1f3dd7c84: HTTP 403
2026-01-21 03:29:14,544 - INFO - Property 20509441 - publisher.phone: 986930412
2026-01-21 03:29:14,544 - INFO - Final phone for property 20509441: 986930412
2026-01-21 03:29:14,546 - INFO - SUCCESS: Property 20509441 - Phone: 986930412
2026-01-21 03:29:14,549 - INFO - 
[253/1020] Processing property 20540634...
2026-01-21 03:29:14,549 - INFO - Waiting 10.4 seconds before requesting property 20540634...
2026-01-21 03:29:24,942 - INFO - Requesting property 20540634: https://www.fotocasa.es/es/comprar/obra-nueva/valencia-capital/20540634
2026-01-21 03:29:27,516 - INFO - Property 20540634 - advertiser.phone: 961280746
2026-01-21 03:29:27,516 - INFO - Found promotion ID: aa54c64c-c3f6-4ff0-b9e4-e3302a843e72, fetching tracking phone...
2026-01-21 03:29:28,559 - WARNING - Failed to get tracking phone for aa54c64c-c3f6-4ff0-b9e4-e3302a843e72: HTTP 403
2026-01-21 03:29:28,559 - INFO - Property 20540634 - publisher.phone: 961280746
2026-01-21 03:29:28,560 - INFO - Final phone for property 20540634: 961280746
2026-01-21 03:29:28,561 - INFO - SUCCESS: Property 20540634 - Phone: 961280746
2026-01-21 03:29:28,593 - INFO - 
[254/1020] Processing property 20508757...
2026-01-21 03:29:28,636 - INFO - Waiting 11.1 seconds before requesting property 20508757...
2026-01-21 03:29:39,861 - INFO - Requesting property 20508757: https://www.fotocasa.es/es/comprar/obra-nueva/santiago-de-compostela/20508757
2026-01-21 03:29:40,801 - INFO - Property 20508757 - advertiser.phone: 981960269
2026-01-21 03:29:40,802 - INFO - Found promotion ID: e13f52cb-c2c1-443a-b3f4-bd6482d3ddab, fetching tracking phone...
2026-01-21 03:29:41,356 - WARNING - Failed to get tracking phone for e13f52cb-c2c1-443a-b3f4-bd6482d3ddab: HTTP 403
2026-01-21 03:29:41,397 - INFO - Property 20508757 - publisher.phone: 981960269
2026-01-21 03:29:41,447 - INFO - Final phone for property 20508757: 981960269
2026-01-21 03:29:41,494 - INFO - SUCCESS: Property 20508757 - Phone: 981960269
2026-01-21 03:29:41,534 - INFO - 
[255/1020] Processing property 20509443...
2026-01-21 03:29:41,543 - INFO - Waiting 12.4 seconds before requesting property 20509443...
2026-01-21 03:29:54,073 - INFO - Requesting property 20509443: https://www.fotocasa.es/es/comprar/obra-nueva/mijas/20509443
2026-01-21 03:29:54,919 - INFO - Property 20509443 - advertiser.phone: 952941579
2026-01-21 03:29:54,969 - INFO - Found promotion ID: 776d1dae-5e6a-46d4-9df9-760a7f8fd714, fetching tracking phone...
2026-01-21 03:29:55,607 - WARNING - Failed to get tracking phone for 776d1dae-5e6a-46d4-9df9-760a7f8fd714: HTTP 403
2026-01-21 03:29:55,608 - INFO - Property 20509443 - publisher.phone: 952941579
2026-01-21 03:29:55,649 - INFO - Final phone for property 20509443: 952941579
2026-01-21 03:29:55,796 - INFO - SUCCESS: Property 20509443 - Phone: 952941579
2026-01-21 03:29:55,848 - INFO - 
[256/1020] Processing property 20508748...
2026-01-21 03:29:55,887 - INFO - Waiting 14.9 seconds before requesting property 20508748...
2026-01-21 03:30:11,255 - INFO - Requesting property 20508748: https://www.fotocasa.es/es/comprar/obra-nueva/fuengirola/20508748
2026-01-21 03:30:12,821 - INFO - Property 20508748 - advertiser.phone: 952945718
2026-01-21 03:30:12,822 - INFO - Found promotion ID: 74fa9943-8b7f-49ea-ab1c-8be91bd617eb, fetching tracking phone...
2026-01-21 03:30:14,006 - WARNING - Failed to get tracking phone for 74fa9943-8b7f-49ea-ab1c-8be91bd617eb: HTTP 403
2026-01-21 03:30:14,006 - INFO - Property 20508748 - publisher.phone: 952945718
2026-01-21 03:30:14,006 - INFO - Final phone for property 20508748: 952945718
2026-01-21 03:30:14,035 - INFO - SUCCESS: Property 20508748 - Phone: 952945718
2026-01-21 03:30:14,046 - INFO - 
[257/1020] Processing property 20567448...
2026-01-21 03:30:14,053 - INFO - Waiting 10.3 seconds before requesting property 20567448...
2026-01-21 03:30:24,417 - INFO - Requesting property 20567448: https://www.fotocasa.es/es/comprar/obra-nueva/valencia-capital/20567448
2026-01-21 03:30:25,359 - INFO - Property 20567448 - advertiser.phone: 962471435
2026-01-21 03:30:25,432 - INFO - Found promotion ID: b183c04c-24aa-43be-934f-20588aeed7df, fetching tracking phone...
2026-01-21 03:30:26,023 - WARNING - Failed to get tracking phone for b183c04c-24aa-43be-934f-20588aeed7df: HTTP 403
2026-01-21 03:30:26,023 - INFO - Property 20567448 - publisher.phone: 962471435
2026-01-21 03:30:26,024 - INFO - Final phone for property 20567448: 962471435
2026-01-21 03:30:26,025 - INFO - SUCCESS: Property 20567448 - Phone: 962471435
2026-01-21 03:30:26,027 - INFO - 
[258/1020] Processing property 20567295...
2026-01-21 03:30:26,027 - INFO - Waiting 13.7 seconds before requesting property 20567295...
2026-01-21 03:30:39,697 - INFO - Requesting property 20567295: https://www.fotocasa.es/es/comprar/obra-nueva/mataro/20567295
2026-01-21 03:30:43,023 - INFO - Property 20567295 - advertiser.phone: 930441963
2026-01-21 03:30:43,024 - INFO - Found promotion ID: 42885382-becc-45ab-b298-9cf5c9e89a12, fetching tracking phone...
2026-01-21 03:30:44,292 - WARNING - Failed to get tracking phone for 42885382-becc-45ab-b298-9cf5c9e89a12: HTTP 403
2026-01-21 03:30:44,292 - INFO - Property 20567295 - publisher.phone: 930441963
2026-01-21 03:30:44,293 - INFO - Final phone for property 20567295: 930441963
2026-01-21 03:30:44,294 - INFO - SUCCESS: Property 20567295 - Phone: 930441963
2026-01-21 03:30:44,297 - INFO - 
[259/1020] Processing property 20567010...
2026-01-21 03:30:44,297 - INFO - Waiting 11.8 seconds before requesting property 20567010...
2026-01-21 03:30:56,154 - INFO - Requesting property 20567010: https://www.fotocasa.es/es/comprar/obra-nueva/arroyo-de-la-encomienda/20567010
2026-01-21 03:30:58,681 - INFO - Property 20567010 - advertiser.phone: 983980251
2026-01-21 03:30:58,681 - INFO - Found promotion ID: 279931d4-b9c0-4cec-a081-bd15ea0a798b, fetching tracking phone...
2026-01-21 03:30:59,700 - WARNING - Failed to get tracking phone for 279931d4-b9c0-4cec-a081-bd15ea0a798b: HTTP 403
2026-01-21 03:30:59,700 - INFO - Property 20567010 - publisher.phone: 983980251
2026-01-21 03:30:59,700 - INFO - Final phone for property 20567010: 983980251
2026-01-21 03:30:59,702 - INFO - SUCCESS: Property 20567010 - Phone: 983980251
2026-01-21 03:30:59,705 - INFO - 
[260/1020] Processing property 20566886...
2026-01-21 03:30:59,705 - INFO - Waiting 12.8 seconds before requesting property 20566886...
2026-01-21 03:31:12,483 - INFO - Requesting property 20566886: https://www.fotocasa.es/es/comprar/obra-nueva/cambrils/20566886
2026-01-21 03:31:13,119 - INFO - Property 20566886 - advertiser.phone: 977937043
2026-01-21 03:31:13,158 - INFO - Found promotion ID: 23feed61-b29b-4f0a-993a-b48e550f8300, fetching tracking phone...
2026-01-21 03:31:13,987 - WARNING - Failed to get tracking phone for 23feed61-b29b-4f0a-993a-b48e550f8300: HTTP 403
2026-01-21 03:31:13,987 - INFO - Property 20566886 - publisher.phone: 977937043
2026-01-21 03:31:13,987 - INFO - Final phone for property 20566886: 977937043
2026-01-21 03:31:13,987 - INFO - SUCCESS: Property 20566886 - Phone: 977937043
2026-01-21 03:31:13,997 - INFO - Progress: 260/1020 (25.5%)
2026-01-21 03:31:13,997 - INFO - Success: 258, Failed: 2
2026-01-21 03:31:13,998 - INFO - Estimated time remaining: 176.8 minutes
2026-01-21 03:31:13,998 - INFO - 
[261/1020] Processing property 20566132...
2026-01-21 03:31:13,999 - INFO - Waiting 11.6 seconds before requesting property 20566132...
2026-01-21 03:31:25,632 - INFO - Requesting property 20566132: https://www.fotocasa.es/es/comprar/obra-nueva/rota/20566132
2026-01-21 03:31:26,086 - INFO - Property 20566132 - advertiser.phone: 956913905
2026-01-21 03:31:26,087 - INFO - Found promotion ID: 4e7181a2-2a4b-4843-b000-f710b4875de2, fetching tracking phone...
2026-01-21 03:31:26,530 - WARNING - Failed to get tracking phone for 4e7181a2-2a4b-4843-b000-f710b4875de2: HTTP 403
2026-01-21 03:31:26,530 - INFO - Property 20566132 - publisher.phone: 956913905
2026-01-21 03:31:26,530 - INFO - Final phone for property 20566132: 956913905
2026-01-21 03:31:26,532 - INFO - SUCCESS: Property 20566132 - Phone: 956913905
2026-01-21 03:31:26,535 - INFO - 
[262/1020] Processing property 20566098...
2026-01-21 03:31:26,535 - INFO - Waiting 13.9 seconds before requesting property 20566098...
2026-01-21 03:31:40,457 - INFO - Requesting property 20566098: https://www.fotocasa.es/es/comprar/obra-nueva/rota/20566098
2026-01-21 03:31:41,007 - INFO - Property 20566098 - advertiser.phone: 956913905
2026-01-21 03:31:41,007 - INFO - Found promotion ID: e1fe7db3-cdf9-4236-8fb0-f3a1c61062dd, fetching tracking phone...
2026-01-21 03:31:41,540 - WARNING - Failed to get tracking phone for e1fe7db3-cdf9-4236-8fb0-f3a1c61062dd: HTTP 403
2026-01-21 03:31:41,540 - INFO - Property 20566098 - publisher.phone: 956913905
2026-01-21 03:31:41,541 - INFO - Final phone for property 20566098: 956913905
2026-01-21 03:31:41,543 - INFO - SUCCESS: Property 20566098 - Phone: 956913905
2026-01-21 03:31:41,544 - INFO - 
[263/1020] Processing property 20565430...
2026-01-21 03:31:41,545 - INFO - Waiting 13.5 seconds before requesting property 20565430...
2026-01-21 03:31:55,218 - INFO - Requesting property 20565430: https://www.fotocasa.es/es/comprar/obra-nueva/barcelona-capital/20565430
2026-01-21 03:31:56,082 - INFO - Property 20565430 - advertiser.phone: 930441963
2026-01-21 03:31:56,127 - INFO - Found promotion ID: e66f3a6b-6e3d-4069-8ddc-6ca77a9e3e51, fetching tracking phone...
2026-01-21 03:31:56,596 - WARNING - Failed to get tracking phone for e66f3a6b-6e3d-4069-8ddc-6ca77a9e3e51: HTTP 403
2026-01-21 03:31:56,605 - INFO - Property 20565430 - publisher.phone: 930441963
2026-01-21 03:31:56,652 - INFO - Final phone for property 20565430: 930441963
2026-01-21 03:31:56,663 - INFO - SUCCESS: Property 20565430 - Phone: 930441963
2026-01-21 03:31:56,668 - INFO - 
[264/1020] Processing property 20562077...
2026-01-21 03:31:56,669 - INFO - Waiting 14.5 seconds before requesting property 20562077...
2026-01-21 03:32:11,188 - INFO - Requesting property 20562077: https://www.fotocasa.es/es/comprar/obra-nueva/madrid-capital/20562077
2026-01-21 03:32:11,632 - INFO - Property 20562077 - advertiser.phone: 910751436
2026-01-21 03:32:11,633 - INFO - Found promotion ID: 21ab94a0-dd46-40e0-9170-a9ee9fe0c3e2, fetching tracking phone...
2026-01-21 03:32:12,079 - WARNING - Failed to get tracking phone for 21ab94a0-dd46-40e0-9170-a9ee9fe0c3e2: HTTP 403
2026-01-21 03:32:12,079 - INFO - Property 20562077 - publisher.phone: 910751436
2026-01-21 03:32:12,079 - INFO - Final phone for property 20562077: 910751436
2026-01-21 03:32:12,081 - INFO - SUCCESS: Property 20562077 - Phone: 910751436
2026-01-21 03:32:12,084 - INFO - 
[265/1020] Processing property 20560615...
2026-01-21 03:32:12,087 - INFO - Waiting 13.3 seconds before requesting property 20560615...
2026-01-21 03:32:25,769 - INFO - Requesting property 20560615: https://www.fotocasa.es/es/comprar/obra-nueva/girona-capital/20560615
2026-01-21 03:32:27,214 - INFO - Property 20560615 - advertiser.phone: 930443421
2026-01-21 03:32:27,216 - INFO - Found promotion ID: 6eb81b4d-fe79-45f5-99d4-b9aa3112450c, fetching tracking phone...
2026-01-21 03:32:27,872 - WARNING - Failed to get tracking phone for 6eb81b4d-fe79-45f5-99d4-b9aa3112450c: HTTP 403
2026-01-21 03:32:27,873 - INFO - Property 20560615 - publisher.phone: 930443421
2026-01-21 03:32:27,873 - INFO - Final phone for property 20560615: 930443421
2026-01-21 03:32:27,876 - INFO - SUCCESS: Property 20560615 - Phone: 930443421
2026-01-21 03:32:27,906 - INFO - 
[266/1020] Processing property 20560353...
2026-01-21 03:32:27,906 - INFO - Waiting 13.2 seconds before requesting property 20560353...
2026-01-21 03:32:41,075 - INFO - Requesting property 20560353: https://www.fotocasa.es/es/comprar/obra-nueva/fuenlabrada/20560353
2026-01-21 03:32:41,838 - INFO - Property 20560353 - advertiser.phone: 910751408
2026-01-21 03:32:41,838 - INFO - Found promotion ID: 7d5b4ade-2fee-487a-89a6-5ffd7f19311b, fetching tracking phone...
2026-01-21 03:32:42,402 - WARNING - Failed to get tracking phone for 7d5b4ade-2fee-487a-89a6-5ffd7f19311b: HTTP 403
2026-01-21 03:32:42,403 - INFO - Property 20560353 - publisher.phone: 910751408
2026-01-21 03:32:42,403 - INFO - Final phone for property 20560353: 910751408
2026-01-21 03:32:42,405 - INFO - SUCCESS: Property 20560353 - Phone: 910751408
2026-01-21 03:32:42,406 - INFO - 
[267/1020] Processing property 20560280...
2026-01-21 03:32:42,406 - INFO - Waiting 13.7 seconds before requesting property 20560280...
2026-01-21 03:32:56,097 - INFO - Requesting property 20560280: https://www.fotocasa.es/es/comprar/obra-nueva/cudillero/20560280
2026-01-21 03:32:56,563 - INFO - Property 20560280 - advertiser.phone: 984220723
2026-01-21 03:32:56,564 - INFO - Found promotion ID: 337c6dd0-2f32-4825-a000-46e2a879e932, fetching tracking phone...
2026-01-21 03:32:57,248 - WARNING - Failed to get tracking phone for 337c6dd0-2f32-4825-a000-46e2a879e932: HTTP 403
2026-01-21 03:32:57,248 - INFO - Property 20560280 - publisher.phone: 984220723
2026-01-21 03:32:57,249 - INFO - Final phone for property 20560280: 984220723
2026-01-21 03:32:57,251 - INFO - SUCCESS: Property 20560280 - Phone: 984220723
2026-01-21 03:32:57,255 - INFO - 
[268/1020] Processing property 20560278...
2026-01-21 03:32:57,255 - INFO - Waiting 14.9 seconds before requesting property 20560278...
2026-01-21 03:33:12,125 - INFO - Requesting property 20560278: https://www.fotocasa.es/es/comprar/obra-nueva/valladolid-capital/20560278
2026-01-21 03:33:14,177 - INFO - Property 20560278 - advertiser.phone: 983980243
2026-01-21 03:33:14,178 - INFO - Found promotion ID: a18482b2-01ea-4b4b-a0c3-409e987420d0, fetching tracking phone...
2026-01-21 03:33:15,049 - WARNING - Failed to get tracking phone for a18482b2-01ea-4b4b-a0c3-409e987420d0: HTTP 403
2026-01-21 03:33:15,050 - INFO - Property 20560278 - publisher.phone: 983980243
2026-01-21 03:33:15,050 - INFO - Final phone for property 20560278: 983980243
2026-01-21 03:33:15,052 - INFO - SUCCESS: Property 20560278 - Phone: 983980243
2026-01-21 03:33:15,054 - INFO - 
[269/1020] Processing property 20559123...
2026-01-21 03:33:15,055 - INFO - Waiting 11.1 seconds before requesting property 20559123...
2026-01-21 03:33:26,126 - INFO - Requesting property 20559123: https://www.fotocasa.es/es/comprar/obra-nueva/vallirana/20559123
2026-01-21 03:33:26,787 - INFO - Property 20559123 - advertiser.phone: 935434172
2026-01-21 03:33:26,787 - INFO - Found promotion ID: 1dc376c5-93c1-429d-b9b0-bfe51a6a0a69, fetching tracking phone...
2026-01-21 03:33:27,522 - WARNING - Failed to get tracking phone for 1dc376c5-93c1-429d-b9b0-bfe51a6a0a69: HTTP 403
2026-01-21 03:33:27,522 - INFO - Property 20559123 - publisher.phone: 935434172
2026-01-21 03:33:27,523 - INFO - Final phone for property 20559123: 935434172
2026-01-21 03:33:27,524 - INFO - SUCCESS: Property 20559123 - Phone: 935434172
2026-01-21 03:33:27,528 - INFO - 
[270/1020] Processing property 20556466...
2026-01-21 03:33:27,528 - INFO - Waiting 14.6 seconds before requesting property 20556466...
2026-01-21 03:33:42,122 - INFO - Requesting property 20556466: https://www.fotocasa.es/es/comprar/obra-nueva/madrid-capital/20556466
2026-01-21 03:33:43,493 - INFO - Property 20556466 - advertiser.phone: 910752491
2026-01-21 03:33:43,570 - INFO - Found promotion ID: 51536921-c61b-40e7-b18f-81a216c75aea, fetching tracking phone...
2026-01-21 03:33:47,502 - WARNING - Failed to get tracking phone for 51536921-c61b-40e7-b18f-81a216c75aea: HTTP 403
2026-01-21 03:33:47,702 - INFO - Property 20556466 - publisher.phone: 910752491
2026-01-21 03:33:47,707 - INFO - Final phone for property 20556466: 910752491
2026-01-21 03:33:47,712 - INFO - SUCCESS: Property 20556466 - Phone: 910752491
2026-01-21 03:33:47,718 - INFO - Progress: 270/1020 (26.5%)
2026-01-21 03:33:47,718 - INFO - Success: 268, Failed: 2
2026-01-21 03:33:47,718 - INFO - Estimated time remaining: 175.1 minutes
2026-01-21 03:33:47,718 - INFO - 
[271/1020] Processing property 20555270...
2026-01-21 03:33:47,722 - INFO - Waiting 13.1 seconds before requesting property 20555270...
2026-01-21 03:34:00,858 - INFO - Requesting property 20555270: https://www.fotocasa.es/es/comprar/obra-nueva/nules/20555270
2026-01-21 03:34:01,524 - INFO - Property 20555270 - advertiser.phone: 964992640
2026-01-21 03:34:01,562 - INFO - Found promotion ID: 1ea474a1-a2f4-4310-a2c3-a874c4ebb9dd, fetching tracking phone...
2026-01-21 03:34:02,134 - WARNING - Failed to get tracking phone for 1ea474a1-a2f4-4310-a2c3-a874c4ebb9dd: HTTP 403
2026-01-21 03:34:02,134 - INFO - Property 20555270 - publisher.phone: 964992640
2026-01-21 03:34:02,134 - INFO - Final phone for property 20555270: 964992640
2026-01-21 03:34:02,136 - ERROR - ERROR: Property 20555270 - 'utf-8' codec can't encode characters in position 1-2: surrogates not allowed
2026-01-21 03:34:02,141 - INFO - 
[272/1020] Processing property 20554278...
2026-01-21 03:34:02,141 - INFO - Waiting 11.0 seconds before requesting property 20554278...
2026-01-21 03:34:15,379 - INFO - Requesting property 20554278: https://www.fotocasa.es/es/comprar/obra-nueva/zizurkil/20554278
2026-01-21 03:34:15,866 - INFO - Property 20554278 - advertiser.phone: 943913597
2026-01-21 03:34:15,867 - INFO - Found promotion ID: 60a12baa-d4ec-4bc1-90b6-4419af22fcad, fetching tracking phone...
2026-01-21 03:34:16,452 - WARNING - Failed to get tracking phone for 60a12baa-d4ec-4bc1-90b6-4419af22fcad: HTTP 403
2026-01-21 03:34:16,453 - INFO - Property 20554278 - publisher.phone: 943913597
2026-01-21 03:34:16,453 - INFO - Final phone for property 20554278: 943913597
2026-01-21 03:34:16,454 - INFO - SUCCESS: Property 20554278 - Phone: 943913597
2026-01-21 03:34:16,457 - INFO - 
[273/1020] Processing property 20530643...
2026-01-21 03:34:16,457 - INFO - Waiting 14.7 seconds before requesting property 20530643...
2026-01-21 03:34:31,154 - INFO - Requesting property 20530643: https://www.fotocasa.es/es/comprar/obra-nueva/tordera/20530643
2026-01-21 03:34:31,711 - INFO - Property 20530643 - advertiser.phone: 930441963
2026-01-21 03:34:31,712 - INFO - Found promotion ID: 2e6907fa-056d-41f2-89be-7bcc4556aa4e, fetching tracking phone...
2026-01-21 03:34:32,251 - WARNING - Failed to get tracking phone for 2e6907fa-056d-41f2-89be-7bcc4556aa4e: HTTP 403
2026-01-21 03:34:32,251 - INFO - Property 20530643 - publisher.phone: 930441963
2026-01-21 03:34:32,252 - INFO - Final phone for property 20530643: 930441963
2026-01-21 03:34:32,253 - INFO - SUCCESS: Property 20530643 - Phone: 930441963
2026-01-21 03:34:32,255 - INFO - 
[274/1020] Processing property 20552637...
2026-01-21 03:34:32,255 - INFO - Waiting 13.3 seconds before requesting property 20552637...
2026-01-21 03:34:45,526 - INFO - Requesting property 20552637: https://www.fotocasa.es/es/comprar/obra-nueva/madrid-capital/20552637
2026-01-21 03:34:45,974 - INFO - Property 20552637 - advertiser.phone: +34914491590
2026-01-21 03:34:45,974 - INFO - Found promotion ID: ccf24bae-8a14-4241-8253-363cea996da1, fetching tracking phone...
2026-01-21 03:34:46,465 - WARNING - Failed to get tracking phone for ccf24bae-8a14-4241-8253-363cea996da1: HTTP 403
2026-01-21 03:34:46,465 - INFO - Property 20552637 - publisher.phone: +34914491590
2026-01-21 03:34:46,465 - INFO - Final phone for property 20552637: +34914491590
2026-01-21 03:34:46,467 - INFO - SUCCESS: Property 20552637 - Phone: +34914491590
2026-01-21 03:34:46,469 - INFO - 
[275/1020] Processing property 20541278...
2026-01-21 03:34:46,470 - INFO - Waiting 13.6 seconds before requesting property 20541278...
2026-01-21 03:35:00,116 - INFO - Requesting property 20541278: https://www.fotocasa.es/es/comprar/obra-nueva/estepona/20541278
2026-01-21 03:35:00,713 - INFO - Property 20541278 - advertiser.phone: 910752041
2026-01-21 03:35:00,714 - INFO - Found promotion ID: 813eea11-cf3e-4963-bed8-620a8770c964, fetching tracking phone...
2026-01-21 03:35:01,261 - WARNING - Failed to get tracking phone for 813eea11-cf3e-4963-bed8-620a8770c964: HTTP 403
2026-01-21 03:35:01,261 - INFO - Property 20541278 - publisher.phone: 910752041
2026-01-21 03:35:01,261 - INFO - Final phone for property 20541278: 910752041
2026-01-21 03:35:01,264 - INFO - SUCCESS: Property 20541278 - Phone: 910752041
2026-01-21 03:35:01,266 - INFO - 
[276/1020] Processing property 20541070...
2026-01-21 03:35:01,266 - INFO - Waiting 14.6 seconds before requesting property 20541070...
2026-01-21 03:35:15,823 - INFO - Requesting property 20541070: https://www.fotocasa.es/es/comprar/obra-nueva/mijas/20541070
2026-01-21 03:35:16,373 - INFO - Property 20541070 - advertiser.phone: 914890879
2026-01-21 03:35:16,397 - INFO - Found promotion ID: b04b14d0-7dc6-4418-a7be-cb8ca579270b, fetching tracking phone...
2026-01-21 03:35:16,877 - WARNING - Failed to get tracking phone for b04b14d0-7dc6-4418-a7be-cb8ca579270b: HTTP 403
2026-01-21 03:35:16,878 - INFO - Property 20541070 - publisher.phone: 914890879
2026-01-21 03:35:16,952 - INFO - Final phone for property 20541070: 914890879
2026-01-21 03:35:16,964 - INFO - SUCCESS: Property 20541070 - Phone: 914890879
2026-01-21 03:35:16,969 - INFO - 
[277/1020] Processing property 20540949...
2026-01-21 03:35:16,969 - INFO - Waiting 10.6 seconds before requesting property 20540949...
2026-01-21 03:35:27,700 - INFO - Requesting property 20540949: https://www.fotocasa.es/es/comprar/obra-nueva/benidorm/20540949
2026-01-21 03:35:28,232 - INFO - Property 20540949 - advertiser.phone: 965093474
2026-01-21 03:35:28,232 - INFO - Found promotion ID: be4b5a12-3a11-49bd-84ec-2a72389600ce, fetching tracking phone...
2026-01-21 03:35:29,128 - WARNING - Failed to get tracking phone for be4b5a12-3a11-49bd-84ec-2a72389600ce: HTTP 403
2026-01-21 03:35:29,128 - INFO - Property 20540949 - publisher.phone: 965093474
2026-01-21 03:35:29,129 - INFO - Final phone for property 20540949: 965093474
2026-01-21 03:35:29,130 - INFO - SUCCESS: Property 20540949 - Phone: 965093474
2026-01-21 03:35:29,133 - INFO - 
[278/1020] Processing property 20540936...
2026-01-21 03:35:29,133 - INFO - Waiting 13.3 seconds before requesting property 20540936...
2026-01-21 03:35:42,386 - INFO - Requesting property 20540936: https://www.fotocasa.es/es/comprar/obra-nueva/benidorm/20540936
2026-01-21 03:35:43,750 - INFO - Property 20540936 - advertiser.phone: 965093474
2026-01-21 03:35:43,755 - INFO - Found promotion ID: f1c9bac2-a2b5-41a4-8d5e-1b881b4d090a, fetching tracking phone...
2026-01-21 03:35:44,313 - WARNING - Failed to get tracking phone for f1c9bac2-a2b5-41a4-8d5e-1b881b4d090a: HTTP 403
2026-01-21 03:35:44,313 - INFO - Property 20540936 - publisher.phone: 965093474
2026-01-21 03:35:44,314 - INFO - Final phone for property 20540936: 965093474
2026-01-21 03:35:44,315 - INFO - SUCCESS: Property 20540936 - Phone: 965093474
2026-01-21 03:35:44,320 - INFO - 
[279/1020] Processing property 20540697...
2026-01-21 03:35:44,321 - INFO - Waiting 14.9 seconds before requesting property 20540697...
2026-01-21 03:35:59,219 - INFO - Requesting property 20540697: https://www.fotocasa.es/es/comprar/obra-nueva/estepona/20540697
2026-01-21 03:35:59,846 - INFO - Property 20540697 - advertiser.phone: 965093474
2026-01-21 03:35:59,847 - INFO - Found promotion ID: 6dcb5283-ef19-413b-b992-9a5259432b3a, fetching tracking phone...
2026-01-21 03:36:00,298 - WARNING - Failed to get tracking phone for 6dcb5283-ef19-413b-b992-9a5259432b3a: HTTP 403
2026-01-21 03:36:00,298 - INFO - Property 20540697 - publisher.phone: 965093474
2026-01-21 03:36:00,298 - INFO - Final phone for property 20540697: 965093474
2026-01-21 03:36:00,300 - INFO - SUCCESS: Property 20540697 - Phone: 965093474
2026-01-21 03:36:00,302 - INFO - 
[280/1020] Processing property 20540055...
2026-01-21 03:36:00,303 - INFO - Waiting 12.5 seconds before requesting property 20540055...
2026-01-21 03:36:12,790 - INFO - Requesting property 20540055: https://www.fotocasa.es/es/comprar/obra-nueva/vigo/20540055
2026-01-21 03:36:13,210 - INFO - Property 20540055 - advertiser.phone: 986930512
2026-01-21 03:36:13,211 - INFO - Found promotion ID: 74a155eb-c2d6-442f-a1e7-43c947dd76e7, fetching tracking phone...
2026-01-21 03:36:13,787 - WARNING - Failed to get tracking phone for 74a155eb-c2d6-442f-a1e7-43c947dd76e7: HTTP 403
2026-01-21 03:36:13,788 - INFO - Property 20540055 - publisher.phone: 986930512
2026-01-21 03:36:13,788 - INFO - Final phone for property 20540055: 986930512
2026-01-21 03:36:13,790 - INFO - SUCCESS: Property 20540055 - Phone: 986930512
2026-01-21 03:36:13,792 - INFO - Progress: 280/1020 (27.5%)
2026-01-21 03:36:13,792 - INFO - Success: 277, Failed: 3
2026-01-21 03:36:13,793 - INFO - Estimated time remaining: 173.1 minutes
2026-01-21 03:36:13,794 - INFO - 
[281/1020] Processing property 20539275...
2026-01-21 03:36:13,794 - INFO - Waiting 13.0 seconds before requesting property 20539275...
2026-01-21 03:36:26,805 - INFO - Requesting property 20539275: https://www.fotocasa.es/es/comprar/obra-nueva/parla/20539275
2026-01-21 03:36:27,351 - INFO - Property 20539275 - advertiser.phone: 910752198
2026-01-21 03:36:27,352 - INFO - Found promotion ID: 6d0f2fc0-25c3-4b1d-8727-6affa3a853f9, fetching tracking phone...
2026-01-21 03:36:27,932 - WARNING - Failed to get tracking phone for 6d0f2fc0-25c3-4b1d-8727-6affa3a853f9: HTTP 403
2026-01-21 03:36:27,932 - INFO - Property 20539275 - publisher.phone: 910752198
2026-01-21 03:36:27,933 - INFO - Final phone for property 20539275: 910752198
2026-01-21 03:36:27,934 - INFO - SUCCESS: Property 20539275 - Phone: 910752198
2026-01-21 03:36:27,938 - INFO - 
[282/1020] Processing property 20535966...
2026-01-21 03:36:27,938 - INFO - Waiting 14.1 seconds before requesting property 20535966...
2026-01-21 03:36:42,130 - INFO - Requesting property 20535966: https://www.fotocasa.es/es/comprar/obra-nueva/estepona/20535966
2026-01-21 03:36:44,952 - INFO - Property 20535966 - advertiser.phone: 951348857
2026-01-21 03:36:44,978 - INFO - Found promotion ID: 18a5a9d0-8a9e-4a43-a141-5d5e86ecb28a, fetching tracking phone...
2026-01-21 03:36:45,838 - WARNING - Failed to get tracking phone for 18a5a9d0-8a9e-4a43-a141-5d5e86ecb28a: HTTP 403
2026-01-21 03:36:45,839 - INFO - Property 20535966 - publisher.phone: 951348857
2026-01-21 03:36:45,839 - INFO - Final phone for property 20535966: 951348857
2026-01-21 03:36:45,841 - INFO - SUCCESS: Property 20535966 - Phone: 951348857
2026-01-21 03:36:45,845 - INFO - 
[283/1020] Processing property 20535907...
2026-01-21 03:36:45,845 - INFO - Waiting 12.2 seconds before requesting property 20535907...
2026-01-21 03:36:58,063 - INFO - Requesting property 20535907: https://www.fotocasa.es/es/comprar/obra-nueva/torrevieja/20535907
2026-01-21 03:36:58,989 - INFO - Property 20535907 - advertiser.phone: 965093422
2026-01-21 03:36:59,006 - INFO - Found promotion ID: 7c6e703c-b052-4b2b-9465-0bfe1610f72e, fetching tracking phone...
2026-01-21 03:36:59,596 - WARNING - Failed to get tracking phone for 7c6e703c-b052-4b2b-9465-0bfe1610f72e: HTTP 403
2026-01-21 03:36:59,597 - INFO - Property 20535907 - publisher.phone: 965093422
2026-01-21 03:36:59,597 - INFO - Final phone for property 20535907: 965093422
2026-01-21 03:36:59,598 - INFO - SUCCESS: Property 20535907 - Phone: 965093422
2026-01-21 03:36:59,602 - INFO - 
[284/1020] Processing property 20535778...
2026-01-21 03:36:59,602 - INFO - Waiting 11.1 seconds before requesting property 20535778...
2026-01-21 03:37:10,665 - INFO - Requesting property 20535778: https://www.fotocasa.es/es/comprar/obra-nueva/palau-solita-i-plegamans/20535778
2026-01-21 03:37:11,291 - INFO - Property 20535778 - advertiser.phone: 930442279
2026-01-21 03:37:11,294 - INFO - Found promotion ID: 84a7574a-64eb-4c05-83eb-a49a60537ede, fetching tracking phone...
2026-01-21 03:37:11,753 - WARNING - Failed to get tracking phone for 84a7574a-64eb-4c05-83eb-a49a60537ede: HTTP 403
2026-01-21 03:37:11,754 - INFO - Property 20535778 - publisher.phone: 930442279
2026-01-21 03:37:11,762 - INFO - Final phone for property 20535778: 930442279
2026-01-21 03:37:11,775 - INFO - SUCCESS: Property 20535778 - Phone: 930442279
2026-01-21 03:37:11,785 - INFO - 
[285/1020] Processing property 20534248...
2026-01-21 03:37:11,795 - INFO - Waiting 11.7 seconds before requesting property 20534248...
2026-01-21 03:37:23,524 - INFO - Requesting property 20534248: https://www.fotocasa.es/es/comprar/obra-nueva/sant-pere-de-ribes/20534248
2026-01-21 03:37:24,157 - INFO - Property 20534248 - advertiser.phone: 930442536
2026-01-21 03:37:24,212 - INFO - Found promotion ID: d630b9a7-8202-4925-a075-0c6680345114, fetching tracking phone...
2026-01-21 03:37:24,854 - WARNING - Failed to get tracking phone for d630b9a7-8202-4925-a075-0c6680345114: HTTP 403
2026-01-21 03:37:24,854 - INFO - Property 20534248 - publisher.phone: 930442536
2026-01-21 03:37:24,854 - INFO - Final phone for property 20534248: 930442536
2026-01-21 03:37:24,856 - INFO - SUCCESS: Property 20534248 - Phone: 930442536
2026-01-21 03:37:24,859 - INFO - 
[286/1020] Processing property 20533896...
2026-01-21 03:37:24,859 - INFO - Waiting 12.8 seconds before requesting property 20533896...
2026-01-21 03:37:38,132 - INFO - Requesting property 20533896: https://www.fotocasa.es/es/comprar/obra-nueva/lleida-capital/20533896
2026-01-21 03:37:40,395 - INFO - Property 20533896 - advertiser.phone: 973811542
2026-01-21 03:37:40,395 - INFO - Found promotion ID: dac0385b-621e-41d3-9db9-b887c4f2eb4c, fetching tracking phone...
2026-01-21 03:37:40,937 - WARNING - Failed to get tracking phone for dac0385b-621e-41d3-9db9-b887c4f2eb4c: HTTP 403
2026-01-21 03:37:40,938 - INFO - Property 20533896 - publisher.phone: 973811542
2026-01-21 03:37:40,938 - INFO - Final phone for property 20533896: 973811542
2026-01-21 03:37:40,940 - INFO - SUCCESS: Property 20533896 - Phone: 973811542
2026-01-21 03:37:40,943 - INFO - 
[287/1020] Processing property 20533761...
2026-01-21 03:37:40,943 - INFO - Waiting 14.5 seconds before requesting property 20533761...
2026-01-21 03:37:55,474 - INFO - Requesting property 20533761: https://www.fotocasa.es/es/comprar/obra-nueva/lleida-capital/20533761
2026-01-21 03:37:56,276 - INFO - Property 20533761 - advertiser.phone: 973811542
2026-01-21 03:37:56,333 - INFO - Found promotion ID: af3e6a03-dd4f-475f-af5e-457a743e6a2f, fetching tracking phone...
2026-01-21 03:37:56,851 - WARNING - Failed to get tracking phone for af3e6a03-dd4f-475f-af5e-457a743e6a2f: HTTP 403
2026-01-21 03:37:56,852 - INFO - Property 20533761 - publisher.phone: 973811542
2026-01-21 03:37:56,852 - INFO - Final phone for property 20533761: 973811542
2026-01-21 03:37:56,854 - INFO - SUCCESS: Property 20533761 - Phone: 973811542
2026-01-21 03:37:56,857 - INFO - 
[288/1020] Processing property 20532958...
2026-01-21 03:37:56,857 - INFO - Waiting 11.2 seconds before requesting property 20532958...
2026-01-21 03:38:08,022 - INFO - Requesting property 20532958: https://www.fotocasa.es/es/comprar/obra-nueva/mollet-del-valles/20532958
2026-01-21 03:38:09,365 - INFO - Property 20532958 - advertiser.phone: 930442296
2026-01-21 03:38:09,413 - INFO - Found promotion ID: 18b6a13d-9470-4791-9543-52a1d79d916e, fetching tracking phone...
2026-01-21 03:38:10,075 - WARNING - Failed to get tracking phone for 18b6a13d-9470-4791-9543-52a1d79d916e: HTTP 403
2026-01-21 03:38:10,102 - INFO - Property 20532958 - publisher.phone: 930442296
2026-01-21 03:38:10,147 - INFO - Final phone for property 20532958: 930442296
2026-01-21 03:38:10,253 - INFO - SUCCESS: Property 20532958 - Phone: 930442296
2026-01-21 03:38:10,303 - INFO - 
[289/1020] Processing property 20532893...
2026-01-21 03:38:10,324 - INFO - Waiting 10.3 seconds before requesting property 20532893...
2026-01-21 03:38:20,620 - INFO - Requesting property 20532893: https://www.fotocasa.es/es/comprar/obra-nueva/picassent/20532893
2026-01-21 03:38:21,459 - INFO - Property 20532893 - advertiser.phone: 961285526
2026-01-21 03:38:21,523 - INFO - Found promotion ID: 267b6501-02cd-4a9d-9c92-7dbde1fd2aed, fetching tracking phone...
2026-01-21 03:38:22,289 - WARNING - Failed to get tracking phone for 267b6501-02cd-4a9d-9c92-7dbde1fd2aed: HTTP 403
2026-01-21 03:38:22,290 - INFO - Property 20532893 - publisher.phone: 961285526
2026-01-21 03:38:22,674 - INFO - Final phone for property 20532893: 961285526
2026-01-21 03:38:22,677 - INFO - SUCCESS: Property 20532893 - Phone: 961285526
2026-01-21 03:38:22,680 - INFO - 
[290/1020] Processing property 20532500...
2026-01-21 03:38:22,680 - INFO - Waiting 14.2 seconds before requesting property 20532500...
2026-01-21 03:38:36,883 - INFO - Requesting property 20532500: https://www.fotocasa.es/es/comprar/obra-nueva/vallirana/20532500
2026-01-21 03:38:39,187 - INFO - Property 20532500 - advertiser.phone: 930442279
2026-01-21 03:38:39,187 - INFO - Found promotion ID: bb8050ef-c49c-45db-acd5-9f9250bfca30, fetching tracking phone...
2026-01-21 03:38:40,839 - WARNING - Failed to get tracking phone for bb8050ef-c49c-45db-acd5-9f9250bfca30: HTTP 403
2026-01-21 03:38:40,840 - INFO - Property 20532500 - publisher.phone: 930442279
2026-01-21 03:38:40,840 - INFO - Final phone for property 20532500: 930442279
2026-01-21 03:38:40,842 - INFO - SUCCESS: Property 20532500 - Phone: 930442279
2026-01-21 03:38:40,845 - INFO - Progress: 290/1020 (28.4%)
2026-01-21 03:38:40,845 - INFO - Success: 287, Failed: 3
2026-01-21 03:38:40,845 - INFO - Estimated time remaining: 171.0 minutes
2026-01-21 03:38:40,845 - INFO - 
[291/1020] Processing property 20532310...
2026-01-21 03:38:40,846 - INFO - Waiting 11.0 seconds before requesting property 20532310...
2026-01-21 03:38:51,872 - INFO - Requesting property 20532310: https://www.fotocasa.es/es/comprar/obra-nueva/zaragoza-capital/20532310
2026-01-21 03:38:52,912 - INFO - Property 20532310 - advertiser.phone: 910752063
2026-01-21 03:38:52,965 - INFO - Found promotion ID: 87a72e4a-e655-4d3f-8a34-29bb516ba79b, fetching tracking phone...
2026-01-21 03:38:53,666 - WARNING - Failed to get tracking phone for 87a72e4a-e655-4d3f-8a34-29bb516ba79b: HTTP 403
2026-01-21 03:38:53,667 - INFO - Property 20532310 - publisher.phone: 910752063
2026-01-21 03:38:53,667 - INFO - Final phone for property 20532310: 910752063
2026-01-21 03:38:53,668 - INFO - SUCCESS: Property 20532310 - Phone: 910752063
2026-01-21 03:38:53,672 - INFO - 
[292/1020] Processing property 20531974...
2026-01-21 03:38:53,741 - INFO - Waiting 11.4 seconds before requesting property 20531974...
2026-01-21 03:39:05,194 - INFO - Requesting property 20531974: https://www.fotocasa.es/es/comprar/obra-nueva/miraflores-de-la-sierra/20531974
2026-01-21 03:39:05,684 - INFO - Property 20531974 - advertiser.phone: 910752041
2026-01-21 03:39:05,685 - INFO - Found promotion ID: 52ffd09a-da50-40f0-a7b5-cff487d2909e, fetching tracking phone...
2026-01-21 03:39:06,238 - WARNING - Failed to get tracking phone for 52ffd09a-da50-40f0-a7b5-cff487d2909e: HTTP 403
2026-01-21 03:39:06,239 - INFO - Property 20531974 - publisher.phone: 910752041
2026-01-21 03:39:06,239 - INFO - Final phone for property 20531974: 910752041
2026-01-21 03:39:06,240 - INFO - SUCCESS: Property 20531974 - Phone: 910752041
2026-01-21 03:39:06,243 - INFO - 
[293/1020] Processing property 20531907...
2026-01-21 03:39:06,244 - INFO - Waiting 13.6 seconds before requesting property 20531907...
2026-01-21 03:39:19,880 - INFO - Requesting property 20531907: https://www.fotocasa.es/es/comprar/obra-nueva/madrid-capital/20531907
2026-01-21 03:39:20,582 - INFO - Property 20531907 - advertiser.phone: 910752041
2026-01-21 03:39:20,587 - INFO - Found promotion ID: 695fd751-cfc9-4234-8276-ba12f0eaf05f, fetching tracking phone...
2026-01-21 03:39:21,660 - WARNING - Failed to get tracking phone for 695fd751-cfc9-4234-8276-ba12f0eaf05f: HTTP 403
2026-01-21 03:39:21,798 - INFO - Property 20531907 - publisher.phone: 910752041
2026-01-21 03:39:21,801 - INFO - Final phone for property 20531907: 910752041
2026-01-21 03:39:21,810 - INFO - SUCCESS: Property 20531907 - Phone: 910752041
2026-01-21 03:39:21,814 - INFO - 
[294/1020] Processing property 20531659...
2026-01-21 03:39:21,815 - INFO - Waiting 14.4 seconds before requesting property 20531659...
2026-01-21 03:39:36,209 - INFO - Requesting property 20531659: https://www.fotocasa.es/es/comprar/obra-nueva/capdepera/20531659
2026-01-21 03:39:36,639 - INFO - Property 20531659 - advertiser.phone: 971083346
2026-01-21 03:39:36,639 - INFO - Found promotion ID: ad4845bf-6aad-46bc-9ff0-dd13ccc27cce, fetching tracking phone...
2026-01-21 03:39:37,160 - WARNING - Failed to get tracking phone for ad4845bf-6aad-46bc-9ff0-dd13ccc27cce: HTTP 403
2026-01-21 03:39:37,160 - INFO - Property 20531659 - publisher.phone: 971083346
2026-01-21 03:39:37,161 - INFO - Final phone for property 20531659: 971083346
2026-01-21 03:39:37,162 - INFO - SUCCESS: Property 20531659 - Phone: 971083346
2026-01-21 03:39:37,164 - INFO - 
[295/1020] Processing property 20531652...
2026-01-21 03:39:37,164 - INFO - Waiting 14.4 seconds before requesting property 20531652...
2026-01-21 03:39:51,556 - INFO - Requesting property 20531652: https://www.fotocasa.es/es/comprar/obra-nueva/madrid-capital/20531652
2026-01-21 03:39:52,478 - INFO - Property 20531652 - advertiser.phone: 910752041
2026-01-21 03:39:52,484 - INFO - Found promotion ID: b44b0f8f-fb29-4574-a9e3-db710506c4a9, fetching tracking phone...
2026-01-21 03:39:53,016 - WARNING - Failed to get tracking phone for b44b0f8f-fb29-4574-a9e3-db710506c4a9: HTTP 403
2026-01-21 03:39:53,222 - INFO - Property 20531652 - publisher.phone: 910752041
2026-01-21 03:39:53,230 - INFO - Final phone for property 20531652: 910752041
2026-01-21 03:39:53,232 - INFO - SUCCESS: Property 20531652 - Phone: 910752041
2026-01-21 03:39:53,242 - INFO - 
[296/1020] Processing property 20531649...
2026-01-21 03:39:53,247 - INFO - Waiting 10.9 seconds before requesting property 20531649...
2026-01-21 03:40:04,199 - INFO - Requesting property 20531649: https://www.fotocasa.es/es/comprar/obra-nueva/capdepera/20531649
2026-01-21 03:40:04,720 - INFO - Property 20531649 - advertiser.phone: 971083346
2026-01-21 03:40:04,720 - INFO - Found promotion ID: bcd6c5e2-156f-46e3-8046-0765bfabd990, fetching tracking phone...
2026-01-21 03:40:05,209 - WARNING - Failed to get tracking phone for bcd6c5e2-156f-46e3-8046-0765bfabd990: HTTP 403
2026-01-21 03:40:05,210 - INFO - Property 20531649 - publisher.phone: 971083346
2026-01-21 03:40:05,211 - INFO - Final phone for property 20531649: 971083346
2026-01-21 03:40:05,212 - INFO - SUCCESS: Property 20531649 - Phone: 971083346
2026-01-21 03:40:05,215 - INFO - 
[297/1020] Processing property 20531207...
2026-01-21 03:40:05,216 - INFO - Waiting 10.4 seconds before requesting property 20531207...
2026-01-21 03:40:15,661 - INFO - Requesting property 20531207: https://www.fotocasa.es/es/comprar/obra-nueva/el-catllar/20531207
2026-01-21 03:40:16,152 - INFO - Property 20531207 - advertiser.phone: 930441963
2026-01-21 03:40:16,152 - INFO - Found promotion ID: b1f2c68b-c037-4f1b-b5fa-67d5d7d2ca3c, fetching tracking phone...
2026-01-21 03:40:16,611 - WARNING - Failed to get tracking phone for b1f2c68b-c037-4f1b-b5fa-67d5d7d2ca3c: HTTP 403
2026-01-21 03:40:16,611 - INFO - Property 20531207 - publisher.phone: 930441963
2026-01-21 03:40:16,612 - INFO - Final phone for property 20531207: 930441963
2026-01-21 03:40:16,614 - INFO - SUCCESS: Property 20531207 - Phone: 930441963
2026-01-21 03:40:16,617 - INFO - 
[298/1020] Processing property 20530726...
2026-01-21 03:40:16,617 - INFO - Waiting 14.3 seconds before requesting property 20530726...
2026-01-21 03:40:30,938 - INFO - Requesting property 20530726: https://www.fotocasa.es/es/comprar/obra-nueva/cunit/20530726
2026-01-21 03:40:31,388 - INFO - Property 20530726 - advertiser.phone: 930441963
2026-01-21 03:40:31,389 - INFO - Found promotion ID: 9c3b3390-a137-4d0f-82c2-d244521b15db, fetching tracking phone...
2026-01-21 03:40:31,957 - WARNING - Failed to get tracking phone for 9c3b3390-a137-4d0f-82c2-d244521b15db: HTTP 403
2026-01-21 03:40:31,957 - INFO - Property 20530726 - publisher.phone: 930441963
2026-01-21 03:40:31,957 - INFO - Final phone for property 20530726: 930441963
2026-01-21 03:40:31,959 - INFO - SUCCESS: Property 20530726 - Phone: 930441963
2026-01-21 03:40:31,962 - INFO - 
[299/1020] Processing property 20530659...
2026-01-21 03:40:31,962 - INFO - Waiting 14.5 seconds before requesting property 20530659...
2026-01-21 03:40:46,500 - INFO - Requesting property 20530659: https://www.fotocasa.es/es/comprar/obra-nueva/vallirana/20530659
2026-01-21 03:40:47,063 - INFO - Property 20530659 - advertiser.phone: 930441963
2026-01-21 03:40:47,064 - INFO - Found promotion ID: 5e6801fc-e46b-4889-918b-4e45a0473d1a, fetching tracking phone...
2026-01-21 03:40:47,610 - WARNING - Failed to get tracking phone for 5e6801fc-e46b-4889-918b-4e45a0473d1a: HTTP 403
2026-01-21 03:40:47,610 - INFO - Property 20530659 - publisher.phone: 930441963
2026-01-21 03:40:47,611 - INFO - Final phone for property 20530659: 930441963
2026-01-21 03:40:47,612 - INFO - SUCCESS: Property 20530659 - Phone: 930441963
2026-01-21 03:40:47,614 - INFO - 
[300/1020] Processing property 20530654...
2026-01-21 03:40:47,615 - INFO - Waiting 13.4 seconds before requesting property 20530654...
2026-01-21 03:41:01,008 - INFO - Requesting property 20530654: https://www.fotocasa.es/es/comprar/obra-nueva/gava/20530654
2026-01-21 03:41:01,501 - INFO - Property 20530654 - advertiser.phone: 930441963
2026-01-21 03:41:01,501 - INFO - Found promotion ID: d6d014c7-f656-4198-836b-9799c6cdcaf6, fetching tracking phone...
2026-01-21 03:41:01,982 - WARNING - Failed to get tracking phone for d6d014c7-f656-4198-836b-9799c6cdcaf6: HTTP 403
2026-01-21 03:41:01,982 - INFO - Property 20530654 - publisher.phone: 930441963
2026-01-21 03:41:01,982 - INFO - Final phone for property 20530654: 930441963
2026-01-21 03:41:01,984 - INFO - SUCCESS: Property 20530654 - Phone: 930441963
2026-01-21 03:41:01,988 - INFO - Progress: 300/1020 (29.4%)
2026-01-21 03:41:01,988 - INFO - Success: 297, Failed: 3
2026-01-21 03:41:01,988 - INFO - Estimated time remaining: 168.7 minutes
2026-01-21 03:41:01,988 - INFO - 
[301/1020] Processing property 20530649...
2026-01-21 03:41:01,989 - INFO - Waiting 11.9 seconds before requesting property 20530649...
2026-01-21 03:41:13,888 - INFO - Requesting property 20530649: https://www.fotocasa.es/es/comprar/obra-nueva/argentona/20530649
2026-01-21 03:41:16,374 - INFO - Property 20530649 - advertiser.phone: 930441963
2026-01-21 03:41:16,445 - INFO - Found promotion ID: 543ba189-3a7f-4dee-81bd-d3a343792be1, fetching tracking phone...
2026-01-21 03:41:17,059 - WARNING - Failed to get tracking phone for 543ba189-3a7f-4dee-81bd-d3a343792be1: HTTP 403
2026-01-21 03:41:17,060 - INFO - Property 20530649 - publisher.phone: 930441963
2026-01-21 03:41:17,060 - INFO - Final phone for property 20530649: 930441963
2026-01-21 03:41:17,061 - INFO - SUCCESS: Property 20530649 - Phone: 930441963
2026-01-21 03:41:17,065 - INFO - 
[302/1020] Processing property 20530301...
2026-01-21 03:41:17,065 - INFO - Waiting 10.6 seconds before requesting property 20530301...
2026-01-21 03:41:27,627 - INFO - Requesting property 20530301: https://www.fotocasa.es/es/comprar/obra-nueva/canyelles/20530301
2026-01-21 03:41:28,091 - INFO - Property 20530301 - advertiser.phone: 930441963
2026-01-21 03:41:28,096 - INFO - Found promotion ID: 5a1afa36-6340-4b5f-9768-383dc9cf79cd, fetching tracking phone...
2026-01-21 03:41:28,725 - WARNING - Failed to get tracking phone for 5a1afa36-6340-4b5f-9768-383dc9cf79cd: HTTP 403
2026-01-21 03:41:28,725 - INFO - Property 20530301 - publisher.phone: 930441963
2026-01-21 03:41:28,725 - INFO - Final phone for property 20530301: 930441963
2026-01-21 03:41:28,728 - INFO - SUCCESS: Property 20530301 - Phone: 930441963
2026-01-21 03:41:28,731 - INFO - 
[303/1020] Processing property 20530244...
2026-01-21 03:41:28,732 - INFO - Waiting 11.2 seconds before requesting property 20530244...
2026-01-21 03:41:40,427 - INFO - Requesting property 20530244: https://www.fotocasa.es/es/comprar/obra-nueva/barcelona-capital/20530244
2026-01-21 03:41:43,188 - INFO - Property 20530244 - advertiser.phone: 930441963
2026-01-21 03:41:43,225 - INFO - Found promotion ID: 5c237c4f-32f7-4064-9feb-52767431c064, fetching tracking phone...
2026-01-21 03:41:43,733 - WARNING - Failed to get tracking phone for 5c237c4f-32f7-4064-9feb-52767431c064: HTTP 403
2026-01-21 03:41:43,734 - INFO - Property 20530244 - publisher.phone: 930441963
2026-01-21 03:41:43,734 - INFO - Final phone for property 20530244: 930441963
2026-01-21 03:41:43,735 - INFO - SUCCESS: Property 20530244 - Phone: 930441963
2026-01-21 03:41:43,739 - INFO - 
[304/1020] Processing property 20530240...
2026-01-21 03:41:43,740 - INFO - Waiting 10.6 seconds before requesting property 20530240...
2026-01-21 03:41:54,358 - INFO - Requesting property 20530240: https://www.fotocasa.es/es/comprar/obra-nueva/barcelona-capital/20530240
2026-01-21 03:41:55,035 - INFO - Property 20530240 - advertiser.phone: 930441963
2026-01-21 03:41:55,036 - INFO - Found promotion ID: 75b5c462-9d8e-4e7e-bd07-9060e0ac2046, fetching tracking phone...
2026-01-21 03:41:55,655 - WARNING - Failed to get tracking phone for 75b5c462-9d8e-4e7e-bd07-9060e0ac2046: HTTP 403
2026-01-21 03:41:55,655 - INFO - Property 20530240 - publisher.phone: 930441963
2026-01-21 03:41:55,655 - INFO - Final phone for property 20530240: 930441963
2026-01-21 03:41:55,658 - INFO - SUCCESS: Property 20530240 - Phone: 930441963
2026-01-21 03:41:55,663 - INFO - 
[305/1020] Processing property 20530214...
2026-01-21 03:41:55,664 - INFO - Waiting 13.8 seconds before requesting property 20530214...
2026-01-21 03:42:09,698 - INFO - Requesting property 20530214: https://www.fotocasa.es/es/comprar/obra-nueva/madrid-capital/20530214
2026-01-21 03:42:10,323 - INFO - Property 20530214 - advertiser.phone: 910752041
2026-01-21 03:42:10,329 - INFO - Found promotion ID: 1ad16618-12bb-410c-9efd-46988eb4b46b, fetching tracking phone...
2026-01-21 03:42:11,033 - WARNING - Failed to get tracking phone for 1ad16618-12bb-410c-9efd-46988eb4b46b: HTTP 403
2026-01-21 03:42:11,035 - INFO - Property 20530214 - publisher.phone: 910752041
2026-01-21 03:42:11,036 - INFO - Final phone for property 20530214: 910752041
2026-01-21 03:42:11,037 - INFO - SUCCESS: Property 20530214 - Phone: 910752041
2026-01-21 03:42:11,040 - INFO - 
[306/1020] Processing property 20529887...
2026-01-21 03:42:11,041 - INFO - Waiting 13.7 seconds before requesting property 20529887...
2026-01-21 03:42:24,931 - INFO - Requesting property 20529887: https://www.fotocasa.es/es/comprar/obra-nueva/girona-capital/20529887
2026-01-21 03:42:25,477 - INFO - Property 20529887 - advertiser.phone: 930440695
2026-01-21 03:42:25,478 - INFO - Found promotion ID: 667f25d5-c74b-4eea-bba7-20e060b07d90, fetching tracking phone...
2026-01-21 03:42:26,042 - WARNING - Failed to get tracking phone for 667f25d5-c74b-4eea-bba7-20e060b07d90: HTTP 403
2026-01-21 03:42:26,056 - INFO - Property 20529887 - publisher.phone: 930440695
2026-01-21 03:42:26,057 - INFO - Final phone for property 20529887: 930440695
2026-01-21 03:42:26,060 - INFO - SUCCESS: Property 20529887 - Phone: 930440695
2026-01-21 03:42:26,071 - INFO - 
[307/1020] Processing property 20528019...
2026-01-21 03:42:26,072 - INFO - Waiting 12.4 seconds before requesting property 20528019...
2026-01-21 03:42:38,482 - INFO - Requesting property 20528019: https://www.fotocasa.es/es/comprar/obra-nueva/terrassa/20528019
2026-01-21 03:42:39,066 - INFO - Property 20528019 - advertiser.phone: 930441798
2026-01-21 03:42:39,081 - INFO - Found promotion ID: 792c6e69-5771-43a1-8ff8-068e49f931e7, fetching tracking phone...
2026-01-21 03:42:39,731 - WARNING - Failed to get tracking phone for 792c6e69-5771-43a1-8ff8-068e49f931e7: HTTP 403
2026-01-21 03:42:39,732 - INFO - Property 20528019 - publisher.phone: 930441798
2026-01-21 03:42:39,733 - INFO - Final phone for property 20528019: 930441798
2026-01-21 03:42:39,738 - INFO - SUCCESS: Property 20528019 - Phone: 930441798
2026-01-21 03:42:39,742 - INFO - 
[308/1020] Processing property 20527892...
2026-01-21 03:42:39,744 - INFO - Waiting 12.5 seconds before requesting property 20527892...
2026-01-21 03:42:52,214 - INFO - Requesting property 20527892: https://www.fotocasa.es/es/comprar/obra-nueva/girona-capital/20527892
2026-01-21 03:42:52,765 - INFO - Property 20527892 - advertiser.phone: 973811527
2026-01-21 03:42:52,765 - INFO - Found promotion ID: bd340c10-40fe-4146-977a-6a58212c4da8, fetching tracking phone...
2026-01-21 03:42:53,335 - WARNING - Failed to get tracking phone for bd340c10-40fe-4146-977a-6a58212c4da8: HTTP 403
2026-01-21 03:42:53,335 - INFO - Property 20527892 - publisher.phone: 973811527
2026-01-21 03:42:53,335 - INFO - Final phone for property 20527892: 973811527
2026-01-21 03:42:53,337 - INFO - SUCCESS: Property 20527892 - Phone: 973811527
2026-01-21 03:42:53,340 - INFO - 
[309/1020] Processing property 20527181...
2026-01-21 03:42:53,340 - INFO - Waiting 11.6 seconds before requesting property 20527181...
2026-01-21 03:43:04,931 - INFO - Requesting property 20527181: https://www.fotocasa.es/es/comprar/obra-nueva/casares/20527181
2026-01-21 03:43:05,354 - INFO - Property 20527181 - advertiser.phone: 951348865
2026-01-21 03:43:05,354 - INFO - Found promotion ID: bb5d872a-2cd2-424e-a4f7-951c7f539351, fetching tracking phone...
2026-01-21 03:43:05,881 - WARNING - Failed to get tracking phone for bb5d872a-2cd2-424e-a4f7-951c7f539351: HTTP 403
2026-01-21 03:43:05,886 - INFO - Property 20527181 - publisher.phone: 951348865
2026-01-21 03:43:05,886 - INFO - Final phone for property 20527181: 951348865
2026-01-21 03:43:05,888 - INFO - SUCCESS: Property 20527181 - Phone: 951348865
2026-01-21 03:43:05,889 - INFO - 
[310/1020] Processing property 20508744...
2026-01-21 03:43:05,890 - INFO - Waiting 12.2 seconds before requesting property 20508744...
2026-01-21 03:43:18,131 - INFO - Requesting property 20508744: https://www.fotocasa.es/es/comprar/obra-nueva/murcia-capital/20508744
2026-01-21 03:43:18,670 - INFO - Property 20508744 - advertiser.phone: 968911737
2026-01-21 03:43:18,670 - INFO - Found promotion ID: a8f40936-1944-4050-b4bd-f0a23804b9d2, fetching tracking phone...
2026-01-21 03:43:19,212 - WARNING - Failed to get tracking phone for a8f40936-1944-4050-b4bd-f0a23804b9d2: HTTP 403
2026-01-21 03:43:19,212 - INFO - Property 20508744 - publisher.phone: 968911737
2026-01-21 03:43:19,213 - INFO - Final phone for property 20508744: 968911737
2026-01-21 03:43:19,214 - INFO - SUCCESS: Property 20508744 - Phone: 968911737
2026-01-21 03:43:19,218 - INFO - Progress: 310/1020 (30.4%)
2026-01-21 03:43:19,219 - INFO - Success: 307, Failed: 3
2026-01-21 03:43:19,219 - INFO - Estimated time remaining: 166.2 minutes
2026-01-21 03:43:19,219 - INFO - 
[311/1020] Processing property 20525925...
2026-01-21 03:43:19,220 - INFO - Waiting 14.4 seconds before requesting property 20525925...
2026-01-21 03:43:33,630 - INFO - Requesting property 20525925: https://www.fotocasa.es/es/comprar/obra-nueva/salou/20525925
2026-01-21 03:43:34,346 - INFO - Property 20525925 - advertiser.phone: 977937128
2026-01-21 03:43:34,349 - INFO - Found promotion ID: 19349ee0-f86e-4dc4-b8de-f3ade7950e6e, fetching tracking phone...
2026-01-21 03:43:34,887 - WARNING - Failed to get tracking phone for 19349ee0-f86e-4dc4-b8de-f3ade7950e6e: HTTP 403
2026-01-21 03:43:34,890 - INFO - Property 20525925 - publisher.phone: 977937128
2026-01-21 03:43:34,892 - INFO - Final phone for property 20525925: 977937128
2026-01-21 03:43:34,894 - INFO - SUCCESS: Property 20525925 - Phone: 977937128
2026-01-21 03:43:34,898 - INFO - 
[312/1020] Processing property 20522893...
2026-01-21 03:43:34,900 - INFO - Waiting 10.2 seconds before requesting property 20522893...
2026-01-21 03:43:45,064 - INFO - Requesting property 20522893: https://www.fotocasa.es/es/comprar/obra-nueva/tortosa/20522893
2026-01-21 03:43:45,734 - INFO - Property 20522893 - advertiser.phone: +34977449344
2026-01-21 03:43:45,734 - INFO - Found promotion ID: e39e89f5-da87-4542-a6eb-bbe4203025f8, fetching tracking phone...
2026-01-21 03:43:46,281 - WARNING - Failed to get tracking phone for e39e89f5-da87-4542-a6eb-bbe4203025f8: HTTP 403
2026-01-21 03:43:46,336 - INFO - Property 20522893 - publisher.phone: +34977449344
2026-01-21 03:43:46,360 - INFO - Final phone for property 20522893: +34977449344
2026-01-21 03:43:46,361 - INFO - SUCCESS: Property 20522893 - Phone: +34977449344
2026-01-21 03:43:46,365 - INFO - 
[313/1020] Processing property 20521617...
2026-01-21 03:43:46,365 - INFO - Waiting 14.8 seconds before requesting property 20521617...
2026-01-21 03:44:01,277 - INFO - Requesting property 20521617: https://www.fotocasa.es/es/comprar/obra-nueva/la-seu-d-urgell/20521617
2026-01-21 03:44:04,577 - INFO - Property 20521617 - advertiser.phone: 973811534
2026-01-21 03:44:04,577 - INFO - Found promotion ID: 0a423348-90aa-4fcb-bd30-fb8f5aa314d0, fetching tracking phone...
2026-01-21 03:44:05,253 - WARNING - Failed to get tracking phone for 0a423348-90aa-4fcb-bd30-fb8f5aa314d0: HTTP 403
2026-01-21 03:44:05,444 - INFO - Property 20521617 - publisher.phone: 973811534
2026-01-21 03:44:05,592 - INFO - Final phone for property 20521617: 973811534
2026-01-21 03:44:05,674 - INFO - SUCCESS: Property 20521617 - Phone: 973811534
2026-01-21 03:44:05,680 - INFO - 
[314/1020] Processing property 20509431...
2026-01-21 03:44:05,682 - INFO - Waiting 10.3 seconds before requesting property 20509431...
2026-01-21 03:44:15,964 - INFO - Requesting property 20509431: https://www.fotocasa.es/es/comprar/obra-nueva/balaguer/20509431
2026-01-21 03:44:16,376 - INFO - Property 20509431 - advertiser.phone: 973811492
2026-01-21 03:44:16,376 - INFO - Found promotion ID: 055b62c7-b566-4d87-a06b-1dd20a0f705b, fetching tracking phone...
2026-01-21 03:44:16,811 - WARNING - Failed to get tracking phone for 055b62c7-b566-4d87-a06b-1dd20a0f705b: HTTP 403
2026-01-21 03:44:16,812 - INFO - Property 20509431 - publisher.phone: 973811492
2026-01-21 03:44:16,812 - INFO - Final phone for property 20509431: 973811492
2026-01-21 03:44:16,814 - INFO - SUCCESS: Property 20509431 - Phone: 973811492
2026-01-21 03:44:16,817 - INFO - 
[315/1020] Processing property 20520181...
2026-01-21 03:44:16,817 - INFO - Waiting 12.0 seconds before requesting property 20520181...
2026-01-21 03:44:28,773 - INFO - Requesting property 20520181: https://www.fotocasa.es/es/comprar/obra-nueva/la-rinconada/20520181
2026-01-21 03:44:29,255 - INFO - Property 20520181 - advertiser.phone: 955938307
2026-01-21 03:44:29,255 - INFO - Found promotion ID: 2df0a178-a259-4e20-859b-e50ef9c8ddc4, fetching tracking phone...
2026-01-21 03:44:29,847 - WARNING - Failed to get tracking phone for 2df0a178-a259-4e20-859b-e50ef9c8ddc4: HTTP 403
2026-01-21 03:44:29,847 - INFO - Property 20520181 - publisher.phone: 955938307
2026-01-21 03:44:29,848 - INFO - Final phone for property 20520181: 955938307
2026-01-21 03:44:29,849 - INFO - SUCCESS: Property 20520181 - Phone: 955938307
2026-01-21 03:44:29,853 - INFO - 
[316/1020] Processing property 20518951...
2026-01-21 03:44:29,853 - INFO - Waiting 13.7 seconds before requesting property 20518951...
2026-01-21 03:44:43,504 - INFO - Requesting property 20518951: https://www.fotocasa.es/es/comprar/obra-nueva/estepona/20518951
2026-01-21 03:44:43,964 - INFO - Property 20518951 - advertiser.phone: 951348453
2026-01-21 03:44:43,964 - INFO - Found promotion ID: 4dbe52ee-f865-426b-ac7c-f653cda229ae, fetching tracking phone...
2026-01-21 03:44:44,489 - WARNING - Failed to get tracking phone for 4dbe52ee-f865-426b-ac7c-f653cda229ae: HTTP 403
2026-01-21 03:44:44,490 - INFO - Property 20518951 - publisher.phone: 951348453
2026-01-21 03:44:44,490 - INFO - Final phone for property 20518951: 951348453
2026-01-21 03:44:44,491 - INFO - SUCCESS: Property 20518951 - Phone: 951348453
2026-01-21 03:44:44,493 - INFO - 
[317/1020] Processing property 20518863...
2026-01-21 03:44:44,494 - INFO - Waiting 10.9 seconds before requesting property 20518863...
2026-01-21 03:44:55,398 - INFO - Requesting property 20518863: https://www.fotocasa.es/es/comprar/obra-nueva/vilafranca-del-penedes/20518863
2026-01-21 03:44:55,918 - INFO - Property 20518863 - advertiser.phone: 931321472
2026-01-21 03:44:55,919 - INFO - Found promotion ID: 262ae4f5-c534-47ba-b1ce-6c786462736c, fetching tracking phone...
2026-01-21 03:44:56,463 - WARNING - Failed to get tracking phone for 262ae4f5-c534-47ba-b1ce-6c786462736c: HTTP 403
2026-01-21 03:44:56,463 - INFO - Property 20518863 - publisher.phone: 931321472
2026-01-21 03:44:56,464 - INFO - Final phone for property 20518863: 931321472
2026-01-21 03:44:56,465 - INFO - SUCCESS: Property 20518863 - Phone: 931321472
2026-01-21 03:44:56,467 - INFO - 
[318/1020] Processing property 20518694...
2026-01-21 03:44:56,467 - INFO - Waiting 13.7 seconds before requesting property 20518694...
2026-01-21 03:45:10,124 - INFO - Requesting property 20518694: https://www.fotocasa.es/es/comprar/obra-nueva/elche-elx/20518694
2026-01-21 03:45:10,544 - INFO - Property 20518694 - advertiser.phone: 965093215
2026-01-21 03:45:10,545 - INFO - Found promotion ID: a710ba51-5aae-4f3f-8191-eafdb43f4a14, fetching tracking phone...
2026-01-21 03:45:11,023 - WARNING - Failed to get tracking phone for a710ba51-5aae-4f3f-8191-eafdb43f4a14: HTTP 403
2026-01-21 03:45:11,023 - INFO - Property 20518694 - publisher.phone: 965093215
2026-01-21 03:45:11,023 - INFO - Final phone for property 20518694: 965093215
2026-01-21 03:45:11,025 - INFO - SUCCESS: Property 20518694 - Phone: 965093215
2026-01-21 03:45:11,027 - INFO - 
[319/1020] Processing property 20517351...
2026-01-21 03:45:11,029 - INFO - Waiting 14.1 seconds before requesting property 20517351...
2026-01-21 03:45:25,143 - INFO - Requesting property 20517351: https://www.fotocasa.es/es/comprar/obra-nueva/cadiz-capital/20517351
2026-01-21 03:45:25,623 - INFO - Property 20517351 - advertiser.phone: 956913152
2026-01-21 03:45:25,623 - INFO - Found promotion ID: b795eac9-7373-4aad-be2b-2eed4516ff6f, fetching tracking phone...
2026-01-21 03:45:26,161 - WARNING - Failed to get tracking phone for b795eac9-7373-4aad-be2b-2eed4516ff6f: HTTP 403
2026-01-21 03:45:26,161 - INFO - Property 20517351 - publisher.phone: 956913152
2026-01-21 03:45:26,162 - INFO - Final phone for property 20517351: 956913152
2026-01-21 03:45:26,163 - INFO - SUCCESS: Property 20517351 - Phone: 956913152
2026-01-21 03:45:26,165 - INFO - 
[320/1020] Processing property 20517348...
2026-01-21 03:45:26,166 - INFO - Waiting 10.9 seconds before requesting property 20517348...
2026-01-21 03:45:37,409 - INFO - Requesting property 20517348: https://www.fotocasa.es/es/comprar/obra-nueva/palma-de-mallorca/20517348
2026-01-21 03:45:37,912 - INFO - Property 20517348 - advertiser.phone: 971082934
2026-01-21 03:45:37,919 - INFO - Found promotion ID: 568db451-23d8-40e9-99fb-d16e0bf21f90, fetching tracking phone...
2026-01-21 03:45:38,549 - WARNING - Failed to get tracking phone for 568db451-23d8-40e9-99fb-d16e0bf21f90: HTTP 403
2026-01-21 03:45:38,835 - INFO - Property 20517348 - publisher.phone: 971082934
2026-01-21 03:45:38,835 - INFO - Final phone for property 20517348: 971082934
2026-01-21 03:45:38,836 - INFO - SUCCESS: Property 20517348 - Phone: 971082934
2026-01-21 03:45:38,838 - INFO - Progress: 320/1020 (31.4%)
2026-01-21 03:45:38,839 - INFO - Success: 317, Failed: 3
2026-01-21 03:45:38,839 - INFO - Estimated time remaining: 163.8 minutes
2026-01-21 03:45:38,839 - INFO - 
[321/1020] Processing property 20517343...
2026-01-21 03:45:38,839 - INFO - Waiting 12.1 seconds before requesting property 20517343...
2026-01-21 03:45:50,942 - INFO - Requesting property 20517343: https://www.fotocasa.es/es/comprar/obra-nueva/mijas/20517343
2026-01-21 03:45:52,575 - INFO - Property 20517343 - advertiser.phone: 951348364
2026-01-21 03:45:52,612 - INFO - Found promotion ID: e12b19b8-82eb-4ac2-be26-9002d5c46e6c, fetching tracking phone...
2026-01-21 03:45:53,168 - WARNING - Failed to get tracking phone for e12b19b8-82eb-4ac2-be26-9002d5c46e6c: HTTP 403
2026-01-21 03:45:53,169 - INFO - Property 20517343 - publisher.phone: 951348364
2026-01-21 03:45:53,169 - INFO - Final phone for property 20517343: 951348364
2026-01-21 03:45:53,172 - INFO - SUCCESS: Property 20517343 - Phone: 951348364
2026-01-21 03:45:53,175 - INFO - 
[322/1020] Processing property 20515698...
2026-01-21 03:45:53,176 - INFO - Waiting 14.7 seconds before requesting property 20515698...
2026-01-21 03:46:07,868 - INFO - Requesting property 20515698: https://www.fotocasa.es/es/comprar/obra-nueva/cambrils/20515698
2026-01-21 03:46:08,621 - INFO - Property 20515698 - advertiser.phone: 977937045
2026-01-21 03:46:08,646 - INFO - Found promotion ID: 5693eb59-f44a-4f0a-bead-86e701e8e981, fetching tracking phone...
2026-01-21 03:46:09,159 - WARNING - Failed to get tracking phone for 5693eb59-f44a-4f0a-bead-86e701e8e981: HTTP 403
2026-01-21 03:46:09,159 - INFO - Property 20515698 - publisher.phone: 977937045
2026-01-21 03:46:09,160 - INFO - Final phone for property 20515698: 977937045
2026-01-21 03:46:09,161 - INFO - SUCCESS: Property 20515698 - Phone: 977937045
2026-01-21 03:46:09,165 - INFO - 
[323/1020] Processing property 20514738...
2026-01-21 03:46:09,165 - INFO - Waiting 12.5 seconds before requesting property 20514738...
2026-01-21 03:46:21,856 - INFO - Requesting property 20514738: https://www.fotocasa.es/es/comprar/obra-nueva/camprodon/20514738
2026-01-21 03:46:23,660 - INFO - Property 20514738 - advertiser.phone: 972084462
2026-01-21 03:46:23,661 - INFO - Found promotion ID: 8981f9fb-d4b4-4b5d-a551-2022757f153d, fetching tracking phone...
2026-01-21 03:46:24,268 - WARNING - Failed to get tracking phone for 8981f9fb-d4b4-4b5d-a551-2022757f153d: HTTP 403
2026-01-21 03:46:24,339 - INFO - Property 20514738 - publisher.phone: 972084462
2026-01-21 03:46:24,428 - INFO - Final phone for property 20514738: 972084462
2026-01-21 03:46:24,636 - INFO - SUCCESS: Property 20514738 - Phone: 972084462
2026-01-21 03:46:24,716 - INFO - 
[324/1020] Processing property 20514737...
2026-01-21 03:46:24,826 - INFO - Waiting 10.4 seconds before requesting property 20514737...
2026-01-21 03:46:35,306 - INFO - Requesting property 20514737: https://www.fotocasa.es/es/comprar/obra-nueva/olot/20514737
2026-01-21 03:46:35,750 - INFO - Property 20514737 - advertiser.phone: 972084452
2026-01-21 03:46:35,751 - INFO - Found promotion ID: f041211a-f3d5-4e34-b547-3f321eb10839, fetching tracking phone...
2026-01-21 03:46:36,279 - WARNING - Failed to get tracking phone for f041211a-f3d5-4e34-b547-3f321eb10839: HTTP 403
2026-01-21 03:46:36,279 - INFO - Property 20514737 - publisher.phone: 972084452
2026-01-21 03:46:36,279 - INFO - Final phone for property 20514737: 972084452
2026-01-21 03:46:36,281 - INFO - SUCCESS: Property 20514737 - Phone: 972084452
2026-01-21 03:46:36,283 - INFO - 
[325/1020] Processing property 20514735...
2026-01-21 03:46:36,283 - INFO - Waiting 13.7 seconds before requesting property 20514735...
2026-01-21 03:46:50,030 - INFO - Requesting property 20514735: https://www.fotocasa.es/es/comprar/obra-nueva/olot/20514735
2026-01-21 03:46:50,469 - INFO - Property 20514735 - advertiser.phone: 972084452
2026-01-21 03:46:50,470 - INFO - Found promotion ID: a24cbcfd-49dd-48c4-bb82-ffaf830cebd0, fetching tracking phone...
2026-01-21 03:46:50,905 - WARNING - Failed to get tracking phone for a24cbcfd-49dd-48c4-bb82-ffaf830cebd0: HTTP 403
2026-01-21 03:46:50,905 - INFO - Property 20514735 - publisher.phone: 972084452
2026-01-21 03:46:50,906 - INFO - Final phone for property 20514735: 972084452
2026-01-21 03:46:50,907 - INFO - SUCCESS: Property 20514735 - Phone: 972084452
2026-01-21 03:46:50,910 - INFO - 
[326/1020] Processing property 20514733...
2026-01-21 03:46:50,910 - INFO - Waiting 13.7 seconds before requesting property 20514733...
2026-01-21 03:47:04,588 - INFO - Requesting property 20514733: https://www.fotocasa.es/es/comprar/obra-nueva/camprodon/20514733
2026-01-21 03:47:05,075 - INFO - Property 20514733 - advertiser.phone: 972084462
2026-01-21 03:47:05,075 - INFO - Found promotion ID: 1d1b3642-74bb-4541-b5d3-f61aeb14610d, fetching tracking phone...
2026-01-21 03:47:05,533 - WARNING - Failed to get tracking phone for 1d1b3642-74bb-4541-b5d3-f61aeb14610d: HTTP 403
2026-01-21 03:47:05,533 - INFO - Property 20514733 - publisher.phone: 972084462
2026-01-21 03:47:05,533 - INFO - Final phone for property 20514733: 972084462
2026-01-21 03:47:05,535 - INFO - SUCCESS: Property 20514733 - Phone: 972084462
2026-01-21 03:47:05,539 - INFO - 
[327/1020] Processing property 20514246...
2026-01-21 03:47:05,539 - INFO - Waiting 10.3 seconds before requesting property 20514246...
2026-01-21 03:47:16,166 - INFO - Requesting property 20514246: https://www.fotocasa.es/es/comprar/obra-nueva/mataro/20514246
2026-01-21 03:47:16,685 - INFO - Property 20514246 - advertiser.phone: 930441075
2026-01-21 03:47:16,685 - INFO - Found promotion ID: 331bd2f9-da34-44dd-8acd-ee819004b291, fetching tracking phone...
2026-01-21 03:47:17,159 - WARNING - Failed to get tracking phone for 331bd2f9-da34-44dd-8acd-ee819004b291: HTTP 403
2026-01-21 03:47:17,160 - INFO - Property 20514246 - publisher.phone: 930441075
2026-01-21 03:47:17,160 - INFO - Final phone for property 20514246: 930441075
2026-01-21 03:47:17,161 - INFO - SUCCESS: Property 20514246 - Phone: 930441075
2026-01-21 03:47:17,164 - INFO - 
[328/1020] Processing property 20513745...
2026-01-21 03:47:17,164 - INFO - Waiting 13.6 seconds before requesting property 20513745...
2026-01-21 03:47:30,743 - INFO - Requesting property 20513745: https://www.fotocasa.es/es/comprar/obra-nueva/ortuella/20513745
2026-01-21 03:47:31,270 - INFO - Property 20513745 - advertiser.phone: 944680263
2026-01-21 03:47:31,271 - INFO - Found promotion ID: e48d0fc5-96e2-4aa6-8092-1568d1b03456, fetching tracking phone...
2026-01-21 03:47:31,752 - WARNING - Failed to get tracking phone for e48d0fc5-96e2-4aa6-8092-1568d1b03456: HTTP 403
2026-01-21 03:47:31,752 - INFO - Property 20513745 - publisher.phone: 944680263
2026-01-21 03:47:31,752 - INFO - Final phone for property 20513745: 944680263
2026-01-21 03:47:31,754 - INFO - SUCCESS: Property 20513745 - Phone: 944680263
2026-01-21 03:47:31,756 - INFO - 
[329/1020] Processing property 20513537...
2026-01-21 03:47:31,758 - INFO - Waiting 12.0 seconds before requesting property 20513537...
2026-01-21 03:47:43,775 - INFO - Requesting property 20513537: https://www.fotocasa.es/es/comprar/obra-nueva/burgos-capital/20513537
2026-01-21 03:47:44,397 - INFO - Property 20513537 - advertiser.phone: 947940369
2026-01-21 03:47:44,397 - INFO - Found promotion ID: 7e08d646-6621-414b-bd50-f75ed62c6c3f, fetching tracking phone...
2026-01-21 03:47:44,965 - WARNING - Failed to get tracking phone for 7e08d646-6621-414b-bd50-f75ed62c6c3f: HTTP 403
2026-01-21 03:47:44,966 - INFO - Property 20513537 - publisher.phone: 947940369
2026-01-21 03:47:44,967 - INFO - Final phone for property 20513537: 947940369
2026-01-21 03:47:44,969 - INFO - SUCCESS: Property 20513537 - Phone: 947940369
2026-01-21 03:47:44,972 - INFO - 
[330/1020] Processing property 20513219...
2026-01-21 03:47:44,974 - INFO - Waiting 10.4 seconds before requesting property 20513219...
2026-01-21 03:47:55,406 - INFO - Requesting property 20513219: https://www.fotocasa.es/es/comprar/obra-nueva/torremolinos/20513219
2026-01-21 03:47:56,174 - INFO - Property 20513219 - advertiser.phone: 954201582
2026-01-21 03:47:56,175 - INFO - Found promotion ID: cf17d3f4-784f-45b0-87a2-c672f615abb6, fetching tracking phone...
2026-01-21 03:47:56,755 - WARNING - Failed to get tracking phone for cf17d3f4-784f-45b0-87a2-c672f615abb6: HTTP 403
2026-01-21 03:47:56,755 - INFO - Property 20513219 - publisher.phone: 954201582
2026-01-21 03:47:56,756 - INFO - Final phone for property 20513219: 954201582
2026-01-21 03:47:56,759 - INFO - SUCCESS: Property 20513219 - Phone: 954201582
2026-01-21 03:47:56,761 - INFO - Progress: 330/1020 (32.4%)
2026-01-21 03:47:56,762 - INFO - Success: 327, Failed: 3
2026-01-21 03:47:56,762 - INFO - Estimated time remaining: 161.4 minutes
2026-01-21 03:47:56,763 - INFO - 
[331/1020] Processing property 20512910...
2026-01-21 03:47:56,764 - INFO - Waiting 13.6 seconds before requesting property 20512910...
2026-01-21 03:48:10,315 - INFO - Requesting property 20512910: https://www.fotocasa.es/es/comprar/obra-nueva/sabadell/20512910
2026-01-21 03:48:10,758 - INFO - Property 20512910 - advertiser.phone: 930440768
2026-01-21 03:48:10,759 - INFO - Found promotion ID: 19b0d8a4-bf59-40a2-ad96-26524f6df760, fetching tracking phone...
2026-01-21 03:48:11,309 - WARNING - Failed to get tracking phone for 19b0d8a4-bf59-40a2-ad96-26524f6df760: HTTP 403
2026-01-21 03:48:11,309 - INFO - Property 20512910 - publisher.phone: 930440768
2026-01-21 03:48:11,310 - INFO - Final phone for property 20512910: 930440768
2026-01-21 03:48:11,312 - INFO - SUCCESS: Property 20512910 - Phone: 930440768
2026-01-21 03:48:11,314 - INFO - 
[332/1020] Processing property 20512839...
2026-01-21 03:48:11,314 - INFO - Waiting 10.8 seconds before requesting property 20512839...
2026-01-21 03:48:22,069 - INFO - Requesting property 20512839: https://www.fotocasa.es/es/comprar/obra-nueva/girona-capital/20512839
2026-01-21 03:48:22,500 - INFO - Property 20512839 - advertiser.phone: 972084405
2026-01-21 03:48:22,500 - INFO - Found promotion ID: 0f09e859-33bd-4398-baa0-22eaf6cec89a, fetching tracking phone...
2026-01-21 03:48:22,934 - WARNING - Failed to get tracking phone for 0f09e859-33bd-4398-baa0-22eaf6cec89a: HTTP 403
2026-01-21 03:48:22,935 - INFO - Property 20512839 - publisher.phone: 972084405
2026-01-21 03:48:22,935 - INFO - Final phone for property 20512839: 972084405
2026-01-21 03:48:22,936 - INFO - SUCCESS: Property 20512839 - Phone: 972084405
2026-01-21 03:48:22,938 - INFO - 
[333/1020] Processing property 20512798...
2026-01-21 03:48:22,938 - INFO - Waiting 11.1 seconds before requesting property 20512798...
2026-01-21 03:48:34,026 - INFO - Requesting property 20512798: https://www.fotocasa.es/es/comprar/obra-nueva/girona-capital/20512798
2026-01-21 03:48:34,490 - INFO - Property 20512798 - advertiser.phone: 972084405
2026-01-21 03:48:34,490 - INFO - Found promotion ID: c24188fe-f8fe-4b59-ad2a-90d57be5d481, fetching tracking phone...
2026-01-21 03:48:34,932 - WARNING - Failed to get tracking phone for c24188fe-f8fe-4b59-ad2a-90d57be5d481: HTTP 403
2026-01-21 03:48:34,933 - INFO - Property 20512798 - publisher.phone: 972084405
2026-01-21 03:48:34,933 - INFO - Final phone for property 20512798: 972084405
2026-01-21 03:48:34,935 - INFO - SUCCESS: Property 20512798 - Phone: 972084405
2026-01-21 03:48:34,936 - INFO - 
[334/1020] Processing property 20512794...
2026-01-21 03:48:34,936 - INFO - Waiting 11.4 seconds before requesting property 20512794...
2026-01-21 03:48:47,612 - INFO - Requesting property 20512794: https://www.fotocasa.es/es/comprar/obra-nueva/sant-gregori/20512794
2026-01-21 03:48:48,211 - INFO - Property 20512794 - advertiser.phone: 972084396
2026-01-21 03:48:48,211 - INFO - Found promotion ID: bbf48bcb-b451-4093-baab-f883d19e3f9c, fetching tracking phone...
2026-01-21 03:48:48,642 - WARNING - Failed to get tracking phone for bbf48bcb-b451-4093-baab-f883d19e3f9c: HTTP 403
2026-01-21 03:48:48,643 - INFO - Property 20512794 - publisher.phone: 972084396
2026-01-21 03:48:48,643 - INFO - Final phone for property 20512794: 972084396
2026-01-21 03:48:48,645 - INFO - SUCCESS: Property 20512794 - Phone: 972084396
2026-01-21 03:48:48,648 - INFO - 
[335/1020] Processing property 20512602...
2026-01-21 03:48:48,648 - INFO - Waiting 13.8 seconds before requesting property 20512602...
2026-01-21 03:49:02,477 - INFO - Requesting property 20512602: https://www.fotocasa.es/es/comprar/obra-nueva/palamos/20512602
2026-01-21 03:49:02,903 - INFO - Property 20512602 - advertiser.phone: 972084389
2026-01-21 03:49:02,903 - INFO - Found promotion ID: aace7c10-7df1-47ba-b4ee-0d98e2983d41, fetching tracking phone...
2026-01-21 03:49:03,454 - WARNING - Failed to get tracking phone for aace7c10-7df1-47ba-b4ee-0d98e2983d41: HTTP 403
2026-01-21 03:49:03,454 - INFO - Property 20512602 - publisher.phone: 972084389
2026-01-21 03:49:03,454 - INFO - Final phone for property 20512602: 972084389
2026-01-21 03:49:03,455 - INFO - SUCCESS: Property 20512602 - Phone: 972084389
2026-01-21 03:49:03,458 - INFO - 
[336/1020] Processing property 20512601...
2026-01-21 03:49:03,458 - INFO - Waiting 11.6 seconds before requesting property 20512601...
2026-01-21 03:49:15,098 - INFO - Requesting property 20512601: https://www.fotocasa.es/es/comprar/obra-nueva/palamos/20512601
2026-01-21 03:49:15,694 - INFO - Property 20512601 - advertiser.phone: 972084389
2026-01-21 03:49:15,707 - INFO - Found promotion ID: 5b975f88-f080-4c3f-9c0f-df2c82ef83e3, fetching tracking phone...
2026-01-21 03:49:16,135 - WARNING - Failed to get tracking phone for 5b975f88-f080-4c3f-9c0f-df2c82ef83e3: HTTP 403
2026-01-21 03:49:16,147 - INFO - Property 20512601 - publisher.phone: 972084389
2026-01-21 03:49:16,148 - INFO - Final phone for property 20512601: 972084389
2026-01-21 03:49:16,171 - INFO - SUCCESS: Property 20512601 - Phone: 972084389
2026-01-21 03:49:16,188 - INFO - 
[337/1020] Processing property 20512597...
2026-01-21 03:49:16,189 - INFO - Waiting 10.5 seconds before requesting property 20512597...
2026-01-21 03:49:26,740 - INFO - Requesting property 20512597: https://www.fotocasa.es/es/comprar/obra-nueva/palafrugell/20512597
2026-01-21 03:49:27,521 - INFO - Property 20512597 - advertiser.phone: 972084389
2026-01-21 03:49:27,542 - INFO - Found promotion ID: 542e451d-e0e1-4ba7-85be-c19723d2d56d, fetching tracking phone...
2026-01-21 03:49:28,260 - WARNING - Failed to get tracking phone for 542e451d-e0e1-4ba7-85be-c19723d2d56d: HTTP 403
2026-01-21 03:49:28,264 - INFO - Property 20512597 - publisher.phone: 972084389
2026-01-21 03:49:28,265 - INFO - Final phone for property 20512597: 972084389
2026-01-21 03:49:28,267 - INFO - SUCCESS: Property 20512597 - Phone: 972084389
2026-01-21 03:49:28,273 - INFO - 
[338/1020] Processing property 20512586...
2026-01-21 03:49:28,274 - INFO - Waiting 10.0 seconds before requesting property 20512586...
2026-01-21 03:49:38,308 - INFO - Requesting property 20512586: https://www.fotocasa.es/es/comprar/obra-nueva/calonge-i-sant-antoni/20512586
2026-01-21 03:49:40,739 - INFO - Property 20512586 - advertiser.phone: 972084389
2026-01-21 03:49:40,740 - INFO - Found promotion ID: 51ea87be-df10-4ac1-a870-ac0944db54e0, fetching tracking phone...
2026-01-21 03:49:41,315 - WARNING - Failed to get tracking phone for 51ea87be-df10-4ac1-a870-ac0944db54e0: HTTP 403
2026-01-21 03:49:41,688 - INFO - Property 20512586 - publisher.phone: 972084389
2026-01-21 03:49:41,711 - INFO - Final phone for property 20512586: 972084389
2026-01-21 03:49:41,712 - INFO - SUCCESS: Property 20512586 - Phone: 972084389
2026-01-21 03:49:41,717 - INFO - 
[339/1020] Processing property 20511649...
2026-01-21 03:49:41,718 - INFO - Waiting 12.3 seconds before requesting property 20511649...
2026-01-21 03:49:54,014 - INFO - Requesting property 20511649: https://www.fotocasa.es/es/comprar/obra-nueva/l-escala/20511649
2026-01-21 03:49:55,194 - INFO - Property 20511649 - advertiser.phone: 972084319
2026-01-21 03:49:55,276 - INFO - Found promotion ID: 938cbac6-2395-42c2-8eb2-bc4119fa26b2, fetching tracking phone...
2026-01-21 03:49:56,730 - WARNING - Failed to get tracking phone for 938cbac6-2395-42c2-8eb2-bc4119fa26b2: HTTP 403
2026-01-21 03:49:56,930 - INFO - Property 20511649 - publisher.phone: 972084319
2026-01-21 03:49:56,934 - INFO - Final phone for property 20511649: 972084319
2026-01-21 03:49:56,937 - INFO - SUCCESS: Property 20511649 - Phone: 972084319
2026-01-21 03:49:56,943 - INFO - 
[340/1020] Processing property 20511128...
2026-01-21 03:49:56,943 - INFO - Waiting 11.9 seconds before requesting property 20511128...
2026-01-21 03:50:08,872 - INFO - Requesting property 20511128: https://www.fotocasa.es/es/comprar/obra-nueva/salt/20511128
2026-01-21 03:50:09,767 - INFO - Property 20511128 - advertiser.phone: 972084302
2026-01-21 03:50:09,797 - INFO - Found promotion ID: e079398f-18ef-4684-b5fa-247bd760d2b4, fetching tracking phone...
2026-01-21 03:50:10,841 - WARNING - Failed to get tracking phone for e079398f-18ef-4684-b5fa-247bd760d2b4: HTTP 403
2026-01-21 03:50:10,909 - INFO - Property 20511128 - publisher.phone: 972084302
2026-01-21 03:50:11,091 - INFO - Final phone for property 20511128: 972084302
2026-01-21 03:50:11,484 - INFO - SUCCESS: Property 20511128 - Phone: 972084302
2026-01-21 03:50:11,488 - INFO - Progress: 340/1020 (33.3%)
2026-01-21 03:50:11,488 - INFO - Success: 337, Failed: 3
2026-01-21 03:50:11,488 - INFO - Estimated time remaining: 158.9 minutes
2026-01-21 03:50:11,489 - INFO - 
[341/1020] Processing property 20510762...
2026-01-21 03:50:11,489 - INFO - Waiting 15.0 seconds before requesting property 20510762...
2026-01-21 03:50:26,458 - INFO - Requesting property 20510762: https://www.fotocasa.es/es/comprar/obra-nueva/peniscola-peniscola/20510762
2026-01-21 03:50:28,138 - INFO - Property 20510762 - advertiser.phone: 964932873
2026-01-21 03:50:28,253 - INFO - Found promotion ID: fade70c5-5ce8-4461-9f0e-0ea2767af61a, fetching tracking phone...
2026-01-21 03:50:29,412 - WARNING - Failed to get tracking phone for fade70c5-5ce8-4461-9f0e-0ea2767af61a: HTTP 403
2026-01-21 03:50:29,412 - INFO - Property 20510762 - publisher.phone: 964932873
2026-01-21 03:50:29,413 - INFO - Final phone for property 20510762: 964932873
2026-01-21 03:50:29,414 - INFO - SUCCESS: Property 20510762 - Phone: 964932873
2026-01-21 03:50:29,417 - INFO - 
[342/1020] Processing property 20510606...
2026-01-21 03:50:29,418 - INFO - Waiting 11.6 seconds before requesting property 20510606...
2026-01-21 03:50:40,990 - INFO - Requesting property 20510606: https://www.fotocasa.es/es/comprar/obra-nueva/roses/20510606
2026-01-21 03:50:42,126 - INFO - Property 20510606 - advertiser.phone: 972084289
2026-01-21 03:50:42,206 - INFO - Found promotion ID: eb981deb-d0af-4146-b716-cf0177331827, fetching tracking phone...
2026-01-21 03:50:43,122 - WARNING - Failed to get tracking phone for eb981deb-d0af-4146-b716-cf0177331827: HTTP 403
2026-01-21 03:50:43,122 - INFO - Property 20510606 - publisher.phone: 972084289
2026-01-21 03:50:43,123 - INFO - Final phone for property 20510606: 972084289
2026-01-21 03:50:43,124 - INFO - SUCCESS: Property 20510606 - Phone: 972084289
2026-01-21 03:50:43,128 - INFO - 
[343/1020] Processing property 20510331...
2026-01-21 03:50:43,128 - INFO - Waiting 13.3 seconds before requesting property 20510331...
2026-01-21 03:50:56,425 - INFO - Requesting property 20510331: https://www.fotocasa.es/es/comprar/obra-nueva/badajoz-capital/20510331
2026-01-21 03:50:58,457 - INFO - Property 20510331 - advertiser.phone: 924926243
2026-01-21 03:50:58,461 - INFO - Found promotion ID: 959c1836-ec63-4de0-a8c4-5a12670485e1, fetching tracking phone...
2026-01-21 03:50:59,596 - WARNING - Failed to get tracking phone for 959c1836-ec63-4de0-a8c4-5a12670485e1: HTTP 403
2026-01-21 03:50:59,596 - INFO - Property 20510331 - publisher.phone: 924926243
2026-01-21 03:50:59,596 - INFO - Final phone for property 20510331: 924926243
2026-01-21 03:50:59,829 - INFO - SUCCESS: Property 20510331 - Phone: 924926243
2026-01-21 03:50:59,879 - INFO - 
[344/1020] Processing property 20509621...
2026-01-21 03:50:59,893 - INFO - Waiting 12.7 seconds before requesting property 20509621...
2026-01-21 03:51:12,795 - INFO - Requesting property 20509621: https://www.fotocasa.es/es/comprar/obra-nueva/getafe/20509621
2026-01-21 03:51:14,388 - INFO - Property 20509621 - advertiser.phone: 910751453
2026-01-21 03:51:14,417 - INFO - Found promotion ID: a4c65b77-e288-47c8-a63c-0f56753d9c4e, fetching tracking phone...
2026-01-21 03:51:15,048 - WARNING - Failed to get tracking phone for a4c65b77-e288-47c8-a63c-0f56753d9c4e: HTTP 403
2026-01-21 03:51:15,048 - INFO - Property 20509621 - publisher.phone: 910751453
2026-01-21 03:51:15,049 - INFO - Final phone for property 20509621: 910751453
2026-01-21 03:51:15,050 - INFO - SUCCESS: Property 20509621 - Phone: 910751453
2026-01-21 03:51:15,054 - INFO - 
[345/1020] Processing property 20509620...
2026-01-21 03:51:15,057 - INFO - Waiting 14.8 seconds before requesting property 20509620...
2026-01-21 03:51:29,873 - INFO - Requesting property 20509620: https://www.fotocasa.es/es/comprar/obra-nueva/madrid-capital/20509620
2026-01-21 03:51:30,449 - INFO - Property 20509620 - advertiser.phone: 910751436
2026-01-21 03:51:30,456 - INFO - Found promotion ID: e44bd721-6208-40d1-975f-857555ffae37, fetching tracking phone...
2026-01-21 03:51:30,913 - WARNING - Failed to get tracking phone for e44bd721-6208-40d1-975f-857555ffae37: HTTP 403
2026-01-21 03:51:30,913 - INFO - Property 20509620 - publisher.phone: 910751436
2026-01-21 03:51:30,913 - INFO - Final phone for property 20509620: 910751436
2026-01-21 03:51:30,915 - INFO - SUCCESS: Property 20509620 - Phone: 910751436
2026-01-21 03:51:30,919 - INFO - 
[346/1020] Processing property 20509602...
2026-01-21 03:51:30,919 - INFO - Waiting 13.0 seconds before requesting property 20509602...
2026-01-21 03:51:44,035 - INFO - Requesting property 20509602: https://www.fotocasa.es/es/comprar/obra-nueva/sant-pere-de-ribes/20509602
2026-01-21 03:51:44,781 - INFO - Property 20509602 - advertiser.phone: 931321329
2026-01-21 03:51:44,819 - INFO - Found promotion ID: e5bc484e-069c-41ba-ae14-40a22509f087, fetching tracking phone...
2026-01-21 03:51:45,281 - WARNING - Failed to get tracking phone for e5bc484e-069c-41ba-ae14-40a22509f087: HTTP 403
2026-01-21 03:51:45,306 - INFO - Property 20509602 - publisher.phone: 931321329
2026-01-21 03:51:45,316 - INFO - Final phone for property 20509602: 931321329
2026-01-21 03:51:45,333 - INFO - SUCCESS: Property 20509602 - Phone: 931321329
2026-01-21 03:51:45,346 - INFO - 
[347/1020] Processing property 20509508...
2026-01-21 03:51:45,346 - INFO - Waiting 12.7 seconds before requesting property 20509508...
2026-01-21 03:51:58,292 - INFO - Requesting property 20509508: https://www.fotocasa.es/es/comprar/obra-nueva/polinya/20509508
2026-01-21 03:51:59,021 - INFO - Property 20509508 - advertiser.phone: +34618609060
2026-01-21 03:51:59,021 - INFO - Found promotion ID: 82a62b2d-05ce-405f-862f-f224868ea162, fetching tracking phone...
2026-01-21 03:51:59,479 - WARNING - Failed to get tracking phone for 82a62b2d-05ce-405f-862f-f224868ea162: HTTP 403
2026-01-21 03:51:59,479 - INFO - Property 20509508 - publisher.phone: +34618609060
2026-01-21 03:51:59,480 - INFO - Final phone for property 20509508: +34618609060
2026-01-21 03:51:59,481 - INFO - SUCCESS: Property 20509508 - Phone: +34618609060
2026-01-21 03:51:59,484 - INFO - 
[348/1020] Processing property 20509430...
2026-01-21 03:51:59,485 - INFO - Waiting 14.3 seconds before requesting property 20509430...
2026-01-21 03:52:14,057 - INFO - Requesting property 20509430: https://www.fotocasa.es/es/comprar/obra-nueva/alcala-de-xivert/20509430
2026-01-21 03:52:15,413 - INFO - Property 20509430 - advertiser.phone: 964931628
2026-01-21 03:52:15,413 - INFO - Found promotion ID: 9f387243-f25e-4f78-9eb0-db7c55230584, fetching tracking phone...
2026-01-21 03:52:15,865 - WARNING - Failed to get tracking phone for 9f387243-f25e-4f78-9eb0-db7c55230584: HTTP 403
2026-01-21 03:52:15,865 - INFO - Property 20509430 - publisher.phone: 964931628
2026-01-21 03:52:15,866 - INFO - Final phone for property 20509430: 964931628
2026-01-21 03:52:15,867 - INFO - SUCCESS: Property 20509430 - Phone: 964931628
2026-01-21 03:52:15,870 - INFO - 
[349/1020] Processing property 20508487...
2026-01-21 03:52:15,871 - INFO - Waiting 12.2 seconds before requesting property 20508487...
2026-01-21 03:52:28,083 - INFO - Requesting property 20508487: https://www.fotocasa.es/es/comprar/obra-nueva/dos-hermanas/20508487
2026-01-21 03:52:29,073 - INFO - Property 20508487 - advertiser.phone: 954201546
2026-01-21 03:52:29,250 - INFO - Found promotion ID: 647821d4-ab93-4c85-af86-12a449f66e58, fetching tracking phone...
2026-01-21 03:52:30,046 - WARNING - Failed to get tracking phone for 647821d4-ab93-4c85-af86-12a449f66e58: HTTP 403
2026-01-21 03:52:30,051 - INFO - Property 20508487 - publisher.phone: 954201546
2026-01-21 03:52:30,051 - INFO - Final phone for property 20508487: 954201546
2026-01-21 03:52:30,053 - INFO - SUCCESS: Property 20508487 - Phone: 954201546
2026-01-21 03:52:30,951 - INFO - 
[350/1020] Processing property 20507805...
2026-01-21 03:52:31,014 - INFO - Waiting 14.6 seconds before requesting property 20507805...
2026-01-21 03:52:45,712 - INFO - Requesting property 20507805: https://www.fotocasa.es/es/comprar/obra-nueva/oliva/20507805
2026-01-21 03:52:46,193 - INFO - Property 20507805 - advertiser.phone: 961281908
2026-01-21 03:52:46,194 - INFO - Found promotion ID: 03248560-5b99-4ea1-80d0-200c4b96a408, fetching tracking phone...
2026-01-21 03:52:46,599 - WARNING - Failed to get tracking phone for 03248560-5b99-4ea1-80d0-200c4b96a408: HTTP 403
2026-01-21 03:52:46,599 - INFO - Property 20507805 - publisher.phone: 961281908
2026-01-21 03:52:46,600 - INFO - Final phone for property 20507805: 961281908
2026-01-21 03:52:46,601 - INFO - SUCCESS: Property 20507805 - Phone: 961281908
2026-01-21 03:52:46,604 - INFO - Progress: 350/1020 (34.3%)
2026-01-21 03:52:46,604 - INFO - Success: 347, Failed: 3
2026-01-21 03:52:46,605 - INFO - Estimated time remaining: 157.0 minutes
2026-01-21 03:52:46,605 - INFO - 
[351/1020] Processing property 20507757...
2026-01-21 03:52:46,605 - INFO - Waiting 10.6 seconds before requesting property 20507757...
2026-01-21 03:52:57,171 - INFO - Requesting property 20507757: https://www.fotocasa.es/es/comprar/obra-nueva/denia/20507757
2026-01-21 03:52:57,711 - INFO - Property 20507757 - advertiser.phone: 961281908
2026-01-21 03:52:57,712 - INFO - Found promotion ID: f61d1f27-8b9c-49db-ad6b-984b79f03824, fetching tracking phone...
2026-01-21 03:52:58,124 - WARNING - Failed to get tracking phone for f61d1f27-8b9c-49db-ad6b-984b79f03824: HTTP 403
2026-01-21 03:52:58,124 - INFO - Property 20507757 - publisher.phone: 961281908
2026-01-21 03:52:58,124 - INFO - Final phone for property 20507757: 961281908
2026-01-21 03:52:58,126 - INFO - SUCCESS: Property 20507757 - Phone: 961281908
2026-01-21 03:52:58,129 - INFO - 
[352/1020] Processing property 20507742...
2026-01-21 03:52:58,129 - INFO - Waiting 14.7 seconds before requesting property 20507742...
2026-01-21 03:53:12,820 - INFO - Requesting property 20507742: https://www.fotocasa.es/es/comprar/obra-nueva/oliva/20507742
2026-01-21 03:53:13,322 - INFO - Property 20507742 - advertiser.phone: 961281908
2026-01-21 03:53:13,323 - INFO - Found promotion ID: 2e84cb78-b11d-4c32-80b9-74893f5925e7, fetching tracking phone...
2026-01-21 03:53:14,096 - WARNING - Failed to get tracking phone for 2e84cb78-b11d-4c32-80b9-74893f5925e7: HTTP 403
2026-01-21 03:53:14,096 - INFO - Property 20507742 - publisher.phone: 961281908
2026-01-21 03:53:14,101 - INFO - Final phone for property 20507742: 961281908
2026-01-21 03:53:14,102 - INFO - SUCCESS: Property 20507742 - Phone: 961281908
2026-01-21 03:53:14,106 - INFO - 
[353/1020] Processing property 20507399...
2026-01-21 03:53:14,106 - INFO - Waiting 11.8 seconds before requesting property 20507399...
2026-01-21 03:53:25,875 - INFO - Requesting property 20507399: https://www.fotocasa.es/es/comprar/obra-nueva/cuarte-de-huerva/20507399
2026-01-21 03:53:26,318 - INFO - Property 20507399 - advertiser.phone: 976366971
2026-01-21 03:53:26,318 - INFO - Found promotion ID: f8e0f73d-157e-4a53-9aee-cc6fffe623a8, fetching tracking phone...
2026-01-21 03:53:26,744 - WARNING - Failed to get tracking phone for f8e0f73d-157e-4a53-9aee-cc6fffe623a8: HTTP 403
2026-01-21 03:53:26,744 - INFO - Property 20507399 - publisher.phone: 976366971
2026-01-21 03:53:26,744 - INFO - Final phone for property 20507399: 976366971
2026-01-21 03:53:26,746 - INFO - SUCCESS: Property 20507399 - Phone: 976366971
2026-01-21 03:53:26,749 - INFO - 
[354/1020] Processing property 20506943...
2026-01-21 03:53:26,749 - INFO - Waiting 12.6 seconds before requesting property 20506943...
2026-01-21 03:53:39,310 - INFO - Requesting property 20506943: https://www.fotocasa.es/es/comprar/obra-nueva/getxo/20506943
2026-01-21 03:53:39,790 - INFO - Property 20506943 - advertiser.phone: +34619876576
2026-01-21 03:53:39,790 - INFO - Found promotion ID: d411738c-1307-4fe3-943d-f2b29d85f9c9, fetching tracking phone...
2026-01-21 03:53:40,201 - WARNING - Failed to get tracking phone for d411738c-1307-4fe3-943d-f2b29d85f9c9: HTTP 403
2026-01-21 03:53:40,202 - INFO - Property 20506943 - publisher.phone: +34619876576
2026-01-21 03:53:40,202 - INFO - Final phone for property 20506943: +34619876576
2026-01-21 03:53:40,203 - INFO - SUCCESS: Property 20506943 - Phone: +34619876576
2026-01-21 03:53:40,205 - INFO - 
[355/1020] Processing property 20528361...
2026-01-21 03:53:40,205 - INFO - Waiting 13.0 seconds before requesting property 20528361...
2026-01-21 03:53:53,222 - INFO - Requesting property 20528361: https://www.fotocasa.es/es/comprar/obra-nueva/sant-quirze-del-valles/20528361
2026-01-21 03:53:53,866 - INFO - Property 20528361 - advertiser.phone: +34900053602
2026-01-21 03:53:53,866 - INFO - Found promotion ID: 9e9aebe2-bca8-4afb-95f7-128bc0e0cdac, fetching tracking phone...
2026-01-21 03:53:54,422 - WARNING - Failed to get tracking phone for 9e9aebe2-bca8-4afb-95f7-128bc0e0cdac: HTTP 403
2026-01-21 03:53:54,422 - INFO - Property 20528361 - publisher.phone: +34900053602
2026-01-21 03:53:54,423 - INFO - Final phone for property 20528361: +34900053602
2026-01-21 03:53:54,424 - INFO - SUCCESS: Property 20528361 - Phone: +34900053602
2026-01-21 03:53:54,426 - INFO - 
[356/1020] Processing property 20509528...
2026-01-21 03:53:54,427 - INFO - Waiting 13.4 seconds before requesting property 20509528...
2026-01-21 03:54:07,815 - INFO - Requesting property 20509528: https://www.fotocasa.es/es/comprar/obra-nueva/argonos/20509528
2026-01-21 03:54:08,318 - INFO - Property 20509528 - advertiser.phone: 942382687
2026-01-21 03:54:08,318 - INFO - Found promotion ID: 717d0321-5548-4441-91bb-9c4d49bb1ee3, fetching tracking phone...
2026-01-21 03:54:08,752 - WARNING - Failed to get tracking phone for 717d0321-5548-4441-91bb-9c4d49bb1ee3: HTTP 403
2026-01-21 03:54:08,752 - INFO - Property 20509528 - publisher.phone: 942382687
2026-01-21 03:54:08,752 - INFO - Final phone for property 20509528: 942382687
2026-01-21 03:54:08,753 - INFO - SUCCESS: Property 20509528 - Phone: 942382687
2026-01-21 03:54:08,756 - INFO - 
[357/1020] Processing property 20554431...
2026-01-21 03:54:08,756 - INFO - Waiting 12.1 seconds before requesting property 20554431...
2026-01-21 03:54:20,809 - INFO - Requesting property 20554431: https://www.fotocasa.es/es/comprar/obra-nueva/vallromanes/20554431
2026-01-21 03:54:21,504 - INFO - Property 20554431 - advertiser.phone: 943914258
2026-01-21 03:54:21,504 - INFO - Found promotion ID: b52fd052-1877-4d2d-8d96-3ffa7a6b1269, fetching tracking phone...
2026-01-21 03:54:22,046 - WARNING - Failed to get tracking phone for b52fd052-1877-4d2d-8d96-3ffa7a6b1269: HTTP 403
2026-01-21 03:54:22,047 - INFO - Property 20554431 - publisher.phone: 943914258
2026-01-21 03:54:22,047 - INFO - Final phone for property 20554431: 943914258
2026-01-21 03:54:22,050 - INFO - SUCCESS: Property 20554431 - Phone: 943914258
2026-01-21 03:54:22,053 - INFO - 
[358/1020] Processing property 20525621...
2026-01-21 03:54:22,054 - INFO - Waiting 11.3 seconds before requesting property 20525621...
2026-01-21 03:54:33,511 - INFO - Requesting property 20525621: https://www.fotocasa.es/es/comprar/obra-nueva/suances/20525621
2026-01-21 03:54:34,276 - INFO - Property 20525621 - advertiser.phone: 984220675
2026-01-21 03:54:34,321 - INFO - Found promotion ID: 4f1c7681-346d-406f-b7fb-adb4bbcd6272, fetching tracking phone...
2026-01-21 03:54:34,998 - WARNING - Failed to get tracking phone for 4f1c7681-346d-406f-b7fb-adb4bbcd6272: HTTP 403
2026-01-21 03:54:35,009 - INFO - Property 20525621 - publisher.phone: 984220675
2026-01-21 03:54:35,010 - INFO - Final phone for property 20525621: 984220675
2026-01-21 03:54:35,021 - INFO - SUCCESS: Property 20525621 - Phone: 984220675
2026-01-21 03:54:35,045 - INFO - 
[359/1020] Processing property 20555072...
2026-01-21 03:54:35,178 - INFO - Waiting 13.9 seconds before requesting property 20555072...
2026-01-21 03:54:49,128 - INFO - Requesting property 20555072: https://www.fotocasa.es/es/comprar/obra-nueva/santa-cruz-de-bezana/20555072
2026-01-21 03:54:49,830 - INFO - Property 20555072 - advertiser.phone: 942382957
2026-01-21 03:54:49,830 - INFO - Found promotion ID: b4b05992-9d7b-46ab-aece-901189792faa, fetching tracking phone...
2026-01-21 03:54:50,386 - WARNING - Failed to get tracking phone for b4b05992-9d7b-46ab-aece-901189792faa: HTTP 403
2026-01-21 03:54:50,546 - INFO - Property 20555072 - publisher.phone: 942382957
2026-01-21 03:54:50,546 - INFO - Final phone for property 20555072: 942382957
2026-01-21 03:54:50,546 - INFO - SUCCESS: Property 20555072 - Phone: 942382957
2026-01-21 03:54:50,551 - INFO - 
[360/1020] Processing property 20581495...
2026-01-21 03:54:50,556 - INFO - Waiting 10.4 seconds before requesting property 20581495...
2026-01-21 03:55:00,911 - INFO - Requesting property 20581495: https://www.fotocasa.es/es/comprar/obra-nueva/llinars-del-valles/20581495
2026-01-21 03:55:01,471 - INFO - Property 20581495 - advertiser.phone: 943914258
2026-01-21 03:55:01,472 - INFO - Found promotion ID: 47efb6dc-7e35-42a9-88d0-ff9755016870, fetching tracking phone...
2026-01-21 03:55:02,024 - WARNING - Failed to get tracking phone for 47efb6dc-7e35-42a9-88d0-ff9755016870: HTTP 403
2026-01-21 03:55:02,026 - INFO - Property 20581495 - publisher.phone: 943914258
2026-01-21 03:55:02,026 - INFO - Final phone for property 20581495: 943914258
2026-01-21 03:55:02,027 - INFO - SUCCESS: Property 20581495 - Phone: 943914258
2026-01-21 03:55:02,029 - INFO - Progress: 360/1020 (35.3%)
2026-01-21 03:55:02,029 - INFO - Success: 357, Failed: 3
2026-01-21 03:55:02,030 - INFO - Estimated time remaining: 154.5 minutes
2026-01-21 03:55:02,030 - INFO - 
[361/1020] Processing property 20528375...
2026-01-21 03:55:02,031 - INFO - Waiting 12.2 seconds before requesting property 20528375...
2026-01-21 03:55:14,215 - INFO - Requesting property 20528375: https://www.fotocasa.es/es/comprar/obra-nueva/markina-xemein/20528375
2026-01-21 03:55:14,664 - INFO - Property 20528375 - advertiser.phone: 944680217
2026-01-21 03:55:14,666 - INFO - Found promotion ID: e8d16163-9efc-4bf7-8533-021199a5d37a, fetching tracking phone...
2026-01-21 03:55:15,230 - WARNING - Failed to get tracking phone for e8d16163-9efc-4bf7-8533-021199a5d37a: HTTP 403
2026-01-21 03:55:15,230 - INFO - Property 20528375 - publisher.phone: 944680217
2026-01-21 03:55:15,231 - INFO - Final phone for property 20528375: 944680217
2026-01-21 03:55:15,232 - INFO - SUCCESS: Property 20528375 - Phone: 944680217
2026-01-21 03:55:15,234 - INFO - 
[362/1020] Processing property 20534770...
2026-01-21 03:55:15,234 - INFO - Waiting 10.6 seconds before requesting property 20534770...
2026-01-21 03:55:25,849 - INFO - Requesting property 20534770: https://www.fotocasa.es/es/comprar/obra-nueva/pielagos/20534770
2026-01-21 03:55:26,343 - INFO - Property 20534770 - advertiser.phone: 942382957
2026-01-21 03:55:26,344 - INFO - Found promotion ID: c7e13a2a-f0ee-4c23-bb46-48cb0218146c, fetching tracking phone...
2026-01-21 03:55:26,934 - WARNING - Failed to get tracking phone for c7e13a2a-f0ee-4c23-bb46-48cb0218146c: HTTP 403
2026-01-21 03:55:26,934 - INFO - Property 20534770 - publisher.phone: 942382957
2026-01-21 03:55:26,934 - INFO - Final phone for property 20534770: 942382957
2026-01-21 03:55:26,936 - INFO - SUCCESS: Property 20534770 - Phone: 942382957
2026-01-21 03:55:26,939 - INFO - 
[363/1020] Processing property 20527605...
2026-01-21 03:55:26,939 - INFO - Waiting 10.1 seconds before requesting property 20527605...
2026-01-21 03:55:37,159 - INFO - Requesting property 20527605: https://www.fotocasa.es/es/comprar/obra-nueva/noja/20527605
2026-01-21 03:55:38,354 - INFO - Property 20527605 - advertiser.phone: 942380186
2026-01-21 03:55:38,490 - INFO - Found promotion ID: 9fc62230-bd0b-4c3f-9b5d-aff798d13ff7, fetching tracking phone...
2026-01-21 03:55:39,107 - WARNING - Failed to get tracking phone for 9fc62230-bd0b-4c3f-9b5d-aff798d13ff7: HTTP 403
2026-01-21 03:55:39,111 - INFO - Property 20527605 - publisher.phone: 942380186
2026-01-21 03:55:39,257 - INFO - Final phone for property 20527605: 942380186
2026-01-21 03:55:39,259 - INFO - SUCCESS: Property 20527605 - Phone: 942380186
2026-01-21 03:55:39,262 - INFO - 
[364/1020] Processing property 20527094...
2026-01-21 03:55:39,263 - INFO - Waiting 12.7 seconds before requesting property 20527094...
2026-01-21 03:55:51,950 - INFO - Requesting property 20527094: https://www.fotocasa.es/es/comprar/obra-nueva/gijon/20527094
2026-01-21 03:55:52,978 - INFO - Property 20527094 - advertiser.phone: 984220681
2026-01-21 03:55:53,094 - INFO - Found promotion ID: d10f9070-d203-488e-ac01-f7e861a887e0, fetching tracking phone...
2026-01-21 03:55:53,545 - WARNING - Failed to get tracking phone for d10f9070-d203-488e-ac01-f7e861a887e0: HTTP 403
2026-01-21 03:55:53,546 - INFO - Property 20527094 - publisher.phone: 984220681
2026-01-21 03:55:53,546 - INFO - Final phone for property 20527094: 984220681
2026-01-21 03:55:53,548 - INFO - SUCCESS: Property 20527094 - Phone: 984220681
2026-01-21 03:55:53,552 - INFO - 
[365/1020] Processing property 20515573...
2026-01-21 03:55:53,552 - INFO - Waiting 11.9 seconds before requesting property 20515573...
2026-01-21 03:56:05,479 - INFO - Requesting property 20515573: https://www.fotocasa.es/es/comprar/obra-nueva/donostia-san-sebastian/20515573
2026-01-21 03:56:06,249 - INFO - Property 20515573 - advertiser.phone: 943913019
2026-01-21 03:56:06,427 - INFO - Found promotion ID: 965f5a74-e59d-4946-b080-468c2ee1c39c, fetching tracking phone...
2026-01-21 03:56:07,211 - WARNING - Failed to get tracking phone for 965f5a74-e59d-4946-b080-468c2ee1c39c: HTTP 403
2026-01-21 03:56:07,211 - INFO - Property 20515573 - publisher.phone: 943913019
2026-01-21 03:56:07,212 - INFO - Final phone for property 20515573: 943913019
2026-01-21 03:56:07,213 - INFO - SUCCESS: Property 20515573 - Phone: 943913019
2026-01-21 03:56:07,229 - INFO - 
[366/1020] Processing property 20509534...
2026-01-21 03:56:07,230 - INFO - Waiting 12.1 seconds before requesting property 20509534...
2026-01-21 03:56:19,307 - INFO - Requesting property 20509534: https://www.fotocasa.es/es/comprar/obra-nueva/santona/20509534
2026-01-21 03:56:19,950 - INFO - Property 20509534 - advertiser.phone: 942382687
2026-01-21 03:56:19,950 - INFO - Found promotion ID: 203fc7a2-72ef-40fc-85b7-a76b137a0b78, fetching tracking phone...
2026-01-21 03:56:20,534 - WARNING - Failed to get tracking phone for 203fc7a2-72ef-40fc-85b7-a76b137a0b78: HTTP 403
2026-01-21 03:56:20,534 - INFO - Property 20509534 - publisher.phone: 942382687
2026-01-21 03:56:20,534 - INFO - Final phone for property 20509534: 942382687
2026-01-21 03:56:20,536 - INFO - SUCCESS: Property 20509534 - Phone: 942382687
2026-01-21 03:56:20,539 - INFO - 
[367/1020] Processing property 20561181...
2026-01-21 03:56:20,540 - INFO - Waiting 12.8 seconds before requesting property 20561181...
2026-01-21 03:56:33,309 - INFO - Requesting property 20561181: https://www.fotocasa.es/es/comprar/obra-nueva/el-verger/20561181
2026-01-21 03:56:33,908 - INFO - Property 20561181 - advertiser.phone: 954201803
2026-01-21 03:56:33,909 - INFO - Found promotion ID: 0ae6876f-675f-4dce-811c-8dd6b3ee22ed, fetching tracking phone...
2026-01-21 03:56:34,481 - WARNING - Failed to get tracking phone for 0ae6876f-675f-4dce-811c-8dd6b3ee22ed: HTTP 403
2026-01-21 03:56:34,481 - INFO - Property 20561181 - publisher.phone: 954201803
2026-01-21 03:56:34,481 - INFO - Final phone for property 20561181: 954201803
2026-01-21 03:56:34,483 - INFO - SUCCESS: Property 20561181 - Phone: 954201803
2026-01-21 03:56:34,486 - INFO - 
[368/1020] Processing property 20530690...
2026-01-21 03:56:34,486 - INFO - Waiting 11.7 seconds before requesting property 20530690...
2026-01-21 03:56:46,197 - INFO - Requesting property 20530690: https://www.fotocasa.es/es/comprar/obra-nueva/pineda-de-mar/20530690
2026-01-21 03:56:46,871 - INFO - Property 20530690 - advertiser.phone: 930441963
2026-01-21 03:56:46,872 - INFO - Found promotion ID: 881052b0-3eca-4109-8bc9-72a77a4e65a3, fetching tracking phone...
2026-01-21 03:56:47,358 - WARNING - Failed to get tracking phone for 881052b0-3eca-4109-8bc9-72a77a4e65a3: HTTP 403
2026-01-21 03:56:47,358 - INFO - Property 20530690 - publisher.phone: 930441963
2026-01-21 03:56:47,359 - INFO - Final phone for property 20530690: 930441963
2026-01-21 03:56:47,360 - INFO - SUCCESS: Property 20530690 - Phone: 930441963
2026-01-21 03:56:47,363 - INFO - 
[369/1020] Processing property 20644077...
2026-01-21 03:56:47,364 - INFO - Waiting 12.2 seconds before requesting property 20644077...
2026-01-21 03:57:00,405 - INFO - Requesting property 20644077: https://www.fotocasa.es/es/comprar/obra-nueva/paterna/20644077
2026-01-21 03:57:01,028 - INFO - Property 20644077 - advertiser.phone: 954201803
2026-01-21 03:57:01,028 - INFO - Found promotion ID: 6db133ef-bf53-4f2b-b2f6-706ec95f72a4, fetching tracking phone...
2026-01-21 03:57:01,570 - WARNING - Failed to get tracking phone for 6db133ef-bf53-4f2b-b2f6-706ec95f72a4: HTTP 403
2026-01-21 03:57:01,571 - INFO - Property 20644077 - publisher.phone: 954201803
2026-01-21 03:57:01,571 - INFO - Final phone for property 20644077: 954201803
2026-01-21 03:57:01,572 - INFO - SUCCESS: Property 20644077 - Phone: 954201803
2026-01-21 03:57:01,576 - INFO - 
[370/1020] Processing property 20567220...
2026-01-21 03:57:01,576 - INFO - Waiting 13.5 seconds before requesting property 20567220...
2026-01-21 03:57:15,051 - INFO - Requesting property 20567220: https://www.fotocasa.es/es/comprar/obra-nueva/hontoba/20567220
2026-01-21 03:57:15,922 - INFO - Property 20567220 - advertiser.phone: 949804892
2026-01-21 03:57:16,005 - INFO - Found promotion ID: f0ff2293-f743-48d8-a08c-57cbc112f1a0, fetching tracking phone...
2026-01-21 03:57:16,631 - WARNING - Failed to get tracking phone for f0ff2293-f743-48d8-a08c-57cbc112f1a0: HTTP 403
2026-01-21 03:57:16,689 - INFO - Property 20567220 - publisher.phone: 949804892
2026-01-21 03:57:16,781 - INFO - Final phone for property 20567220: 949804892
2026-01-21 03:57:16,865 - INFO - SUCCESS: Property 20567220 - Phone: 949804892
2026-01-21 03:57:16,870 - INFO - Progress: 370/1020 (36.3%)
2026-01-21 03:57:16,870 - INFO - Success: 367, Failed: 3
2026-01-21 03:57:16,871 - INFO - Estimated time remaining: 152.0 minutes
2026-01-21 03:57:16,872 - INFO - 
[371/1020] Processing property 20561771...
2026-01-21 03:57:16,872 - INFO - Waiting 11.1 seconds before requesting property 20561771...
2026-01-21 03:57:28,006 - INFO - Requesting property 20561771: https://www.fotocasa.es/es/comprar/obra-nueva/abrera/20561771
2026-01-21 03:57:28,528 - INFO - Property 20561771 - advertiser.phone: +34934100079
2026-01-21 03:57:28,533 - INFO - Found promotion ID: 65bb8bb5-d2e0-454f-90fc-7c23c5d95f11, fetching tracking phone...
2026-01-21 03:57:29,020 - WARNING - Failed to get tracking phone for 65bb8bb5-d2e0-454f-90fc-7c23c5d95f11: HTTP 403
2026-01-21 03:57:29,020 - INFO - Property 20561771 - publisher.phone: +34934100079
2026-01-21 03:57:29,021 - INFO - Final phone for property 20561771: +34934100079
2026-01-21 03:57:29,022 - INFO - SUCCESS: Property 20561771 - Phone: +34934100079
2026-01-21 03:57:29,025 - INFO - 
[372/1020] Processing property 20518782...
2026-01-21 03:57:29,026 - INFO - Waiting 12.9 seconds before requesting property 20518782...
2026-01-21 03:57:41,929 - INFO - Requesting property 20518782: https://www.fotocasa.es/es/comprar/obra-nueva/barcelona-capital/20518782
2026-01-21 03:57:42,442 - INFO - Property 20518782 - advertiser.phone: +34934100079
2026-01-21 03:57:42,443 - INFO - Found promotion ID: a83e9c25-12d9-4833-baed-0b41f9238535, fetching tracking phone...
2026-01-21 03:57:42,899 - WARNING - Failed to get tracking phone for a83e9c25-12d9-4833-baed-0b41f9238535: HTTP 403
2026-01-21 03:57:42,899 - INFO - Property 20518782 - publisher.phone: +34934100079
2026-01-21 03:57:42,899 - INFO - Final phone for property 20518782: +34934100079
2026-01-21 03:57:42,901 - INFO - SUCCESS: Property 20518782 - Phone: +34934100079
2026-01-21 03:57:42,904 - INFO - 
[373/1020] Processing property 20518780...
2026-01-21 03:57:42,904 - INFO - Waiting 10.2 seconds before requesting property 20518780...
2026-01-21 03:57:53,125 - INFO - Requesting property 20518780: https://www.fotocasa.es/es/comprar/obra-nueva/sant-boi-de-llobregat/20518780
2026-01-21 03:57:53,576 - INFO - Property 20518780 - advertiser.phone: +34934100079
2026-01-21 03:57:53,576 - INFO - Found promotion ID: 3ec597cd-3534-453e-b9ea-dbd3120375c8, fetching tracking phone...
2026-01-21 03:57:54,126 - WARNING - Failed to get tracking phone for 3ec597cd-3534-453e-b9ea-dbd3120375c8: HTTP 403
2026-01-21 03:57:54,126 - INFO - Property 20518780 - publisher.phone: +34934100079
2026-01-21 03:57:54,127 - INFO - Final phone for property 20518780: +34934100079
2026-01-21 03:57:54,128 - INFO - SUCCESS: Property 20518780 - Phone: +34934100079
2026-01-21 03:57:54,131 - INFO - 
[374/1020] Processing property 20518779...
2026-01-21 03:57:54,132 - INFO - Waiting 10.9 seconds before requesting property 20518779...
2026-01-21 03:58:05,037 - INFO - Requesting property 20518779: https://www.fotocasa.es/es/comprar/obra-nueva/abrera/20518779
2026-01-21 03:58:05,640 - INFO - Property 20518779 - advertiser.phone: +34934100079
2026-01-21 03:58:05,642 - INFO - Found promotion ID: 24443a1d-d73f-415f-a862-b3639926dd7d, fetching tracking phone...
2026-01-21 03:58:06,198 - WARNING - Failed to get tracking phone for 24443a1d-d73f-415f-a862-b3639926dd7d: HTTP 403
2026-01-21 03:58:06,199 - INFO - Property 20518779 - publisher.phone: +34934100079
2026-01-21 03:58:06,199 - INFO - Final phone for property 20518779: +34934100079
2026-01-21 03:58:06,201 - INFO - SUCCESS: Property 20518779 - Phone: +34934100079
2026-01-21 03:58:06,204 - INFO - 
[375/1020] Processing property 20536366...
2026-01-21 03:58:06,204 - INFO - Waiting 12.4 seconds before requesting property 20536366...
2026-01-21 03:58:18,639 - INFO - Requesting property 20536366: https://www.fotocasa.es/es/comprar/obra-nueva/montcada-i-reixac/20536366
2026-01-21 03:58:19,322 - INFO - Property 20536366 - advertiser.phone: 930441278
2026-01-21 03:58:19,322 - INFO - Found promotion ID: c027eb6d-63d7-4957-9fd6-6f6afdf2bcba, fetching tracking phone...
2026-01-21 03:58:19,657 - WARNING - Failed to get tracking phone for c027eb6d-63d7-4957-9fd6-6f6afdf2bcba: HTTP 403
2026-01-21 03:58:19,657 - INFO - Property 20536366 - publisher.phone: 930441278
2026-01-21 03:58:19,658 - INFO - Final phone for property 20536366: 930441278
2026-01-21 03:58:19,659 - INFO - SUCCESS: Property 20536366 - Phone: 930441278
2026-01-21 03:58:19,663 - INFO - 
[376/1020] Processing property 20642823...
2026-01-21 03:58:19,663 - INFO - Waiting 14.8 seconds before requesting property 20642823...
2026-01-21 03:58:34,472 - INFO - Requesting property 20642823: https://www.fotocasa.es/es/comprar/obra-nueva/sant-pere-de-ribes/20642823
2026-01-21 03:58:35,199 - INFO - Property 20642823 - advertiser.phone: 930441839
2026-01-21 03:58:35,209 - INFO - Found promotion ID: 8727f70e-453d-416e-be83-611f58238917, fetching tracking phone...
2026-01-21 03:58:35,776 - WARNING - Failed to get tracking phone for 8727f70e-453d-416e-be83-611f58238917: HTTP 403
2026-01-21 03:58:35,777 - INFO - Property 20642823 - publisher.phone: 930441839
2026-01-21 03:58:35,777 - INFO - Final phone for property 20642823: 930441839
2026-01-21 03:58:35,779 - INFO - SUCCESS: Property 20642823 - Phone: 930441839
2026-01-21 03:58:35,826 - INFO - 
[377/1020] Processing property 20644031...
2026-01-21 03:58:35,899 - INFO - Waiting 14.6 seconds before requesting property 20644031...
2026-01-21 03:58:50,560 - INFO - Requesting property 20644031: https://www.fotocasa.es/es/comprar/obra-nueva/malaga-capital/20644031
2026-01-21 03:58:51,185 - INFO - Property 20644031 - advertiser.phone: 951348265
2026-01-21 03:58:51,237 - INFO - Found promotion ID: 2f460b8c-c3f8-4d72-866f-6ef21eccc869, fetching tracking phone...
2026-01-21 03:58:51,744 - WARNING - Failed to get tracking phone for 2f460b8c-c3f8-4d72-866f-6ef21eccc869: HTTP 403
2026-01-21 03:58:51,745 - INFO - Property 20644031 - publisher.phone: 951348265
2026-01-21 03:58:51,745 - INFO - Final phone for property 20644031: 951348265
2026-01-21 03:58:51,746 - INFO - SUCCESS: Property 20644031 - Phone: 951348265
2026-01-21 03:58:51,749 - INFO - 
[378/1020] Processing property 20524991...
2026-01-21 03:58:51,749 - INFO - Waiting 14.5 seconds before requesting property 20524991...
2026-01-21 03:59:06,225 - INFO - Requesting property 20524991: https://www.fotocasa.es/es/comprar/obra-nueva/dos-hermanas/20524991
2026-01-21 03:59:06,771 - INFO - Property 20524991 - advertiser.phone: 954201726
2026-01-21 03:59:06,771 - INFO - Found promotion ID: 40826d9a-b965-4c4d-ac2d-436d978e51a7, fetching tracking phone...
2026-01-21 03:59:07,243 - WARNING - Failed to get tracking phone for 40826d9a-b965-4c4d-ac2d-436d978e51a7: HTTP 403
2026-01-21 03:59:07,243 - INFO - Property 20524991 - publisher.phone: 954201726
2026-01-21 03:59:07,243 - INFO - Final phone for property 20524991: 954201726
2026-01-21 03:59:07,244 - INFO - SUCCESS: Property 20524991 - Phone: 954201726
2026-01-21 03:59:07,249 - INFO - 
[379/1020] Processing property 20602366...
2026-01-21 03:59:07,250 - INFO - Waiting 13.1 seconds before requesting property 20602366...
2026-01-21 03:59:20,329 - INFO - Requesting property 20602366: https://www.fotocasa.es/es/comprar/obra-nueva/gijon/20602366
2026-01-21 03:59:20,974 - INFO - Property 20602366 - advertiser.phone: 984220781
2026-01-21 03:59:20,974 - INFO - Found promotion ID: 72c798e9-4bda-4b8f-9c91-7dcd95eaa74b, fetching tracking phone...
2026-01-21 03:59:21,340 - WARNING - Failed to get tracking phone for 72c798e9-4bda-4b8f-9c91-7dcd95eaa74b: HTTP 403
2026-01-21 03:59:21,340 - INFO - Property 20602366 - publisher.phone: 984220781
2026-01-21 03:59:21,340 - INFO - Final phone for property 20602366: 984220781
2026-01-21 03:59:21,342 - INFO - SUCCESS: Property 20602366 - Phone: 984220781
2026-01-21 03:59:21,344 - INFO - 
[380/1020] Processing property 20643390...
2026-01-21 03:59:21,344 - INFO - Waiting 12.3 seconds before requesting property 20643390...
2026-01-21 03:59:33,688 - INFO - Requesting property 20643390: https://www.fotocasa.es/es/comprar/obra-nueva/valencia-capital/20643390
2026-01-21 03:59:34,358 - INFO - Property 20643390 - advertiser.phone: 954201803
2026-01-21 03:59:34,364 - INFO - Found promotion ID: 1fd9ee78-134c-4480-b105-dd1d93a44194, fetching tracking phone...
2026-01-21 03:59:34,928 - WARNING - Failed to get tracking phone for 1fd9ee78-134c-4480-b105-dd1d93a44194: HTTP 403
2026-01-21 03:59:34,928 - INFO - Property 20643390 - publisher.phone: 954201803
2026-01-21 03:59:34,929 - INFO - Final phone for property 20643390: 954201803
2026-01-21 03:59:34,930 - INFO - SUCCESS: Property 20643390 - Phone: 954201803
2026-01-21 03:59:34,933 - INFO - Progress: 380/1020 (37.3%)
2026-01-21 03:59:34,933 - INFO - Success: 377, Failed: 3
2026-01-21 03:59:34,933 - INFO - Estimated time remaining: 149.6 minutes
2026-01-21 03:59:34,933 - INFO - 
[381/1020] Processing property 20515072...
2026-01-21 03:59:34,934 - INFO - Waiting 13.9 seconds before requesting property 20515072...
2026-01-21 03:59:48,882 - INFO - Requesting property 20515072: https://www.fotocasa.es/es/comprar/obra-nueva/calonge-i-sant-antoni/20515072
2026-01-21 03:59:49,762 - INFO - Property 20515072 - advertiser.phone: 972084467
2026-01-21 03:59:49,941 - INFO - Found promotion ID: 04ec34e8-5945-46d0-b0e5-5eb0b4507f32, fetching tracking phone...
2026-01-21 03:59:50,618 - WARNING - Failed to get tracking phone for 04ec34e8-5945-46d0-b0e5-5eb0b4507f32: HTTP 403
2026-01-21 03:59:50,618 - INFO - Property 20515072 - publisher.phone: 972084467
2026-01-21 03:59:50,619 - INFO - Final phone for property 20515072: 972084467
2026-01-21 03:59:50,620 - INFO - SUCCESS: Property 20515072 - Phone: 972084467
2026-01-21 03:59:50,624 - INFO - 
[382/1020] Processing property 20643378...
2026-01-21 03:59:50,624 - INFO - Waiting 13.0 seconds before requesting property 20643378...
2026-01-21 04:00:03,759 - INFO - Requesting property 20643378: https://www.fotocasa.es/es/comprar/obra-nueva/sant-pere-de-ribes/20643378
2026-01-21 04:00:04,371 - INFO - Property 20643378 - advertiser.phone: 935433386
2026-01-21 04:00:04,371 - INFO - Found promotion ID: 7d4b68cc-df49-4df4-a0c1-5af22d47565b, fetching tracking phone...
2026-01-21 04:00:05,010 - WARNING - Failed to get tracking phone for 7d4b68cc-df49-4df4-a0c1-5af22d47565b: HTTP 403
2026-01-21 04:00:05,010 - INFO - Property 20643378 - publisher.phone: 935433386
2026-01-21 04:00:05,010 - INFO - Final phone for property 20643378: 935433386
2026-01-21 04:00:05,012 - INFO - SUCCESS: Property 20643378 - Phone: 935433386
2026-01-21 04:00:05,016 - INFO - 
[383/1020] Processing property 20524978...
2026-01-21 04:00:05,016 - INFO - Waiting 14.5 seconds before requesting property 20524978...
2026-01-21 04:00:19,467 - INFO - Requesting property 20524978: https://www.fotocasa.es/es/comprar/obra-nueva/tomares/20524978
2026-01-21 04:00:20,072 - INFO - Property 20524978 - advertiser.phone: 954201709
2026-01-21 04:00:20,072 - INFO - Found promotion ID: 6f0a36de-8d78-4375-9a2f-0b58e7c62d27, fetching tracking phone...
2026-01-21 04:00:20,645 - WARNING - Failed to get tracking phone for 6f0a36de-8d78-4375-9a2f-0b58e7c62d27: HTTP 403
2026-01-21 04:00:20,646 - INFO - Property 20524978 - publisher.phone: 954201709
2026-01-21 04:00:20,646 - INFO - Final phone for property 20524978: 954201709
2026-01-21 04:00:20,647 - INFO - SUCCESS: Property 20524978 - Phone: 954201709
2026-01-21 04:00:20,650 - INFO - 
[384/1020] Processing property 20519490...
2026-01-21 04:00:20,650 - INFO - Waiting 13.8 seconds before requesting property 20519490...
2026-01-21 04:00:34,467 - INFO - Requesting property 20519490: https://www.fotocasa.es/es/comprar/obra-nueva/durango/20519490
2026-01-21 04:00:35,035 - INFO - Property 20519490 - advertiser.phone: 944680289
2026-01-21 04:00:35,035 - INFO - Found promotion ID: 2a13bc54-1a8a-47ff-abdb-c001a8e220d0, fetching tracking phone...
2026-01-21 04:00:35,603 - WARNING - Failed to get tracking phone for 2a13bc54-1a8a-47ff-abdb-c001a8e220d0: HTTP 403
2026-01-21 04:00:35,603 - INFO - Property 20519490 - publisher.phone: 944680289
2026-01-21 04:00:35,603 - INFO - Final phone for property 20519490: 944680289
2026-01-21 04:00:35,606 - INFO - SUCCESS: Property 20519490 - Phone: 944680289
2026-01-21 04:00:35,609 - INFO - 
[385/1020] Processing property 20524719...
2026-01-21 04:00:35,609 - INFO - Waiting 11.5 seconds before requesting property 20524719...
2026-01-21 04:00:47,068 - INFO - Requesting property 20524719: https://www.fotocasa.es/es/comprar/obra-nueva/malaga-capital/20524719
2026-01-21 04:00:47,594 - INFO - Property 20524719 - advertiser.phone: 951348713
2026-01-21 04:00:47,614 - INFO - Found promotion ID: 4736cdb2-840b-4a6f-afa7-43d755e4c1cc, fetching tracking phone...
2026-01-21 04:00:48,193 - WARNING - Failed to get tracking phone for 4736cdb2-840b-4a6f-afa7-43d755e4c1cc: HTTP 403
2026-01-21 04:00:48,194 - INFO - Property 20524719 - publisher.phone: 951348713
2026-01-21 04:00:48,194 - INFO - Final phone for property 20524719: 951348713
2026-01-21 04:00:48,196 - INFO - SUCCESS: Property 20524719 - Phone: 951348713
2026-01-21 04:00:48,199 - INFO - 
[386/1020] Processing property 20523397...
2026-01-21 04:00:48,200 - INFO - Waiting 12.6 seconds before requesting property 20523397...
2026-01-21 04:01:00,975 - INFO - Requesting property 20523397: https://www.fotocasa.es/es/comprar/obra-nueva/sagunto-sagunt/20523397
2026-01-21 04:01:02,258 - INFO - Property 20523397 - advertiser.phone: 961285842
2026-01-21 04:01:02,259 - INFO - Found promotion ID: 897ac9c7-f43e-4100-bf1c-26446d4bcbe9, fetching tracking phone...
2026-01-21 04:01:02,853 - WARNING - Failed to get tracking phone for 897ac9c7-f43e-4100-bf1c-26446d4bcbe9: HTTP 403
2026-01-21 04:01:02,853 - INFO - Property 20523397 - publisher.phone: 961285842
2026-01-21 04:01:02,853 - INFO - Final phone for property 20523397: 961285842
2026-01-21 04:01:02,854 - INFO - SUCCESS: Property 20523397 - Phone: 961285842
2026-01-21 04:01:02,857 - INFO - 
[387/1020] Processing property 20531665...
2026-01-21 04:01:02,858 - INFO - Waiting 13.1 seconds before requesting property 20531665...
2026-01-21 04:01:15,971 - INFO - Requesting property 20531665: https://www.fotocasa.es/es/comprar/obra-nueva/bellcaire-d-emporda/20531665
2026-01-21 04:01:16,737 - INFO - Property 20531665 - advertiser.phone: 930441839
2026-01-21 04:01:16,754 - INFO - Found promotion ID: 6e41126f-65f4-4082-819a-22c27819bb37, fetching tracking phone...
2026-01-21 04:01:17,329 - WARNING - Failed to get tracking phone for 6e41126f-65f4-4082-819a-22c27819bb37: HTTP 403
2026-01-21 04:01:17,329 - INFO - Property 20531665 - publisher.phone: 930441839
2026-01-21 04:01:17,330 - INFO - Final phone for property 20531665: 930441839
2026-01-21 04:01:17,331 - INFO - SUCCESS: Property 20531665 - Phone: 930441839
2026-01-21 04:01:17,334 - INFO - 
[388/1020] Processing property 20640775...
2026-01-21 04:01:17,334 - INFO - Waiting 14.8 seconds before requesting property 20640775...
2026-01-21 04:01:32,283 - INFO - Requesting property 20640775: https://www.fotocasa.es/es/comprar/obra-nueva/badajoz-capital/20640775
2026-01-21 04:01:32,835 - INFO - Property 20640775 - advertiser.phone: 924920461
2026-01-21 04:01:32,835 - INFO - Found promotion ID: 977708f1-8a54-480d-82d4-55e8356e0cbb, fetching tracking phone...
2026-01-21 04:01:33,334 - WARNING - Failed to get tracking phone for 977708f1-8a54-480d-82d4-55e8356e0cbb: HTTP 403
2026-01-21 04:01:33,334 - INFO - Property 20640775 - publisher.phone: 924920461
2026-01-21 04:01:33,335 - INFO - Final phone for property 20640775: 924920461
2026-01-21 04:01:33,337 - INFO - SUCCESS: Property 20640775 - Phone: 924920461
2026-01-21 04:01:33,340 - INFO - 
[389/1020] Processing property 20594226...
2026-01-21 04:01:33,340 - INFO - Waiting 11.1 seconds before requesting property 20594226...
2026-01-21 04:01:45,085 - INFO - Requesting property 20594226: https://www.fotocasa.es/es/comprar/obra-nueva/oiartzun/20594226
2026-01-21 04:01:46,717 - INFO - Property 20594226 - advertiser.phone: 943913019
2026-01-21 04:01:46,717 - INFO - Found promotion ID: 4737f972-98c0-46e8-952b-0ebb494fff3e, fetching tracking phone...
2026-01-21 04:01:47,332 - WARNING - Failed to get tracking phone for 4737f972-98c0-46e8-952b-0ebb494fff3e: HTTP 403
2026-01-21 04:01:47,431 - INFO - Property 20594226 - publisher.phone: 943913019
2026-01-21 04:01:47,452 - INFO - Final phone for property 20594226: 943913019
2026-01-21 04:01:47,458 - INFO - SUCCESS: Property 20594226 - Phone: 943913019
2026-01-21 04:01:47,466 - INFO - 
[390/1020] Processing property 20524946...
2026-01-21 04:01:47,476 - INFO - Waiting 10.7 seconds before requesting property 20524946...
2026-01-21 04:01:58,255 - INFO - Requesting property 20524946: https://www.fotocasa.es/es/comprar/obra-nueva/tomares/20524946
2026-01-21 04:02:01,488 - INFO - Property 20524946 - advertiser.phone: 954201709
2026-01-21 04:02:01,488 - INFO - Found promotion ID: 02fa1ea3-380f-4a73-a17c-1c97084bbae3, fetching tracking phone...
2026-01-21 04:02:02,232 - WARNING - Failed to get tracking phone for 02fa1ea3-380f-4a73-a17c-1c97084bbae3: HTTP 403
2026-01-21 04:02:02,239 - INFO - Property 20524946 - publisher.phone: 954201709
2026-01-21 04:02:02,248 - INFO - Final phone for property 20524946: 954201709
2026-01-21 04:02:02,288 - INFO - SUCCESS: Property 20524946 - Phone: 954201709
2026-01-21 04:02:02,513 - INFO - Progress: 390/1020 (38.2%)
2026-01-21 04:02:02,513 - INFO - Success: 387, Failed: 3
2026-01-21 04:02:02,513 - INFO - Estimated time remaining: 147.5 minutes
2026-01-21 04:02:02,514 - INFO - 
[391/1020] Processing property 20561183...
2026-01-21 04:02:02,514 - INFO - Waiting 12.0 seconds before requesting property 20561183...
2026-01-21 04:02:14,554 - INFO - Requesting property 20561183: https://www.fotocasa.es/es/comprar/obra-nueva/dos-hermanas/20561183
2026-01-21 04:02:15,663 - INFO - Property 20561183 - advertiser.phone: 954201803
2026-01-21 04:02:15,663 - INFO - Found promotion ID: a626f70c-fd91-43ed-a4dc-c3cdd21d5911, fetching tracking phone...
2026-01-21 04:02:16,685 - WARNING - Failed to get tracking phone for a626f70c-fd91-43ed-a4dc-c3cdd21d5911: HTTP 403
2026-01-21 04:02:16,832 - INFO - Property 20561183 - publisher.phone: 954201803
2026-01-21 04:02:16,832 - INFO - Final phone for property 20561183: 954201803
2026-01-21 04:02:16,835 - INFO - SUCCESS: Property 20561183 - Phone: 954201803
2026-01-21 04:02:16,839 - INFO - 
[392/1020] Processing property 20635396...
2026-01-21 04:02:16,839 - INFO - Waiting 10.9 seconds before requesting property 20635396...
2026-01-21 04:02:28,180 - INFO - Requesting property 20635396: https://www.fotocasa.es/es/comprar/obra-nueva/sevilla-capital/20635396
2026-01-21 04:02:31,278 - INFO - Property 20635396 - advertiser.phone: 954201803
2026-01-21 04:02:31,638 - INFO - Found promotion ID: 37426ed6-76ed-491b-9e2c-760b54a09a4c, fetching tracking phone...
2026-01-21 04:02:32,763 - WARNING - Failed to get tracking phone for 37426ed6-76ed-491b-9e2c-760b54a09a4c: HTTP 403
2026-01-21 04:02:32,763 - INFO - Property 20635396 - publisher.phone: 954201803
2026-01-21 04:02:32,763 - INFO - Final phone for property 20635396: 954201803
2026-01-21 04:02:32,766 - INFO - SUCCESS: Property 20635396 - Phone: 954201803
2026-01-21 04:02:32,769 - INFO - 
[393/1020] Processing property 20526341...
2026-01-21 04:02:32,770 - INFO - Waiting 12.1 seconds before requesting property 20526341...
2026-01-21 04:02:44,850 - INFO - Requesting property 20526341: https://www.fotocasa.es/es/comprar/obra-nueva/santa-cruz-de-bezana/20526341
2026-01-21 04:02:46,060 - INFO - Property 20526341 - advertiser.phone: 942382607
2026-01-21 04:02:46,106 - INFO - Found promotion ID: c95e8cf5-11a7-4d85-b2f0-3211b7a18189, fetching tracking phone...
2026-01-21 04:02:46,738 - WARNING - Failed to get tracking phone for c95e8cf5-11a7-4d85-b2f0-3211b7a18189: HTTP 403
2026-01-21 04:02:46,739 - INFO - Property 20526341 - publisher.phone: 942382607
2026-01-21 04:02:46,753 - INFO - Final phone for property 20526341: 942382607
2026-01-21 04:02:46,889 - INFO - SUCCESS: Property 20526341 - Phone: 942382607
2026-01-21 04:02:46,960 - INFO - 
[394/1020] Processing property 20526858...
2026-01-21 04:02:47,026 - INFO - Waiting 11.9 seconds before requesting property 20526858...
2026-01-21 04:02:59,224 - INFO - Requesting property 20526858: https://www.fotocasa.es/es/comprar/obra-nueva/pucol/20526858
2026-01-21 04:03:01,192 - INFO - Property 20526858 - advertiser.phone: 961287019
2026-01-21 04:03:01,193 - INFO - Found promotion ID: bb04666d-ee65-43e3-9346-81d3aa7b30fd, fetching tracking phone...
2026-01-21 04:03:02,228 - WARNING - Failed to get tracking phone for bb04666d-ee65-43e3-9346-81d3aa7b30fd: HTTP 403
2026-01-21 04:03:02,228 - INFO - Property 20526858 - publisher.phone: 961287019
2026-01-21 04:03:02,229 - INFO - Final phone for property 20526858: 961287019
2026-01-21 04:03:02,232 - INFO - SUCCESS: Property 20526858 - Phone: 961287019
2026-01-21 04:03:02,265 - INFO - 
[395/1020] Processing property 20513221...
2026-01-21 04:03:02,266 - INFO - Waiting 13.8 seconds before requesting property 20513221...
2026-01-21 04:03:16,078 - INFO - Requesting property 20513221: https://www.fotocasa.es/es/comprar/obra-nueva/malaga-capital/20513221
2026-01-21 04:03:17,295 - INFO - Property 20513221 - advertiser.phone: 951348192
2026-01-21 04:03:17,296 - INFO - Found promotion ID: 23a04443-6fd1-40a1-a2dc-34286c3f331a, fetching tracking phone...
2026-01-21 04:03:17,860 - WARNING - Failed to get tracking phone for 23a04443-6fd1-40a1-a2dc-34286c3f331a: HTTP 403
2026-01-21 04:03:17,860 - INFO - Property 20513221 - publisher.phone: 951348192
2026-01-21 04:03:17,860 - INFO - Final phone for property 20513221: 951348192
2026-01-21 04:03:17,862 - INFO - SUCCESS: Property 20513221 - Phone: 951348192
2026-01-21 04:03:17,865 - INFO - 
[396/1020] Processing property 20518068...
2026-01-21 04:03:17,865 - INFO - Waiting 11.8 seconds before requesting property 20518068...
2026-01-21 04:03:29,865 - INFO - Requesting property 20518068: https://www.fotocasa.es/es/comprar/obra-nueva/cisterniga/20518068
2026-01-21 04:03:32,369 - INFO - Property 20518068 - advertiser.phone: 983980178
2026-01-21 04:03:32,373 - INFO - Found promotion ID: e5b9b2dc-4773-428b-9822-d8642692428e, fetching tracking phone...
2026-01-21 04:03:32,815 - WARNING - Failed to get tracking phone for e5b9b2dc-4773-428b-9822-d8642692428e: HTTP 403
2026-01-21 04:03:32,816 - INFO - Property 20518068 - publisher.phone: 983980178
2026-01-21 04:03:32,816 - INFO - Final phone for property 20518068: 983980178
2026-01-21 04:03:32,817 - INFO - SUCCESS: Property 20518068 - Phone: 983980178
2026-01-21 04:03:32,822 - INFO - 
[397/1020] Processing property 20518064...
2026-01-21 04:03:32,823 - INFO - Waiting 13.8 seconds before requesting property 20518064...
2026-01-21 04:03:46,600 - INFO - Requesting property 20518064: https://www.fotocasa.es/es/comprar/obra-nueva/valladolid-capital/20518064
2026-01-21 04:03:47,483 - INFO - Property 20518064 - advertiser.phone: 983980178
2026-01-21 04:03:47,483 - INFO - Found promotion ID: b5b3a59c-2253-477b-ac9e-d3be9a5e9ad9, fetching tracking phone...
2026-01-21 04:03:48,059 - WARNING - Failed to get tracking phone for b5b3a59c-2253-477b-ac9e-d3be9a5e9ad9: HTTP 403
2026-01-21 04:03:48,059 - INFO - Property 20518064 - publisher.phone: 983980178
2026-01-21 04:03:48,059 - INFO - Final phone for property 20518064: 983980178
2026-01-21 04:03:48,061 - INFO - SUCCESS: Property 20518064 - Phone: 983980178
2026-01-21 04:03:48,063 - INFO - 
[398/1020] Processing property 20554949...
2026-01-21 04:03:48,063 - INFO - Waiting 10.6 seconds before requesting property 20554949...
2026-01-21 04:04:00,334 - INFO - Requesting property 20554949: https://www.fotocasa.es/es/comprar/obra-nueva/sevilla-capital/20554949
2026-01-21 04:04:02,564 - INFO - Property 20554949 - advertiser.phone: 910752145
2026-01-21 04:04:02,567 - INFO - Found promotion ID: 6952b944-fbb0-4a2d-9458-6f4c25251281, fetching tracking phone...
2026-01-21 04:04:03,432 - WARNING - Failed to get tracking phone for 6952b944-fbb0-4a2d-9458-6f4c25251281: HTTP 403
2026-01-21 04:04:03,432 - INFO - Property 20554949 - publisher.phone: 910752145
2026-01-21 04:04:03,432 - INFO - Final phone for property 20554949: 910752145
2026-01-21 04:04:03,434 - INFO - SUCCESS: Property 20554949 - Phone: 910752145
2026-01-21 04:04:03,437 - INFO - 
[399/1020] Processing property 20536369...
2026-01-21 04:04:03,437 - INFO - Waiting 10.8 seconds before requesting property 20536369...
2026-01-21 04:04:14,233 - INFO - Requesting property 20536369: https://www.fotocasa.es/es/comprar/obra-nueva/eivissa/20536369
2026-01-21 04:04:15,591 - INFO - Property 20536369 - advertiser.phone: 930441278
2026-01-21 04:04:15,706 - INFO - Found promotion ID: 01a786b5-eec3-48b6-a44a-c499f837e367, fetching tracking phone...
2026-01-21 04:04:16,397 - WARNING - Failed to get tracking phone for 01a786b5-eec3-48b6-a44a-c499f837e367: HTTP 403
2026-01-21 04:04:16,397 - INFO - Property 20536369 - publisher.phone: 930441278
2026-01-21 04:04:16,397 - INFO - Final phone for property 20536369: 930441278
2026-01-21 04:04:16,398 - INFO - SUCCESS: Property 20536369 - Phone: 930441278
2026-01-21 04:04:16,403 - INFO - 
[400/1020] Processing property 20564226...
2026-01-21 04:04:16,403 - INFO - Waiting 11.7 seconds before requesting property 20564226...
2026-01-21 04:04:28,210 - INFO - Requesting property 20564226: https://www.fotocasa.es/es/comprar/obra-nueva/pineda-de-mar/20564226
2026-01-21 04:04:29,844 - INFO - Property 20564226 - advertiser.phone: 930441963
2026-01-21 04:04:29,844 - INFO - Found promotion ID: 6e8c012d-4baa-4c81-8852-8046de9e92a1, fetching tracking phone...
2026-01-21 04:04:30,780 - WARNING - Failed to get tracking phone for 6e8c012d-4baa-4c81-8852-8046de9e92a1: HTTP 403
2026-01-21 04:04:30,780 - INFO - Property 20564226 - publisher.phone: 930441963
2026-01-21 04:04:30,780 - INFO - Final phone for property 20564226: 930441963
2026-01-21 04:04:30,782 - INFO - SUCCESS: Property 20564226 - Phone: 930441963
2026-01-21 04:04:30,786 - INFO - Progress: 400/1020 (39.2%)
2026-01-21 04:04:30,786 - INFO - Success: 397, Failed: 3
2026-01-21 04:04:30,787 - INFO - Estimated time remaining: 145.3 minutes
2026-01-21 04:04:30,787 - INFO - 
[401/1020] Processing property 20561767...
2026-01-21 04:04:30,788 - INFO - Waiting 14.8 seconds before requesting property 20561767...
2026-01-21 04:04:45,627 - INFO - Requesting property 20561767: https://www.fotocasa.es/es/comprar/obra-nueva/granada-capital/20561767
2026-01-21 04:04:46,248 - INFO - Property 20561767 - advertiser.phone: 954201803
2026-01-21 04:04:46,248 - INFO - Found promotion ID: a50df35a-3f0d-4e6b-b992-b01fc3f24340, fetching tracking phone...
2026-01-21 04:04:46,795 - WARNING - Failed to get tracking phone for a50df35a-3f0d-4e6b-b992-b01fc3f24340: HTTP 403
2026-01-21 04:04:46,796 - INFO - Property 20561767 - publisher.phone: 954201803
2026-01-21 04:04:46,796 - INFO - Final phone for property 20561767: 954201803
2026-01-21 04:04:46,797 - INFO - SUCCESS: Property 20561767 - Phone: 954201803
2026-01-21 04:04:46,800 - INFO - 
[402/1020] Processing property 20561581...
2026-01-21 04:04:46,801 - INFO - Waiting 11.8 seconds before requesting property 20561581...
2026-01-21 04:04:58,836 - INFO - Requesting property 20561581: https://www.fotocasa.es/es/comprar/obra-nueva/mairena-del-aljarafe/20561581
2026-01-21 04:04:59,987 - INFO - Property 20561581 - advertiser.phone: 954201803
2026-01-21 04:04:59,987 - INFO - Found promotion ID: 09e7cb65-4350-4427-9e52-4d95bb09df46, fetching tracking phone...
2026-01-21 04:05:00,654 - WARNING - Failed to get tracking phone for 09e7cb65-4350-4427-9e52-4d95bb09df46: HTTP 403
2026-01-21 04:05:00,654 - INFO - Property 20561581 - publisher.phone: 954201803
2026-01-21 04:05:00,655 - INFO - Final phone for property 20561581: 954201803
2026-01-21 04:05:00,657 - INFO - SUCCESS: Property 20561581 - Phone: 954201803
2026-01-21 04:05:00,660 - INFO - 
[403/1020] Processing property 20536361...
2026-01-21 04:05:00,660 - INFO - Waiting 10.5 seconds before requesting property 20536361...
2026-01-21 04:05:11,282 - INFO - Requesting property 20536361: https://www.fotocasa.es/es/comprar/obra-nueva/eivissa/20536361
2026-01-21 04:05:12,113 - INFO - Property 20536361 - advertiser.phone: 910752145
2026-01-21 04:05:12,158 - INFO - Found promotion ID: eccd0393-2282-4ae6-95a6-39f15c657d51, fetching tracking phone...
2026-01-21 04:05:12,979 - WARNING - Failed to get tracking phone for eccd0393-2282-4ae6-95a6-39f15c657d51: HTTP 403
2026-01-21 04:05:13,062 - INFO - Property 20536361 - publisher.phone: 910752145
2026-01-21 04:05:13,067 - INFO - Final phone for property 20536361: 910752145
2026-01-21 04:05:13,070 - INFO - SUCCESS: Property 20536361 - Phone: 910752145
2026-01-21 04:05:13,162 - INFO - 
[404/1020] Processing property 20523318...
2026-01-21 04:05:13,208 - INFO - Waiting 10.2 seconds before requesting property 20523318...
2026-01-21 04:05:23,410 - INFO - Requesting property 20523318: https://www.fotocasa.es/es/comprar/obra-nueva/lleida-capital/20523318
2026-01-21 04:05:24,088 - INFO - Property 20523318 - advertiser.phone: 973811536
2026-01-21 04:05:24,088 - INFO - Found promotion ID: 939cebd3-5f44-4a08-8374-e018389a21a7, fetching tracking phone...
2026-01-21 04:05:24,676 - WARNING - Failed to get tracking phone for 939cebd3-5f44-4a08-8374-e018389a21a7: HTTP 403
2026-01-21 04:05:24,676 - INFO - Property 20523318 - publisher.phone: 973811536
2026-01-21 04:05:24,676 - INFO - Final phone for property 20523318: 973811536
2026-01-21 04:05:24,679 - INFO - SUCCESS: Property 20523318 - Phone: 973811536
2026-01-21 04:05:24,682 - INFO - 
[405/1020] Processing property 20514245...
2026-01-21 04:05:24,683 - INFO - Waiting 11.9 seconds before requesting property 20514245...
2026-01-21 04:05:36,579 - INFO - Requesting property 20514245: https://www.fotocasa.es/es/comprar/obra-nueva/alhaurin-de-la-torre/20514245
2026-01-21 04:05:37,141 - INFO - Property 20514245 - advertiser.phone: 951348265
2026-01-21 04:05:37,142 - INFO - Found promotion ID: 55239f05-fd44-4292-89a8-37818605ae5a, fetching tracking phone...
2026-01-21 04:05:37,676 - WARNING - Failed to get tracking phone for 55239f05-fd44-4292-89a8-37818605ae5a: HTTP 403
2026-01-21 04:05:37,676 - INFO - Property 20514245 - publisher.phone: 951348265
2026-01-21 04:05:37,676 - INFO - Final phone for property 20514245: 951348265
2026-01-21 04:05:37,677 - INFO - SUCCESS: Property 20514245 - Phone: 951348265
2026-01-21 04:05:37,680 - INFO - 
[406/1020] Processing property 20630629...
2026-01-21 04:05:37,681 - INFO - Waiting 11.4 seconds before requesting property 20630629...
2026-01-21 04:05:49,097 - INFO - Requesting property 20630629: https://www.fotocasa.es/es/comprar/obra-nueva/murcia-capital/20630629
2026-01-21 04:05:49,713 - INFO - Property 20630629 - advertiser.phone: 968912252
2026-01-21 04:05:49,714 - INFO - Found promotion ID: 536e919b-6611-4234-a152-bb6ee0e4d983, fetching tracking phone...
2026-01-21 04:05:50,210 - WARNING - Failed to get tracking phone for 536e919b-6611-4234-a152-bb6ee0e4d983: HTTP 403
2026-01-21 04:05:50,210 - INFO - Property 20630629 - publisher.phone: 968912252
2026-01-21 04:05:50,210 - INFO - Final phone for property 20630629: 968912252
2026-01-21 04:05:50,211 - INFO - SUCCESS: Property 20630629 - Phone: 968912252
2026-01-21 04:05:50,215 - INFO - 
[407/1020] Processing property 20602714...
2026-01-21 04:05:50,215 - INFO - Waiting 10.6 seconds before requesting property 20602714...
2026-01-21 04:06:00,819 - INFO - Requesting property 20602714: https://www.fotocasa.es/es/comprar/obra-nueva/vilafranca-del-penedes/20602714
2026-01-21 04:06:01,384 - INFO - Property 20602714 - advertiser.phone: 931322135
2026-01-21 04:06:01,384 - INFO - Found promotion ID: b62611a1-5b13-48e7-9726-1ba21c16ec8e, fetching tracking phone...
2026-01-21 04:06:01,985 - WARNING - Failed to get tracking phone for b62611a1-5b13-48e7-9726-1ba21c16ec8e: HTTP 403
2026-01-21 04:06:01,985 - INFO - Property 20602714 - publisher.phone: 931322135
2026-01-21 04:06:01,985 - INFO - Final phone for property 20602714: 931322135
2026-01-21 04:06:01,987 - INFO - SUCCESS: Property 20602714 - Phone: 931322135
2026-01-21 04:06:01,990 - INFO - 
[408/1020] Processing property 20622182...
2026-01-21 04:06:01,991 - INFO - Waiting 12.7 seconds before requesting property 20622182...
2026-01-21 04:06:14,666 - INFO - Requesting property 20622182: https://www.fotocasa.es/es/comprar/obra-nueva/sariegos/20622182
2026-01-21 04:06:15,189 - INFO - Property 20622182 - advertiser.phone: 931321608
2026-01-21 04:06:15,190 - INFO - Found promotion ID: 7b2b9941-8513-48b5-914c-69b7ea2f45d4, fetching tracking phone...
2026-01-21 04:06:15,810 - WARNING - Failed to get tracking phone for 7b2b9941-8513-48b5-914c-69b7ea2f45d4: HTTP 403
2026-01-21 04:06:15,810 - INFO - Property 20622182 - publisher.phone: 931321608
2026-01-21 04:06:15,811 - INFO - Final phone for property 20622182: 931321608
2026-01-21 04:06:15,812 - INFO - SUCCESS: Property 20622182 - Phone: 931321608
2026-01-21 04:06:15,817 - INFO - 
[409/1020] Processing property 20622259...
2026-01-21 04:06:15,818 - INFO - Waiting 10.9 seconds before requesting property 20622259...
2026-01-21 04:06:27,626 - INFO - Requesting property 20622259: https://www.fotocasa.es/es/comprar/obra-nueva/leon-capital/20622259
2026-01-21 04:06:30,500 - INFO - Property 20622259 - advertiser.phone: 987321825
2026-01-21 04:06:30,534 - INFO - Found promotion ID: 56271a4a-e2cf-400c-8748-95cd799d8b51, fetching tracking phone...
2026-01-21 04:06:31,069 - WARNING - Failed to get tracking phone for 56271a4a-e2cf-400c-8748-95cd799d8b51: HTTP 403
2026-01-21 04:06:31,069 - INFO - Property 20622259 - publisher.phone: 987321825
2026-01-21 04:06:31,069 - INFO - Final phone for property 20622259: 987321825
2026-01-21 04:06:31,071 - INFO - SUCCESS: Property 20622259 - Phone: 987321825
2026-01-21 04:06:31,074 - INFO - 
[410/1020] Processing property 20564890...
2026-01-21 04:06:31,075 - INFO - Waiting 14.1 seconds before requesting property 20564890...
2026-01-21 04:06:45,194 - INFO - Requesting property 20564890: https://www.fotocasa.es/es/comprar/obra-nueva/sevilla-capital/20564890
2026-01-21 04:06:45,912 - INFO - Property 20564890 - advertiser.phone: 954201803
2026-01-21 04:06:45,912 - INFO - Found promotion ID: 017f969b-6be3-444a-8e0c-390511d12dcf, fetching tracking phone...
2026-01-21 04:06:46,464 - WARNING - Failed to get tracking phone for 017f969b-6be3-444a-8e0c-390511d12dcf: HTTP 403
2026-01-21 04:06:46,464 - INFO - Property 20564890 - publisher.phone: 954201803
2026-01-21 04:06:46,464 - INFO - Final phone for property 20564890: 954201803
2026-01-21 04:06:46,466 - INFO - SUCCESS: Property 20564890 - Phone: 954201803
2026-01-21 04:06:46,469 - INFO - Progress: 410/1020 (40.2%)
2026-01-21 04:06:46,470 - INFO - Success: 407, Failed: 3
2026-01-21 04:06:46,470 - INFO - Estimated time remaining: 142.9 minutes
2026-01-21 04:06:46,470 - INFO - 
[411/1020] Processing property 20561571...
2026-01-21 04:06:46,471 - INFO - Waiting 12.0 seconds before requesting property 20561571...
2026-01-21 04:06:58,725 - INFO - Requesting property 20561571: https://www.fotocasa.es/es/comprar/obra-nueva/valencia-capital/20561571
2026-01-21 04:07:00,260 - INFO - Property 20561571 - advertiser.phone: 954201803
2026-01-21 04:07:00,261 - INFO - Found promotion ID: b15980c7-bcdb-4ebe-8434-8c9d5c042cd7, fetching tracking phone...
2026-01-21 04:07:00,851 - WARNING - Failed to get tracking phone for b15980c7-bcdb-4ebe-8434-8c9d5c042cd7: HTTP 403
2026-01-21 04:07:00,852 - INFO - Property 20561571 - publisher.phone: 954201803
2026-01-21 04:07:00,852 - INFO - Final phone for property 20561571: 954201803
2026-01-21 04:07:00,855 - INFO - SUCCESS: Property 20561571 - Phone: 954201803
2026-01-21 04:07:00,858 - INFO - 
[412/1020] Processing property 20561579...
2026-01-21 04:07:00,859 - INFO - Waiting 12.9 seconds before requesting property 20561579...
2026-01-21 04:07:13,793 - INFO - Requesting property 20561579: https://www.fotocasa.es/es/comprar/obra-nueva/mairena-del-aljarafe/20561579
2026-01-21 04:07:14,391 - INFO - Property 20561579 - advertiser.phone: 954201803
2026-01-21 04:07:14,532 - INFO - Found promotion ID: 094a573d-aba2-4c5b-9a80-8f45c62def8c, fetching tracking phone...
2026-01-21 04:07:15,039 - WARNING - Failed to get tracking phone for 094a573d-aba2-4c5b-9a80-8f45c62def8c: HTTP 403
2026-01-21 04:07:15,039 - INFO - Property 20561579 - publisher.phone: 954201803
2026-01-21 04:07:15,042 - INFO - Final phone for property 20561579: 954201803
2026-01-21 04:07:15,044 - INFO - SUCCESS: Property 20561579 - Phone: 954201803
2026-01-21 04:07:15,058 - INFO - 
[413/1020] Processing property 20561186...
2026-01-21 04:07:15,078 - INFO - Waiting 10.7 seconds before requesting property 20561186...
2026-01-21 04:07:26,012 - INFO - Requesting property 20561186: https://www.fotocasa.es/es/comprar/obra-nueva/marratxi/20561186
2026-01-21 04:07:27,934 - INFO - Property 20561186 - advertiser.phone: 954201803
2026-01-21 04:07:27,934 - INFO - Found promotion ID: 7595ca29-ce17-4b34-802a-c2467e2e9da3, fetching tracking phone...
2026-01-21 04:07:30,247 - WARNING - Failed to get tracking phone for 7595ca29-ce17-4b34-802a-c2467e2e9da3: HTTP 403
2026-01-21 04:07:30,248 - INFO - Property 20561186 - publisher.phone: 954201803
2026-01-21 04:07:30,248 - INFO - Final phone for property 20561186: 954201803
2026-01-21 04:07:30,250 - INFO - SUCCESS: Property 20561186 - Phone: 954201803
2026-01-21 04:07:30,253 - INFO - 
[414/1020] Processing property 20561187...
2026-01-21 04:07:30,253 - INFO - Waiting 12.1 seconds before requesting property 20561187...
2026-01-21 04:07:42,350 - INFO - Requesting property 20561187: https://www.fotocasa.es/es/comprar/obra-nueva/paterna/20561187
2026-01-21 04:07:42,987 - INFO - Property 20561187 - advertiser.phone: 954201803
2026-01-21 04:07:42,988 - INFO - Found promotion ID: f25fe3ce-ca56-4193-b689-5a1c84d10733, fetching tracking phone...
2026-01-21 04:07:43,518 - WARNING - Failed to get tracking phone for f25fe3ce-ca56-4193-b689-5a1c84d10733: HTTP 403
2026-01-21 04:07:43,518 - INFO - Property 20561187 - publisher.phone: 954201803
2026-01-21 04:07:43,518 - INFO - Final phone for property 20561187: 954201803
2026-01-21 04:07:43,520 - INFO - SUCCESS: Property 20561187 - Phone: 954201803
2026-01-21 04:07:43,523 - INFO - 
[415/1020] Processing property 20560455...
2026-01-21 04:07:43,523 - INFO - Waiting 10.5 seconds before requesting property 20560455...
2026-01-21 04:07:54,034 - INFO - Requesting property 20560455: https://www.fotocasa.es/es/comprar/obra-nueva/mungia/20560455
2026-01-21 04:07:54,527 - INFO - Property 20560455 - advertiser.phone: 954201803
2026-01-21 04:07:54,527 - INFO - Found promotion ID: 50e15e6b-c358-4e96-89d0-e31bd6002ab4, fetching tracking phone...
2026-01-21 04:07:55,059 - WARNING - Failed to get tracking phone for 50e15e6b-c358-4e96-89d0-e31bd6002ab4: HTTP 403
2026-01-21 04:07:55,060 - INFO - Property 20560455 - publisher.phone: 954201803
2026-01-21 04:07:55,060 - INFO - Final phone for property 20560455: 954201803
2026-01-21 04:07:55,062 - INFO - SUCCESS: Property 20560455 - Phone: 954201803
2026-01-21 04:07:55,064 - INFO - 
[416/1020] Processing property 20561580...
2026-01-21 04:07:55,064 - INFO - Waiting 13.5 seconds before requesting property 20561580...
2026-01-21 04:08:08,544 - INFO - Requesting property 20561580: https://www.fotocasa.es/es/comprar/obra-nueva/sevilla-capital/20561580
2026-01-21 04:08:08,969 - INFO - Property 20561580 - advertiser.phone: 954201803
2026-01-21 04:08:08,969 - INFO - Found promotion ID: 6642622b-4d89-45cc-92bf-4576bac6aa8a, fetching tracking phone...
2026-01-21 04:08:09,364 - WARNING - Failed to get tracking phone for 6642622b-4d89-45cc-92bf-4576bac6aa8a: HTTP 403
2026-01-21 04:08:09,364 - INFO - Property 20561580 - publisher.phone: 954201803
2026-01-21 04:08:09,364 - INFO - Final phone for property 20561580: 954201803
2026-01-21 04:08:09,366 - INFO - SUCCESS: Property 20561580 - Phone: 954201803
2026-01-21 04:08:09,367 - INFO - 
[417/1020] Processing property 20561585...
2026-01-21 04:08:09,369 - INFO - Waiting 11.4 seconds before requesting property 20561585...
2026-01-21 04:08:21,154 - INFO - Requesting property 20561585: https://www.fotocasa.es/es/comprar/obra-nueva/godella/20561585
2026-01-21 04:08:21,775 - INFO - Property 20561585 - advertiser.phone: 954201803
2026-01-21 04:08:21,775 - INFO - Found promotion ID: b0215ef4-db5d-4134-9f75-ab2be51ab987, fetching tracking phone...
2026-01-21 04:08:22,228 - WARNING - Failed to get tracking phone for b0215ef4-db5d-4134-9f75-ab2be51ab987: HTTP 403
2026-01-21 04:08:22,228 - INFO - Property 20561585 - publisher.phone: 954201803
2026-01-21 04:08:22,228 - INFO - Final phone for property 20561585: 954201803
2026-01-21 04:08:22,230 - INFO - SUCCESS: Property 20561585 - Phone: 954201803
2026-01-21 04:08:22,232 - INFO - 
[418/1020] Processing property 20564126...
2026-01-21 04:08:22,232 - INFO - Waiting 13.3 seconds before requesting property 20564126...
2026-01-21 04:08:35,661 - INFO - Requesting property 20564126: https://www.fotocasa.es/es/comprar/obra-nueva/murcia-capital/20564126
2026-01-21 04:08:36,351 - INFO - Property 20564126 - advertiser.phone: 954201803
2026-01-21 04:08:36,352 - INFO - Found promotion ID: abd88a0b-9f51-4008-940f-7f0c3dcdc0ea, fetching tracking phone...
2026-01-21 04:08:36,796 - WARNING - Failed to get tracking phone for abd88a0b-9f51-4008-940f-7f0c3dcdc0ea: HTTP 403
2026-01-21 04:08:36,797 - INFO - Property 20564126 - publisher.phone: 954201803
2026-01-21 04:08:36,798 - INFO - Final phone for property 20564126: 954201803
2026-01-21 04:08:36,852 - INFO - SUCCESS: Property 20564126 - Phone: 954201803
2026-01-21 04:08:36,930 - INFO - 
[419/1020] Processing property 20561587...
2026-01-21 04:08:36,931 - INFO - Waiting 12.1 seconds before requesting property 20561587...
2026-01-21 04:08:49,015 - INFO - Requesting property 20561587: https://www.fotocasa.es/es/comprar/obra-nueva/estepona/20561587
2026-01-21 04:08:50,656 - INFO - Property 20561587 - advertiser.phone: 954201803
2026-01-21 04:08:50,701 - INFO - Found promotion ID: 25a65e49-43fe-4e11-919f-258c8bd07207, fetching tracking phone...
2026-01-21 04:08:51,343 - WARNING - Failed to get tracking phone for 25a65e49-43fe-4e11-919f-258c8bd07207: HTTP 403
2026-01-21 04:08:51,346 - INFO - Property 20561587 - publisher.phone: 954201803
2026-01-21 04:08:51,347 - INFO - Final phone for property 20561587: 954201803
2026-01-21 04:08:51,378 - INFO - SUCCESS: Property 20561587 - Phone: 954201803
2026-01-21 04:08:51,389 - INFO - 
[420/1020] Processing property 20561591...
2026-01-21 04:08:51,390 - INFO - Waiting 15.0 seconds before requesting property 20561591...
2026-01-21 04:09:06,387 - INFO - Requesting property 20561591: https://www.fotocasa.es/es/comprar/obra-nueva/marbella/20561591
2026-01-21 04:09:07,134 - INFO - Property 20561591 - advertiser.phone: 954201803
2026-01-21 04:09:07,134 - INFO - Found promotion ID: 71f98893-dfaa-4c5c-9436-685fd7b523df, fetching tracking phone...
2026-01-21 04:09:07,674 - WARNING - Failed to get tracking phone for 71f98893-dfaa-4c5c-9436-685fd7b523df: HTTP 403
2026-01-21 04:09:07,674 - INFO - Property 20561591 - publisher.phone: 954201803
2026-01-21 04:09:07,675 - INFO - Final phone for property 20561591: 954201803
2026-01-21 04:09:07,676 - INFO - SUCCESS: Property 20561591 - Phone: 954201803
2026-01-21 04:09:07,679 - INFO - Progress: 420/1020 (41.2%)
2026-01-21 04:09:07,680 - INFO - Success: 417, Failed: 3
2026-01-21 04:09:07,680 - INFO - Estimated time remaining: 140.5 minutes
2026-01-21 04:09:07,680 - INFO - 
[421/1020] Processing property 20524938...
2026-01-21 04:09:07,680 - INFO - Waiting 12.9 seconds before requesting property 20524938...
2026-01-21 04:09:20,807 - INFO - Requesting property 20524938: https://www.fotocasa.es/es/comprar/obra-nueva/tomares/20524938
2026-01-21 04:09:21,816 - INFO - Property 20524938 - advertiser.phone: 954201709
2026-01-21 04:09:21,825 - INFO - Found promotion ID: df230221-bfc7-4ffd-9866-60394b48b85b, fetching tracking phone...
2026-01-21 04:09:22,376 - WARNING - Failed to get tracking phone for df230221-bfc7-4ffd-9866-60394b48b85b: HTTP 403
2026-01-21 04:09:22,377 - INFO - Property 20524938 - publisher.phone: 954201709
2026-01-21 04:09:22,378 - INFO - Final phone for property 20524938: 954201709
2026-01-21 04:09:22,380 - INFO - SUCCESS: Property 20524938 - Phone: 954201709
2026-01-21 04:09:22,383 - INFO - 
[422/1020] Processing property 20520981...
2026-01-21 04:09:22,383 - INFO - Waiting 11.0 seconds before requesting property 20520981...
2026-01-21 04:09:33,424 - INFO - Requesting property 20520981: https://www.fotocasa.es/es/comprar/obra-nueva/dos-hermanas/20520981
2026-01-21 04:09:33,881 - INFO - Property 20520981 - advertiser.phone: 954201679
2026-01-21 04:09:33,882 - INFO - Found promotion ID: 854ec8e7-80ab-4597-a6dc-333773a3342a, fetching tracking phone...
2026-01-21 04:09:34,411 - WARNING - Failed to get tracking phone for 854ec8e7-80ab-4597-a6dc-333773a3342a: HTTP 403
2026-01-21 04:09:34,411 - INFO - Property 20520981 - publisher.phone: 954201679
2026-01-21 04:09:34,413 - INFO - Final phone for property 20520981: 954201679
2026-01-21 04:09:34,414 - INFO - SUCCESS: Property 20520981 - Phone: 954201679
2026-01-21 04:09:34,416 - INFO - 
[423/1020] Processing property 20558420...
2026-01-21 04:09:34,418 - INFO - Waiting 12.4 seconds before requesting property 20558420...
2026-01-21 04:09:46,836 - INFO - Requesting property 20558420: https://www.fotocasa.es/es/comprar/obra-nueva/terrassa/20558420
2026-01-21 04:09:47,308 - INFO - Property 20558420 - advertiser.phone: 930443476
2026-01-21 04:09:47,309 - INFO - Found promotion ID: aa694e1f-f4e8-4f9c-b7f4-e71f4d42b5f7, fetching tracking phone...
2026-01-21 04:09:47,726 - WARNING - Failed to get tracking phone for aa694e1f-f4e8-4f9c-b7f4-e71f4d42b5f7: HTTP 403
2026-01-21 04:09:47,727 - INFO - Property 20558420 - publisher.phone: 930443476
2026-01-21 04:09:47,727 - INFO - Final phone for property 20558420: 930443476
2026-01-21 04:09:47,729 - INFO - SUCCESS: Property 20558420 - Phone: 930443476
2026-01-21 04:09:47,731 - INFO - 
[424/1020] Processing property 20581892...
2026-01-21 04:09:47,732 - INFO - Waiting 13.9 seconds before requesting property 20581892...
2026-01-21 04:10:01,600 - INFO - Requesting property 20581892: https://www.fotocasa.es/es/comprar/obra-nueva/terrassa/20581892
2026-01-21 04:10:02,188 - INFO - Property 20581892 - advertiser.phone: 930443476
2026-01-21 04:10:02,188 - INFO - Found promotion ID: 35e9f933-f7c0-4872-919d-076aad76e3d3, fetching tracking phone...
2026-01-21 04:10:02,722 - WARNING - Failed to get tracking phone for 35e9f933-f7c0-4872-919d-076aad76e3d3: HTTP 403
2026-01-21 04:10:02,723 - INFO - Property 20581892 - publisher.phone: 930443476
2026-01-21 04:10:02,723 - INFO - Final phone for property 20581892: 930443476
2026-01-21 04:10:02,723 - INFO - SUCCESS: Property 20581892 - Phone: 930443476
2026-01-21 04:10:02,726 - INFO - 
[425/1020] Processing property 20525000...
2026-01-21 04:10:02,727 - INFO - Waiting 15.0 seconds before requesting property 20525000...
2026-01-21 04:10:17,682 - INFO - Requesting property 20525000: https://www.fotocasa.es/es/comprar/obra-nueva/dos-hermanas/20525000
2026-01-21 04:10:18,165 - INFO - Property 20525000 - advertiser.phone: 954201726
2026-01-21 04:10:18,165 - INFO - Found promotion ID: 90ffed3d-6169-4c1a-9a9f-7861daebc161, fetching tracking phone...
2026-01-21 04:10:18,694 - WARNING - Failed to get tracking phone for 90ffed3d-6169-4c1a-9a9f-7861daebc161: HTTP 403
2026-01-21 04:10:18,694 - INFO - Property 20525000 - publisher.phone: 954201726
2026-01-21 04:10:18,694 - INFO - Final phone for property 20525000: 954201726
2026-01-21 04:10:18,695 - INFO - SUCCESS: Property 20525000 - Phone: 954201726
2026-01-21 04:10:18,700 - INFO - 
[426/1020] Processing property 20524999...
2026-01-21 04:10:18,700 - INFO - Waiting 14.5 seconds before requesting property 20524999...
2026-01-21 04:10:33,222 - INFO - Requesting property 20524999: https://www.fotocasa.es/es/comprar/obra-nueva/dos-hermanas/20524999
2026-01-21 04:10:33,788 - INFO - Property 20524999 - advertiser.phone: 954201726
2026-01-21 04:10:33,788 - INFO - Found promotion ID: 5184b78f-abb3-4f38-aee1-8e173aa85656, fetching tracking phone...
2026-01-21 04:10:34,147 - WARNING - Failed to get tracking phone for 5184b78f-abb3-4f38-aee1-8e173aa85656: HTTP 403
2026-01-21 04:10:34,148 - INFO - Property 20524999 - publisher.phone: 954201726
2026-01-21 04:10:34,148 - INFO - Final phone for property 20524999: 954201726
2026-01-21 04:10:34,150 - INFO - SUCCESS: Property 20524999 - Phone: 954201726
2026-01-21 04:10:34,152 - INFO - 
[427/1020] Processing property 20626704...
2026-01-21 04:10:34,152 - INFO - Waiting 11.1 seconds before requesting property 20626704...
2026-01-21 04:10:45,251 - INFO - Requesting property 20626704: https://www.fotocasa.es/es/comprar/obra-nueva/viladecans/20626704
2026-01-21 04:10:45,813 - INFO - Property 20626704 - advertiser.phone: 954201803
2026-01-21 04:10:45,813 - INFO - Found promotion ID: 9e154f32-0a30-491e-ac1e-3531616b3af7, fetching tracking phone...
2026-01-21 04:10:46,235 - WARNING - Failed to get tracking phone for 9e154f32-0a30-491e-ac1e-3531616b3af7: HTTP 403
2026-01-21 04:10:46,235 - INFO - Property 20626704 - publisher.phone: 954201803
2026-01-21 04:10:46,236 - INFO - Final phone for property 20626704: 954201803
2026-01-21 04:10:46,237 - INFO - SUCCESS: Property 20626704 - Phone: 954201803
2026-01-21 04:10:46,239 - INFO - 
[428/1020] Processing property 20621408...
2026-01-21 04:10:46,240 - INFO - Waiting 10.0 seconds before requesting property 20621408...
2026-01-21 04:10:56,271 - INFO - Requesting property 20621408: https://www.fotocasa.es/es/comprar/obra-nueva/valladolid-capital/20621408
2026-01-21 04:10:56,855 - INFO - Property 20621408 - advertiser.phone: 983980186
2026-01-21 04:10:56,855 - INFO - Found promotion ID: b95a84a9-3798-42b1-b5fe-a72ef0751114, fetching tracking phone...
2026-01-21 04:10:57,387 - WARNING - Failed to get tracking phone for b95a84a9-3798-42b1-b5fe-a72ef0751114: HTTP 403
2026-01-21 04:10:57,387 - INFO - Property 20621408 - publisher.phone: 983980186
2026-01-21 04:10:57,388 - INFO - Final phone for property 20621408: 983980186
2026-01-21 04:10:57,389 - INFO - SUCCESS: Property 20621408 - Phone: 983980186
2026-01-21 04:10:57,391 - INFO - 
[429/1020] Processing property 20620561...
2026-01-21 04:10:57,391 - INFO - Waiting 10.4 seconds before requesting property 20620561...
2026-01-21 04:11:07,786 - INFO - Requesting property 20620561: https://www.fotocasa.es/es/comprar/obra-nueva/barbera-del-valles/20620561
2026-01-21 04:11:08,644 - INFO - Property 20620561 - advertiser.phone: 954201803
2026-01-21 04:11:08,647 - INFO - Found promotion ID: 69ae7df9-f971-4d78-9ca1-ae8342cb07f5, fetching tracking phone...
2026-01-21 04:11:09,143 - WARNING - Failed to get tracking phone for 69ae7df9-f971-4d78-9ca1-ae8342cb07f5: HTTP 403
2026-01-21 04:11:09,143 - INFO - Property 20620561 - publisher.phone: 954201803
2026-01-21 04:11:09,143 - INFO - Final phone for property 20620561: 954201803
2026-01-21 04:11:09,145 - INFO - SUCCESS: Property 20620561 - Phone: 954201803
2026-01-21 04:11:09,148 - INFO - 
[430/1020] Processing property 20578870...
2026-01-21 04:11:09,149 - INFO - Waiting 11.4 seconds before requesting property 20578870...
2026-01-21 04:11:20,531 - INFO - Requesting property 20578870: https://www.fotocasa.es/es/comprar/obra-nueva/noja/20578870
2026-01-21 04:11:21,199 - INFO - Property 20578870 - advertiser.phone: 942382507
2026-01-21 04:11:21,199 - INFO - Found promotion ID: 4a96854a-0acf-4a0c-88bd-e2c35694174b, fetching tracking phone...
2026-01-21 04:11:21,779 - WARNING - Failed to get tracking phone for 4a96854a-0acf-4a0c-88bd-e2c35694174b: HTTP 403
2026-01-21 04:11:21,779 - INFO - Property 20578870 - publisher.phone: 942382507
2026-01-21 04:11:21,779 - INFO - Final phone for property 20578870: 942382507
2026-01-21 04:11:21,781 - INFO - SUCCESS: Property 20578870 - Phone: 942382507
2026-01-21 04:11:21,784 - INFO - Progress: 430/1020 (42.2%)
2026-01-21 04:11:21,784 - INFO - Success: 427, Failed: 3
2026-01-21 04:11:21,785 - INFO - Estimated time remaining: 138.1 minutes
2026-01-21 04:11:21,791 - INFO - 
[431/1020] Processing property 20624061...
2026-01-21 04:11:21,793 - INFO - Waiting 12.3 seconds before requesting property 20624061...
2026-01-21 04:11:34,073 - INFO - Requesting property 20624061: https://www.fotocasa.es/es/comprar/obra-nueva/estepona/20624061
2026-01-21 04:11:34,583 - INFO - Property 20624061 - advertiser.phone: 954201803
2026-01-21 04:11:34,584 - INFO - Found promotion ID: 8608f272-99d2-4e27-9d6d-8d6ad003d335, fetching tracking phone...
2026-01-21 04:11:35,073 - WARNING - Failed to get tracking phone for 8608f272-99d2-4e27-9d6d-8d6ad003d335: HTTP 403
2026-01-21 04:11:35,074 - INFO - Property 20624061 - publisher.phone: 954201803
2026-01-21 04:11:35,074 - INFO - Final phone for property 20624061: 954201803
2026-01-21 04:11:35,075 - INFO - SUCCESS: Property 20624061 - Phone: 954201803
2026-01-21 04:11:35,078 - INFO - 
[432/1020] Processing property 20624064...
2026-01-21 04:11:35,078 - INFO - Waiting 13.3 seconds before requesting property 20624064...
2026-01-21 04:11:48,409 - INFO - Requesting property 20624064: https://www.fotocasa.es/es/comprar/obra-nueva/estepona/20624064
2026-01-21 04:11:48,971 - INFO - Property 20624064 - advertiser.phone: 954201803
2026-01-21 04:11:48,972 - INFO - Found promotion ID: 43761402-70f4-41c2-9398-d9113a4b7e7a, fetching tracking phone...
2026-01-21 04:11:49,535 - WARNING - Failed to get tracking phone for 43761402-70f4-41c2-9398-d9113a4b7e7a: HTTP 403
2026-01-21 04:11:49,536 - INFO - Property 20624064 - publisher.phone: 954201803
2026-01-21 04:11:49,538 - INFO - Final phone for property 20624064: 954201803
2026-01-21 04:11:49,541 - INFO - SUCCESS: Property 20624064 - Phone: 954201803
2026-01-21 04:11:49,552 - INFO - 
[433/1020] Processing property 20623287...
2026-01-21 04:11:49,555 - INFO - Waiting 13.4 seconds before requesting property 20623287...
2026-01-21 04:12:02,973 - INFO - Requesting property 20623287: https://www.fotocasa.es/es/comprar/obra-nueva/molina-de-segura/20623287
2026-01-21 04:12:03,638 - INFO - Property 20623287 - advertiser.phone: 968912248
2026-01-21 04:12:03,639 - INFO - Found promotion ID: f7dbc99a-947d-423f-be7c-b518c01aef79, fetching tracking phone...
2026-01-21 04:12:04,093 - WARNING - Failed to get tracking phone for f7dbc99a-947d-423f-be7c-b518c01aef79: HTTP 403
2026-01-21 04:12:04,093 - INFO - Property 20623287 - publisher.phone: 968912248
2026-01-21 04:12:04,093 - INFO - Final phone for property 20623287: 968912248
2026-01-21 04:12:04,095 - INFO - SUCCESS: Property 20623287 - Phone: 968912248
2026-01-21 04:12:04,097 - INFO - 
[434/1020] Processing property 20523312...
2026-01-21 04:12:04,098 - INFO - Waiting 12.9 seconds before requesting property 20523312...
2026-01-21 04:12:16,971 - INFO - Requesting property 20523312: https://www.fotocasa.es/es/comprar/obra-nueva/leon-capital/20523312
2026-01-21 04:12:17,532 - INFO - Property 20523312 - advertiser.phone: 987321741
2026-01-21 04:12:17,533 - INFO - Found promotion ID: 8f633b01-e8cb-497c-8cad-c0daad720f9b, fetching tracking phone...
2026-01-21 04:12:17,967 - WARNING - Failed to get tracking phone for 8f633b01-e8cb-497c-8cad-c0daad720f9b: HTTP 403
2026-01-21 04:12:17,968 - INFO - Property 20523312 - publisher.phone: 987321741
2026-01-21 04:12:17,968 - INFO - Final phone for property 20523312: 987321741
2026-01-21 04:12:17,969 - INFO - SUCCESS: Property 20523312 - Phone: 987321741
2026-01-21 04:12:17,973 - INFO - 
[435/1020] Processing property 20561366...
2026-01-21 04:12:17,973 - INFO - Waiting 10.8 seconds before requesting property 20561366...
2026-01-21 04:12:28,778 - INFO - Requesting property 20561366: https://www.fotocasa.es/es/comprar/obra-nueva/alicante-alacant/20561366
2026-01-21 04:12:29,455 - INFO - Property 20561366 - advertiser.phone: 954201803
2026-01-21 04:12:29,495 - INFO - Found promotion ID: cc85870a-a869-47fe-b678-d60e5a6c0114, fetching tracking phone...
2026-01-21 04:12:30,023 - WARNING - Failed to get tracking phone for cc85870a-a869-47fe-b678-d60e5a6c0114: HTTP 403
2026-01-21 04:12:30,023 - INFO - Property 20561366 - publisher.phone: 954201803
2026-01-21 04:12:30,023 - INFO - Final phone for property 20561366: 954201803
2026-01-21 04:12:30,026 - INFO - SUCCESS: Property 20561366 - Phone: 954201803
2026-01-21 04:12:30,029 - INFO - 
[436/1020] Processing property 20580874...
2026-01-21 04:12:30,029 - INFO - Waiting 14.9 seconds before requesting property 20580874...
2026-01-21 04:12:44,913 - INFO - Requesting property 20580874: https://www.fotocasa.es/es/comprar/obra-nueva/montmelo/20580874
2026-01-21 04:12:45,393 - INFO - Property 20580874 - advertiser.phone: 910754062
2026-01-21 04:12:45,395 - INFO - Found promotion ID: 20e5924f-232d-4509-9cf6-6fc8b38f714f, fetching tracking phone...
2026-01-21 04:12:46,227 - WARNING - Failed to get tracking phone for 20e5924f-232d-4509-9cf6-6fc8b38f714f: HTTP 403
2026-01-21 04:12:46,228 - INFO - Property 20580874 - publisher.phone: 910754062
2026-01-21 04:12:46,228 - INFO - Final phone for property 20580874: 910754062
2026-01-21 04:12:46,230 - INFO - SUCCESS: Property 20580874 - Phone: 910754062
2026-01-21 04:12:46,234 - INFO - 
[437/1020] Processing property 20620278...
2026-01-21 04:12:46,234 - INFO - Waiting 14.2 seconds before requesting property 20620278...
2026-01-21 04:13:00,386 - INFO - Requesting property 20620278: https://www.fotocasa.es/es/comprar/obra-nueva/canet-de-mar/20620278
2026-01-21 04:13:01,005 - INFO - Property 20620278 - advertiser.phone: 930441963
2026-01-21 04:13:01,007 - INFO - Found promotion ID: eaddf694-2f52-4226-8428-e49ab7478e5a, fetching tracking phone...
2026-01-21 04:13:01,473 - WARNING - Failed to get tracking phone for eaddf694-2f52-4226-8428-e49ab7478e5a: HTTP 403
2026-01-21 04:13:01,473 - INFO - Property 20620278 - publisher.phone: 930441963
2026-01-21 04:13:01,473 - INFO - Final phone for property 20620278: 930441963
2026-01-21 04:13:01,476 - INFO - SUCCESS: Property 20620278 - Phone: 930441963
2026-01-21 04:13:01,478 - INFO - 
[438/1020] Processing property 20521607...
2026-01-21 04:13:01,478 - INFO - Waiting 10.3 seconds before requesting property 20521607...
2026-01-21 04:13:11,738 - INFO - Requesting property 20521607: https://www.fotocasa.es/es/comprar/obra-nueva/finestrat/20521607
2026-01-21 04:13:12,291 - INFO - Property 20521607 - advertiser.phone: 965093272
2026-01-21 04:13:12,293 - INFO - Found promotion ID: bd0b218a-0b16-4984-b299-b4c487701dc5, fetching tracking phone...
2026-01-21 04:13:13,451 - WARNING - Failed to get tracking phone for bd0b218a-0b16-4984-b299-b4c487701dc5: HTTP 403
2026-01-21 04:13:13,451 - INFO - Property 20521607 - publisher.phone: 965093272
2026-01-21 04:13:13,453 - INFO - Final phone for property 20521607: 965093272
2026-01-21 04:13:13,455 - INFO - SUCCESS: Property 20521607 - Phone: 965093272
2026-01-21 04:13:13,461 - INFO - 
[439/1020] Processing property 20561530...
2026-01-21 04:13:13,463 - INFO - Waiting 12.6 seconds before requesting property 20561530...
2026-01-21 04:13:26,076 - INFO - Requesting property 20561530: https://www.fotocasa.es/es/comprar/obra-nueva/paterna/20561530
2026-01-21 04:13:26,603 - INFO - Property 20561530 - advertiser.phone: 954201803
2026-01-21 04:13:26,605 - INFO - Found promotion ID: eb8f4325-08b5-43e8-9de1-21d253eaf1a4, fetching tracking phone...
2026-01-21 04:13:27,140 - WARNING - Failed to get tracking phone for eb8f4325-08b5-43e8-9de1-21d253eaf1a4: HTTP 403
2026-01-21 04:13:27,140 - INFO - Property 20561530 - publisher.phone: 954201803
2026-01-21 04:13:27,140 - INFO - Final phone for property 20561530: 954201803
2026-01-21 04:13:27,141 - INFO - SUCCESS: Property 20561530 - Phone: 954201803
2026-01-21 04:13:27,143 - INFO - 
[440/1020] Processing property 20562085...
2026-01-21 04:13:27,145 - INFO - Waiting 14.0 seconds before requesting property 20562085...
2026-01-21 04:13:41,130 - INFO - Requesting property 20562085: https://www.fotocasa.es/es/comprar/obra-nueva/estepona/20562085
2026-01-21 04:13:41,640 - INFO - Property 20562085 - advertiser.phone: 954201803
2026-01-21 04:13:41,641 - INFO - Found promotion ID: 7d146dec-7e1a-4806-91a0-da3beb6462e8, fetching tracking phone...
2026-01-21 04:13:42,070 - WARNING - Failed to get tracking phone for 7d146dec-7e1a-4806-91a0-da3beb6462e8: HTTP 403
2026-01-21 04:13:42,070 - INFO - Property 20562085 - publisher.phone: 954201803
2026-01-21 04:13:42,070 - INFO - Final phone for property 20562085: 954201803
2026-01-21 04:13:42,071 - INFO - SUCCESS: Property 20562085 - Phone: 954201803
2026-01-21 04:13:42,073 - INFO - Progress: 440/1020 (43.1%)
2026-01-21 04:13:42,073 - INFO - Success: 437, Failed: 3
2026-01-21 04:13:42,075 - INFO - Estimated time remaining: 135.7 minutes
2026-01-21 04:13:42,075 - INFO - 
[441/1020] Processing property 20554455...
2026-01-21 04:13:42,075 - INFO - Waiting 11.8 seconds before requesting property 20554455...
2026-01-21 04:13:53,850 - INFO - Requesting property 20554455: https://www.fotocasa.es/es/comprar/obra-nueva/roquetas-de-mar/20554455
2026-01-21 04:13:54,326 - INFO - Property 20554455 - advertiser.phone: 950190572
2026-01-21 04:13:54,326 - INFO - Found promotion ID: 591458ac-36eb-4e43-875b-6c889339989f, fetching tracking phone...
2026-01-21 04:13:54,806 - WARNING - Failed to get tracking phone for 591458ac-36eb-4e43-875b-6c889339989f: HTTP 403
2026-01-21 04:13:54,806 - INFO - Property 20554455 - publisher.phone: 950190572
2026-01-21 04:13:54,806 - INFO - Final phone for property 20554455: 950190572
2026-01-21 04:13:54,808 - INFO - SUCCESS: Property 20554455 - Phone: 950190572
2026-01-21 04:13:54,810 - INFO - 
[442/1020] Processing property 20618093...
2026-01-21 04:13:54,810 - INFO - Waiting 12.4 seconds before requesting property 20618093...
2026-01-21 04:14:07,216 - INFO - Requesting property 20618093: https://www.fotocasa.es/es/comprar/obra-nueva/almeria-capital/20618093
2026-01-21 04:14:07,667 - INFO - Property 20618093 - advertiser.phone: 954201803
2026-01-21 04:14:07,667 - INFO - Found promotion ID: bb07989a-3e08-475b-8864-92cb46de1452, fetching tracking phone...
2026-01-21 04:14:08,101 - WARNING - Failed to get tracking phone for bb07989a-3e08-475b-8864-92cb46de1452: HTTP 403
2026-01-21 04:14:08,101 - INFO - Property 20618093 - publisher.phone: 954201803
2026-01-21 04:14:08,102 - INFO - Final phone for property 20618093: 954201803
2026-01-21 04:14:08,103 - INFO - SUCCESS: Property 20618093 - Phone: 954201803
2026-01-21 04:14:08,106 - INFO - 
[443/1020] Processing property 20523311...
2026-01-21 04:14:08,107 - INFO - Waiting 13.8 seconds before requesting property 20523311...
2026-01-21 04:14:21,920 - INFO - Requesting property 20523311: https://www.fotocasa.es/es/comprar/obra-nueva/aljaraque/20523311
2026-01-21 04:14:22,437 - INFO - Property 20523311 - advertiser.phone: 959160256
2026-01-21 04:14:22,437 - INFO - Found promotion ID: d4be3843-d1f1-4367-9575-12ea2f16f9c3, fetching tracking phone...
2026-01-21 04:14:22,899 - WARNING - Failed to get tracking phone for d4be3843-d1f1-4367-9575-12ea2f16f9c3: HTTP 403
2026-01-21 04:14:22,899 - INFO - Property 20523311 - publisher.phone: 959160256
2026-01-21 04:14:22,900 - INFO - Final phone for property 20523311: 959160256
2026-01-21 04:14:22,901 - INFO - SUCCESS: Property 20523311 - Phone: 959160256
2026-01-21 04:14:22,906 - INFO - 
[444/1020] Processing property 20605359...
2026-01-21 04:14:22,906 - INFO - Waiting 14.7 seconds before requesting property 20605359...
2026-01-21 04:14:37,574 - INFO - Requesting property 20605359: https://www.fotocasa.es/es/comprar/obra-nueva/alovera/20605359
2026-01-21 04:14:38,017 - INFO - Property 20605359 - advertiser.phone: 949802609
2026-01-21 04:14:38,017 - INFO - Found promotion ID: caee3fe6-fbc2-439e-85fc-58778908d7e6, fetching tracking phone...
2026-01-21 04:14:38,500 - WARNING - Failed to get tracking phone for caee3fe6-fbc2-439e-85fc-58778908d7e6: HTTP 403
2026-01-21 04:14:38,501 - INFO - Property 20605359 - publisher.phone: 949802609
2026-01-21 04:14:38,501 - INFO - Final phone for property 20605359: 949802609
2026-01-21 04:14:38,502 - INFO - SUCCESS: Property 20605359 - Phone: 949802609
2026-01-21 04:14:38,506 - INFO - 
[445/1020] Processing property 20617392...
2026-01-21 04:14:38,506 - INFO - Waiting 14.0 seconds before requesting property 20617392...
2026-01-21 04:14:52,543 - INFO - Requesting property 20617392: https://www.fotocasa.es/es/comprar/obra-nueva/badajoz-capital/20617392
2026-01-21 04:14:53,039 - INFO - Property 20617392 - advertiser.phone: 924920461
2026-01-21 04:14:53,039 - INFO - Found promotion ID: 2e73ab5b-721c-4aaa-b363-b6e7e264536b, fetching tracking phone...
2026-01-21 04:14:53,579 - WARNING - Failed to get tracking phone for 2e73ab5b-721c-4aaa-b363-b6e7e264536b: HTTP 403
2026-01-21 04:14:53,579 - INFO - Property 20617392 - publisher.phone: 924920461
2026-01-21 04:14:53,580 - INFO - Final phone for property 20617392: 924920461
2026-01-21 04:14:53,581 - INFO - SUCCESS: Property 20617392 - Phone: 924920461
2026-01-21 04:14:53,585 - INFO - 
[446/1020] Processing property 20580368...
2026-01-21 04:14:53,585 - INFO - Waiting 14.5 seconds before requesting property 20580368...
2026-01-21 04:15:08,086 - INFO - Requesting property 20580368: https://www.fotocasa.es/es/comprar/obra-nueva/malaga-capital/20580368
2026-01-21 04:15:09,166 - INFO - Property 20580368 - advertiser.phone: 954201803
2026-01-21 04:15:09,395 - INFO - Found promotion ID: 6506b0d1-bae4-4880-90aa-314b559a59d3, fetching tracking phone...
2026-01-21 04:15:10,097 - WARNING - Failed to get tracking phone for 6506b0d1-bae4-4880-90aa-314b559a59d3: HTTP 403
2026-01-21 04:15:10,097 - INFO - Property 20580368 - publisher.phone: 954201803
2026-01-21 04:15:10,097 - INFO - Final phone for property 20580368: 954201803
2026-01-21 04:15:10,104 - INFO - SUCCESS: Property 20580368 - Phone: 954201803
2026-01-21 04:15:10,107 - INFO - 
[447/1020] Processing property 20561769...
2026-01-21 04:15:10,108 - INFO - Waiting 10.4 seconds before requesting property 20561769...
2026-01-21 04:15:20,538 - INFO - Requesting property 20561769: https://www.fotocasa.es/es/comprar/obra-nueva/dos-hermanas/20561769
2026-01-21 04:15:21,291 - INFO - Property 20561769 - advertiser.phone: 954201803
2026-01-21 04:15:21,291 - INFO - Found promotion ID: 46f1232b-3360-4b54-9ad5-4aea5f9a0c3a, fetching tracking phone...
2026-01-21 04:15:21,866 - WARNING - Failed to get tracking phone for 46f1232b-3360-4b54-9ad5-4aea5f9a0c3a: HTTP 403
2026-01-21 04:15:21,867 - INFO - Property 20561769 - publisher.phone: 954201803
2026-01-21 04:15:21,867 - INFO - Final phone for property 20561769: 954201803
2026-01-21 04:15:21,869 - INFO - SUCCESS: Property 20561769 - Phone: 954201803
2026-01-21 04:15:21,872 - INFO - 
[448/1020] Processing property 20561812...
2026-01-21 04:15:21,872 - INFO - Waiting 11.6 seconds before requesting property 20561812...
2026-01-21 04:15:33,458 - INFO - Requesting property 20561812: https://www.fotocasa.es/es/comprar/obra-nueva/las-palmas-de-gran-canaria/20561812
2026-01-21 04:15:33,910 - INFO - Property 20561812 - advertiser.phone: 954201803
2026-01-21 04:15:33,910 - INFO - Found promotion ID: 0978253a-6a79-4128-8099-433f09a48b87, fetching tracking phone...
2026-01-21 04:15:34,440 - WARNING - Failed to get tracking phone for 0978253a-6a79-4128-8099-433f09a48b87: HTTP 403
2026-01-21 04:15:34,440 - INFO - Property 20561812 - publisher.phone: 954201803
2026-01-21 04:15:34,441 - INFO - Final phone for property 20561812: 954201803
2026-01-21 04:15:34,443 - INFO - SUCCESS: Property 20561812 - Phone: 954201803
2026-01-21 04:15:34,445 - INFO - 
[449/1020] Processing property 20560544...
2026-01-21 04:15:34,445 - INFO - Waiting 14.8 seconds before requesting property 20560544...
2026-01-21 04:15:49,295 - INFO - Requesting property 20560544: https://www.fotocasa.es/es/comprar/obra-nueva/vilanova-i-la-geltru/20560544
2026-01-21 04:15:51,319 - INFO - Property 20560544 - advertiser.phone: 954201803
2026-01-21 04:15:51,321 - INFO - Found promotion ID: dccd872f-c466-444c-9da0-394b013e241c, fetching tracking phone...
2026-01-21 04:15:51,878 - WARNING - Failed to get tracking phone for dccd872f-c466-444c-9da0-394b013e241c: HTTP 403
2026-01-21 04:15:51,878 - INFO - Property 20560544 - publisher.phone: 954201803
2026-01-21 04:15:51,879 - INFO - Final phone for property 20560544: 954201803
2026-01-21 04:15:51,880 - INFO - SUCCESS: Property 20560544 - Phone: 954201803
2026-01-21 04:15:51,883 - INFO - 
[450/1020] Processing property 20561564...
2026-01-21 04:15:51,883 - INFO - Waiting 11.7 seconds before requesting property 20561564...
2026-01-21 04:16:03,577 - INFO - Requesting property 20561564: https://www.fotocasa.es/es/comprar/obra-nueva/godella/20561564
2026-01-21 04:16:04,217 - INFO - Property 20561564 - advertiser.phone: 954201803
2026-01-21 04:16:04,217 - INFO - Found promotion ID: a7a98b49-89fc-49bb-a0a4-66c355d71f97, fetching tracking phone...
2026-01-21 04:16:04,757 - WARNING - Failed to get tracking phone for a7a98b49-89fc-49bb-a0a4-66c355d71f97: HTTP 403
2026-01-21 04:16:04,757 - INFO - Property 20561564 - publisher.phone: 954201803
2026-01-21 04:16:04,757 - INFO - Final phone for property 20561564: 954201803
2026-01-21 04:16:04,759 - INFO - SUCCESS: Property 20561564 - Phone: 954201803
2026-01-21 04:16:04,761 - INFO - Progress: 450/1020 (44.1%)
2026-01-21 04:16:04,761 - INFO - Success: 447, Failed: 3
2026-01-21 04:16:04,762 - INFO - Estimated time remaining: 133.4 minutes
2026-01-21 04:16:04,762 - INFO - 
[451/1020] Processing property 20560569...
2026-01-21 04:16:04,762 - INFO - Waiting 13.8 seconds before requesting property 20560569...
2026-01-21 04:16:18,561 - INFO - Requesting property 20560569: https://www.fotocasa.es/es/comprar/obra-nueva/barcelona-capital/20560569
2026-01-21 04:16:19,158 - INFO - Property 20560569 - advertiser.phone: 954201803
2026-01-21 04:16:19,159 - INFO - Found promotion ID: 58f89e0a-d268-46bf-b76c-7a4516c57ec9, fetching tracking phone...
2026-01-21 04:16:19,630 - WARNING - Failed to get tracking phone for 58f89e0a-d268-46bf-b76c-7a4516c57ec9: HTTP 403
2026-01-21 04:16:19,631 - INFO - Property 20560569 - publisher.phone: 954201803
2026-01-21 04:16:19,631 - INFO - Final phone for property 20560569: 954201803
2026-01-21 04:16:19,633 - INFO - SUCCESS: Property 20560569 - Phone: 954201803
2026-01-21 04:16:19,635 - INFO - 
[452/1020] Processing property 20561586...
2026-01-21 04:16:19,636 - INFO - Waiting 13.2 seconds before requesting property 20561586...
2026-01-21 04:16:32,821 - INFO - Requesting property 20561586: https://www.fotocasa.es/es/comprar/obra-nueva/benicasim-benicassim/20561586
2026-01-21 04:16:33,288 - INFO - Property 20561586 - advertiser.phone: 954201803
2026-01-21 04:16:33,288 - INFO - Found promotion ID: b64a9139-76eb-414b-a1e0-405d0c49fc11, fetching tracking phone...
2026-01-21 04:16:33,755 - WARNING - Failed to get tracking phone for b64a9139-76eb-414b-a1e0-405d0c49fc11: HTTP 403
2026-01-21 04:16:33,755 - INFO - Property 20561586 - publisher.phone: 954201803
2026-01-21 04:16:33,755 - INFO - Final phone for property 20561586: 954201803
2026-01-21 04:16:33,759 - INFO - SUCCESS: Property 20561586 - Phone: 954201803
2026-01-21 04:16:33,762 - INFO - 
[453/1020] Processing property 20561533...
2026-01-21 04:16:33,762 - INFO - Waiting 15.0 seconds before requesting property 20561533...
2026-01-21 04:16:48,727 - INFO - Requesting property 20561533: https://www.fotocasa.es/es/comprar/obra-nueva/mislata/20561533
2026-01-21 04:16:49,198 - INFO - Property 20561533 - advertiser.phone: 954201803
2026-01-21 04:16:49,198 - INFO - Found promotion ID: 5e09674c-ba62-4202-bd79-072f6ba5bb53, fetching tracking phone...
2026-01-21 04:16:49,765 - WARNING - Failed to get tracking phone for 5e09674c-ba62-4202-bd79-072f6ba5bb53: HTTP 403
2026-01-21 04:16:49,766 - INFO - Property 20561533 - publisher.phone: 954201803
2026-01-21 04:16:49,766 - INFO - Final phone for property 20561533: 954201803
2026-01-21 04:16:49,767 - INFO - SUCCESS: Property 20561533 - Phone: 954201803
2026-01-21 04:16:49,770 - INFO - 
[454/1020] Processing property 20561474...
2026-01-21 04:16:49,770 - INFO - Waiting 13.8 seconds before requesting property 20561474...
2026-01-21 04:17:03,535 - INFO - Requesting property 20561474: https://www.fotocasa.es/es/comprar/obra-nueva/alicante-alacant/20561474
2026-01-21 04:17:04,538 - INFO - Property 20561474 - advertiser.phone: 954201803
2026-01-21 04:17:04,543 - INFO - Found promotion ID: be8ba1bb-b0e9-4064-915c-3fe698fe0586, fetching tracking phone...
2026-01-21 04:17:05,099 - WARNING - Failed to get tracking phone for be8ba1bb-b0e9-4064-915c-3fe698fe0586: HTTP 403
2026-01-21 04:17:05,112 - INFO - Property 20561474 - publisher.phone: 954201803
2026-01-21 04:17:05,119 - INFO - Final phone for property 20561474: 954201803
2026-01-21 04:17:05,126 - INFO - SUCCESS: Property 20561474 - Phone: 954201803
2026-01-21 04:17:05,131 - INFO - 
[455/1020] Processing property 20561852...
2026-01-21 04:17:05,134 - INFO - Waiting 12.9 seconds before requesting property 20561852...
2026-01-21 04:17:18,014 - INFO - Requesting property 20561852: https://www.fotocasa.es/es/comprar/obra-nueva/rincon-de-la-victoria/20561852
2026-01-21 04:17:18,529 - INFO - Property 20561852 - advertiser.phone: 954201803
2026-01-21 04:17:18,529 - INFO - Found promotion ID: 49e9eee8-89cf-46a3-ab86-a3ceecbb4d63, fetching tracking phone...
2026-01-21 04:17:19,072 - WARNING - Failed to get tracking phone for 49e9eee8-89cf-46a3-ab86-a3ceecbb4d63: HTTP 403
2026-01-21 04:17:19,072 - INFO - Property 20561852 - publisher.phone: 954201803
2026-01-21 04:17:19,072 - INFO - Final phone for property 20561852: 954201803
2026-01-21 04:17:19,074 - INFO - SUCCESS: Property 20561852 - Phone: 954201803
2026-01-21 04:17:19,078 - INFO - 
[456/1020] Processing property 20561365...
2026-01-21 04:17:19,078 - INFO - Waiting 10.5 seconds before requesting property 20561365...
2026-01-21 04:17:29,541 - INFO - Requesting property 20561365: https://www.fotocasa.es/es/comprar/obra-nueva/quart-de-poblet/20561365
2026-01-21 04:17:29,958 - INFO - Property 20561365 - advertiser.phone: 954201803
2026-01-21 04:17:29,958 - INFO - Found promotion ID: 271f42fe-cf0e-4b14-b9ee-7f568428f1c4, fetching tracking phone...
2026-01-21 04:17:30,460 - WARNING - Failed to get tracking phone for 271f42fe-cf0e-4b14-b9ee-7f568428f1c4: HTTP 403
2026-01-21 04:17:30,474 - INFO - Property 20561365 - publisher.phone: 954201803
2026-01-21 04:17:30,481 - INFO - Final phone for property 20561365: 954201803
2026-01-21 04:17:30,553 - INFO - SUCCESS: Property 20561365 - Phone: 954201803
2026-01-21 04:17:30,588 - INFO - 
[457/1020] Processing property 20561184...
2026-01-21 04:17:30,604 - INFO - Waiting 10.7 seconds before requesting property 20561184...
2026-01-21 04:17:41,325 - INFO - Requesting property 20561184: https://www.fotocasa.es/es/comprar/obra-nueva/calvia/20561184
2026-01-21 04:17:41,765 - INFO - Property 20561184 - advertiser.phone: 954201803
2026-01-21 04:17:41,767 - INFO - Found promotion ID: 7aa94ffa-0db2-4c63-8651-c365abc90029, fetching tracking phone...
2026-01-21 04:17:42,350 - WARNING - Failed to get tracking phone for 7aa94ffa-0db2-4c63-8651-c365abc90029: HTTP 403
2026-01-21 04:17:42,350 - INFO - Property 20561184 - publisher.phone: 954201803
2026-01-21 04:17:42,350 - INFO - Final phone for property 20561184: 954201803
2026-01-21 04:17:42,350 - INFO - SUCCESS: Property 20561184 - Phone: 954201803
2026-01-21 04:17:42,354 - INFO - 
[458/1020] Processing property 20561325...
2026-01-21 04:17:42,354 - INFO - Waiting 10.6 seconds before requesting property 20561325...
2026-01-21 04:17:52,976 - INFO - Requesting property 20561325: https://www.fotocasa.es/es/comprar/obra-nueva/murcia-capital/20561325
2026-01-21 04:17:53,547 - INFO - Property 20561325 - advertiser.phone: 954201803
2026-01-21 04:17:53,548 - INFO - Found promotion ID: 032a4f97-44ae-4750-8426-7ea8a090ed39, fetching tracking phone...
2026-01-21 04:17:54,065 - WARNING - Failed to get tracking phone for 032a4f97-44ae-4750-8426-7ea8a090ed39: HTTP 403
2026-01-21 04:17:54,065 - INFO - Property 20561325 - publisher.phone: 954201803
2026-01-21 04:17:54,065 - INFO - Final phone for property 20561325: 954201803
2026-01-21 04:17:54,071 - INFO - SUCCESS: Property 20561325 - Phone: 954201803
2026-01-21 04:17:54,073 - INFO - 
[459/1020] Processing property 20561188...
2026-01-21 04:17:54,073 - INFO - Waiting 14.6 seconds before requesting property 20561188...
2026-01-21 04:18:08,674 - INFO - Requesting property 20561188: https://www.fotocasa.es/es/comprar/obra-nueva/javea-xabia/20561188
2026-01-21 04:18:09,334 - INFO - Property 20561188 - advertiser.phone: 954201803
2026-01-21 04:18:09,335 - INFO - Found promotion ID: 46c11d3d-07bd-42fe-ac00-7db6c27b075c, fetching tracking phone...
2026-01-21 04:18:09,869 - WARNING - Failed to get tracking phone for 46c11d3d-07bd-42fe-ac00-7db6c27b075c: HTTP 403
2026-01-21 04:18:09,869 - INFO - Property 20561188 - publisher.phone: 954201803
2026-01-21 04:18:09,869 - INFO - Final phone for property 20561188: 954201803
2026-01-21 04:18:09,870 - INFO - SUCCESS: Property 20561188 - Phone: 954201803
2026-01-21 04:18:09,873 - INFO - 
[460/1020] Processing property 20561428...
2026-01-21 04:18:09,873 - INFO - Waiting 12.0 seconds before requesting property 20561428...
2026-01-21 04:18:21,895 - INFO - Requesting property 20561428: https://www.fotocasa.es/es/comprar/obra-nueva/denia/20561428
2026-01-21 04:18:22,377 - INFO - Property 20561428 - advertiser.phone: 954201803
2026-01-21 04:18:22,377 - INFO - Found promotion ID: e785b566-9c88-45f0-bb1d-dae4a38e9299, fetching tracking phone...
2026-01-21 04:18:22,942 - WARNING - Failed to get tracking phone for e785b566-9c88-45f0-bb1d-dae4a38e9299: HTTP 403
2026-01-21 04:18:22,943 - INFO - Property 20561428 - publisher.phone: 954201803
2026-01-21 04:18:22,943 - INFO - Final phone for property 20561428: 954201803
2026-01-21 04:18:22,946 - INFO - SUCCESS: Property 20561428 - Phone: 954201803
2026-01-21 04:18:22,950 - INFO - Progress: 460/1020 (45.1%)
2026-01-21 04:18:22,950 - INFO - Success: 457, Failed: 3
2026-01-21 04:18:22,951 - INFO - Estimated time remaining: 131.0 minutes
2026-01-21 04:18:22,951 - INFO - 
[461/1020] Processing property 20562186...
2026-01-21 04:18:22,952 - INFO - Waiting 13.0 seconds before requesting property 20562186...
2026-01-21 04:18:35,951 - INFO - Requesting property 20562186: https://www.fotocasa.es/es/comprar/obra-nueva/villajoyosa-la-vila-joiosa/20562186
2026-01-21 04:18:36,441 - INFO - Property 20562186 - advertiser.phone: 954201803
2026-01-21 04:18:36,441 - INFO - Found promotion ID: 66ccc9ea-5c12-4a93-81ff-c47a50a2e890, fetching tracking phone...
2026-01-21 04:18:36,976 - WARNING - Failed to get tracking phone for 66ccc9ea-5c12-4a93-81ff-c47a50a2e890: HTTP 403
2026-01-21 04:18:36,977 - INFO - Property 20562186 - publisher.phone: 954201803
2026-01-21 04:18:36,977 - INFO - Final phone for property 20562186: 954201803
2026-01-21 04:18:36,979 - INFO - SUCCESS: Property 20562186 - Phone: 954201803
2026-01-21 04:18:36,981 - INFO - 
[462/1020] Processing property 20561770...
2026-01-21 04:18:36,982 - INFO - Waiting 11.3 seconds before requesting property 20561770...
2026-01-21 04:18:48,284 - INFO - Requesting property 20561770: https://www.fotocasa.es/es/comprar/obra-nueva/cordoba-capital/20561770
2026-01-21 04:18:48,763 - INFO - Property 20561770 - advertiser.phone: 954201803
2026-01-21 04:18:48,763 - INFO - Found promotion ID: cc85cb91-f299-48e8-ae39-85b3dbfbed16, fetching tracking phone...
2026-01-21 04:18:49,303 - WARNING - Failed to get tracking phone for cc85cb91-f299-48e8-ae39-85b3dbfbed16: HTTP 403
2026-01-21 04:18:49,303 - INFO - Property 20561770 - publisher.phone: 954201803
2026-01-21 04:18:49,304 - INFO - Final phone for property 20561770: 954201803
2026-01-21 04:18:49,305 - INFO - SUCCESS: Property 20561770 - Phone: 954201803
2026-01-21 04:18:49,308 - INFO - 
[463/1020] Processing property 20562107...
2026-01-21 04:18:49,308 - INFO - Waiting 11.0 seconds before requesting property 20562107...
2026-01-21 04:19:00,302 - INFO - Requesting property 20562107: https://www.fotocasa.es/es/comprar/obra-nueva/calvia/20562107
2026-01-21 04:19:00,787 - INFO - Property 20562107 - advertiser.phone: 954201803
2026-01-21 04:19:00,787 - INFO - Found promotion ID: 85073d01-6150-4998-a2a2-31eb027ffe07, fetching tracking phone...
2026-01-21 04:19:01,399 - WARNING - Failed to get tracking phone for 85073d01-6150-4998-a2a2-31eb027ffe07: HTTP 403
2026-01-21 04:19:01,400 - INFO - Property 20562107 - publisher.phone: 954201803
2026-01-21 04:19:01,400 - INFO - Final phone for property 20562107: 954201803
2026-01-21 04:19:01,402 - INFO - SUCCESS: Property 20562107 - Phone: 954201803
2026-01-21 04:19:01,404 - INFO - 
[464/1020] Processing property 20561582...
2026-01-21 04:19:01,405 - INFO - Waiting 14.4 seconds before requesting property 20561582...
2026-01-21 04:19:15,839 - INFO - Requesting property 20561582: https://www.fotocasa.es/es/comprar/obra-nueva/dos-hermanas/20561582
2026-01-21 04:19:16,364 - INFO - Property 20561582 - advertiser.phone: 954201803
2026-01-21 04:19:16,364 - INFO - Found promotion ID: b224ae02-afb7-4d41-8ace-9d84c1ebd478, fetching tracking phone...
2026-01-21 04:19:16,895 - WARNING - Failed to get tracking phone for b224ae02-afb7-4d41-8ace-9d84c1ebd478: HTTP 403
2026-01-21 04:19:16,896 - INFO - Property 20561582 - publisher.phone: 954201803
2026-01-21 04:19:16,896 - INFO - Final phone for property 20561582: 954201803
2026-01-21 04:19:16,898 - INFO - SUCCESS: Property 20561582 - Phone: 954201803
2026-01-21 04:19:16,928 - INFO - 
[465/1020] Processing property 20562054...
2026-01-21 04:19:16,929 - INFO - Waiting 11.9 seconds before requesting property 20562054...
2026-01-21 04:19:28,826 - INFO - Requesting property 20562054: https://www.fotocasa.es/es/comprar/obra-nueva/godella/20562054
2026-01-21 04:19:29,275 - INFO - Property 20562054 - advertiser.phone: 954201803
2026-01-21 04:19:29,276 - INFO - Found promotion ID: ecbc085f-9602-486f-8203-3bafd710ccf4, fetching tracking phone...
2026-01-21 04:19:29,805 - WARNING - Failed to get tracking phone for ecbc085f-9602-486f-8203-3bafd710ccf4: HTTP 403
2026-01-21 04:19:29,806 - INFO - Property 20562054 - publisher.phone: 954201803
2026-01-21 04:19:29,806 - INFO - Final phone for property 20562054: 954201803
2026-01-21 04:19:29,808 - INFO - SUCCESS: Property 20562054 - Phone: 954201803
2026-01-21 04:19:29,810 - INFO - 
[466/1020] Processing property 20561853...
2026-01-21 04:19:29,811 - INFO - Waiting 14.3 seconds before requesting property 20561853...
2026-01-21 04:19:44,132 - INFO - Requesting property 20561853: https://www.fotocasa.es/es/comprar/obra-nueva/marbella/20561853
2026-01-21 04:19:44,523 - INFO - Property 20561853 - advertiser.phone: 954201803
2026-01-21 04:19:44,525 - INFO - Found promotion ID: cb18c921-eaef-48cd-8599-25be0c732073, fetching tracking phone...
2026-01-21 04:19:45,059 - WARNING - Failed to get tracking phone for cb18c921-eaef-48cd-8599-25be0c732073: HTTP 403
2026-01-21 04:19:45,059 - INFO - Property 20561853 - publisher.phone: 954201803
2026-01-21 04:19:45,060 - INFO - Final phone for property 20561853: 954201803
2026-01-21 04:19:45,062 - INFO - SUCCESS: Property 20561853 - Phone: 954201803
2026-01-21 04:19:45,063 - INFO - 
[467/1020] Processing property 20597093...
2026-01-21 04:19:45,064 - INFO - Waiting 11.6 seconds before requesting property 20597093...
2026-01-21 04:19:56,680 - INFO - Requesting property 20597093: https://www.fotocasa.es/es/comprar/obra-nueva/valencia-capital/20597093
2026-01-21 04:19:57,300 - INFO - Property 20597093 - advertiser.phone: 954201803
2026-01-21 04:19:57,300 - INFO - Found promotion ID: 318e0c65-b326-4603-8650-ad9d70d70b74, fetching tracking phone...
2026-01-21 04:19:57,968 - WARNING - Failed to get tracking phone for 318e0c65-b326-4603-8650-ad9d70d70b74: HTTP 403
2026-01-21 04:19:57,968 - INFO - Property 20597093 - publisher.phone: 954201803
2026-01-21 04:19:57,968 - INFO - Final phone for property 20597093: 954201803
2026-01-21 04:19:57,970 - INFO - SUCCESS: Property 20597093 - Phone: 954201803
2026-01-21 04:19:57,972 - INFO - 
[468/1020] Processing property 20561826...
2026-01-21 04:19:57,973 - INFO - Waiting 11.0 seconds before requesting property 20561826...
2026-01-21 04:20:08,952 - INFO - Requesting property 20561826: https://www.fotocasa.es/es/comprar/obra-nueva/malaga-capital/20561826
2026-01-21 04:20:09,642 - INFO - Property 20561826 - advertiser.phone: 954201803
2026-01-21 04:20:09,642 - INFO - Found promotion ID: fca2f0ff-1e8b-4144-bebb-8dc18edc08b4, fetching tracking phone...
2026-01-21 04:20:10,269 - WARNING - Failed to get tracking phone for fca2f0ff-1e8b-4144-bebb-8dc18edc08b4: HTTP 403
2026-01-21 04:20:10,269 - INFO - Property 20561826 - publisher.phone: 954201803
2026-01-21 04:20:10,269 - INFO - Final phone for property 20561826: 954201803
2026-01-21 04:20:10,271 - INFO - SUCCESS: Property 20561826 - Phone: 954201803
2026-01-21 04:20:10,274 - INFO - 
[469/1020] Processing property 20561182...
2026-01-21 04:20:10,275 - INFO - Waiting 12.4 seconds before requesting property 20561182...
2026-01-21 04:20:22,714 - INFO - Requesting property 20561182: https://www.fotocasa.es/es/comprar/obra-nueva/rincon-de-la-victoria/20561182
2026-01-21 04:20:23,368 - INFO - Property 20561182 - advertiser.phone: 954201803
2026-01-21 04:20:23,369 - INFO - Found promotion ID: fedfa0e9-81ac-410a-8b55-41b286953142, fetching tracking phone...
2026-01-21 04:20:23,999 - WARNING - Failed to get tracking phone for fedfa0e9-81ac-410a-8b55-41b286953142: HTTP 403
2026-01-21 04:20:23,999 - INFO - Property 20561182 - publisher.phone: 954201803
2026-01-21 04:20:24,000 - INFO - Final phone for property 20561182: 954201803
2026-01-21 04:20:24,001 - INFO - SUCCESS: Property 20561182 - Phone: 954201803
2026-01-21 04:20:24,003 - INFO - 
[470/1020] Processing property 20560568...
2026-01-21 04:20:24,004 - INFO - Waiting 12.5 seconds before requesting property 20560568...
2026-01-21 04:20:36,553 - INFO - Requesting property 20560568: https://www.fotocasa.es/es/comprar/obra-nueva/badalona/20560568
2026-01-21 04:20:36,989 - INFO - Property 20560568 - advertiser.phone: 954201803
2026-01-21 04:20:36,989 - INFO - Found promotion ID: 0c546b55-3f46-42c2-8271-0c5b614ec47b, fetching tracking phone...
2026-01-21 04:20:37,509 - WARNING - Failed to get tracking phone for 0c546b55-3f46-42c2-8271-0c5b614ec47b: HTTP 403
2026-01-21 04:20:37,510 - INFO - Property 20560568 - publisher.phone: 954201803
2026-01-21 04:20:37,510 - INFO - Final phone for property 20560568: 954201803
2026-01-21 04:20:37,512 - INFO - SUCCESS: Property 20560568 - Phone: 954201803
2026-01-21 04:20:37,515 - INFO - Progress: 470/1020 (46.1%)
2026-01-21 04:20:37,515 - INFO - Success: 467, Failed: 3
2026-01-21 04:20:37,516 - INFO - Estimated time remaining: 128.6 minutes
2026-01-21 04:20:37,517 - INFO - 
[471/1020] Processing property 20560459...
2026-01-21 04:20:37,517 - INFO - Waiting 10.1 seconds before requesting property 20560459...
2026-01-21 04:20:47,668 - INFO - Requesting property 20560459: https://www.fotocasa.es/es/comprar/obra-nueva/barbera-del-valles/20560459
2026-01-21 04:20:48,199 - INFO - Property 20560459 - advertiser.phone: 954201803
2026-01-21 04:20:48,199 - INFO - Found promotion ID: 4931483c-b11c-4bf8-b08f-9e50fe666247, fetching tracking phone...
2026-01-21 04:20:48,751 - WARNING - Failed to get tracking phone for 4931483c-b11c-4bf8-b08f-9e50fe666247: HTTP 403
2026-01-21 04:20:48,752 - INFO - Property 20560459 - publisher.phone: 954201803
2026-01-21 04:20:48,752 - INFO - Final phone for property 20560459: 954201803
2026-01-21 04:20:48,754 - INFO - SUCCESS: Property 20560459 - Phone: 954201803
2026-01-21 04:20:48,757 - INFO - 
[472/1020] Processing property 20561121...
2026-01-21 04:20:48,757 - INFO - Waiting 14.6 seconds before requesting property 20561121...
2026-01-21 04:21:03,403 - INFO - Requesting property 20561121: https://www.fotocasa.es/es/comprar/obra-nueva/calonge-i-sant-antoni/20561121
2026-01-21 04:21:04,022 - INFO - Property 20561121 - advertiser.phone: 954201803
2026-01-21 04:21:04,022 - INFO - Found promotion ID: 53c3bec2-e49f-4af2-b417-35dab7b785a2, fetching tracking phone...
2026-01-21 04:21:04,583 - WARNING - Failed to get tracking phone for 53c3bec2-e49f-4af2-b417-35dab7b785a2: HTTP 403
2026-01-21 04:21:04,583 - INFO - Property 20561121 - publisher.phone: 954201803
2026-01-21 04:21:04,583 - INFO - Final phone for property 20561121: 954201803
2026-01-21 04:21:04,585 - INFO - SUCCESS: Property 20561121 - Phone: 954201803
2026-01-21 04:21:04,587 - INFO - 
[473/1020] Processing property 20560466...
2026-01-21 04:21:04,587 - INFO - Waiting 13.7 seconds before requesting property 20560466...
2026-01-21 04:21:18,664 - INFO - Requesting property 20560466: https://www.fotocasa.es/es/comprar/obra-nueva/zaragoza-capital/20560466
2026-01-21 04:21:19,113 - INFO - Property 20560466 - advertiser.phone: 954201803
2026-01-21 04:21:19,113 - INFO - Found promotion ID: 08ba08f9-5204-4326-bd9d-219aa63ebc3a, fetching tracking phone...
2026-01-21 04:21:19,594 - WARNING - Failed to get tracking phone for 08ba08f9-5204-4326-bd9d-219aa63ebc3a: HTTP 403
2026-01-21 04:21:19,594 - INFO - Property 20560466 - publisher.phone: 954201803
2026-01-21 04:21:19,594 - INFO - Final phone for property 20560466: 954201803
2026-01-21 04:21:19,596 - INFO - SUCCESS: Property 20560466 - Phone: 954201803
2026-01-21 04:21:19,599 - INFO - 
[474/1020] Processing property 20524984...
2026-01-21 04:21:19,599 - INFO - Waiting 11.2 seconds before requesting property 20524984...
2026-01-21 04:21:30,778 - INFO - Requesting property 20524984: https://www.fotocasa.es/es/comprar/obra-nueva/cordoba-capital/20524984
2026-01-21 04:21:31,292 - INFO - Property 20524984 - advertiser.phone: 957950384
2026-01-21 04:21:31,292 - INFO - Found promotion ID: f46afb2f-d125-4e56-a60b-c61c4305b8af, fetching tracking phone...
2026-01-21 04:21:31,874 - WARNING - Failed to get tracking phone for f46afb2f-d125-4e56-a60b-c61c4305b8af: HTTP 403
2026-01-21 04:21:31,875 - INFO - Property 20524984 - publisher.phone: 957950384
2026-01-21 04:21:31,875 - INFO - Final phone for property 20524984: 957950384
2026-01-21 04:21:31,877 - INFO - SUCCESS: Property 20524984 - Phone: 957950384
2026-01-21 04:21:31,881 - INFO - 
[475/1020] Processing property 20515250...
2026-01-21 04:21:31,881 - INFO - Waiting 11.5 seconds before requesting property 20515250...
2026-01-21 04:21:43,419 - INFO - Requesting property 20515250: https://www.fotocasa.es/es/comprar/obra-nueva/barcelona-capital/20515250
2026-01-21 04:21:43,993 - INFO - Property 20515250 - advertiser.phone: 930441306
2026-01-21 04:21:43,993 - INFO - Found promotion ID: afd74ceb-9e66-48a0-9b7e-f753db5fb780, fetching tracking phone...
2026-01-21 04:21:44,559 - WARNING - Failed to get tracking phone for afd74ceb-9e66-48a0-9b7e-f753db5fb780: HTTP 403
2026-01-21 04:21:44,559 - INFO - Property 20515250 - publisher.phone: 930441306
2026-01-21 04:21:44,559 - INFO - Final phone for property 20515250: 930441306
2026-01-21 04:21:44,561 - INFO - SUCCESS: Property 20515250 - Phone: 930441306
2026-01-21 04:21:44,563 - INFO - 
[476/1020] Processing property 20515247...
2026-01-21 04:21:44,564 - INFO - Waiting 11.5 seconds before requesting property 20515247...
2026-01-21 04:21:56,104 - INFO - Requesting property 20515247: https://www.fotocasa.es/es/comprar/obra-nueva/barcelona-capital/20515247
2026-01-21 04:21:56,560 - INFO - Property 20515247 - advertiser.phone: 930441302
2026-01-21 04:21:56,561 - INFO - Found promotion ID: 5b8f7693-b568-4329-845e-27d195bc15fc, fetching tracking phone...
2026-01-21 04:21:57,093 - WARNING - Failed to get tracking phone for 5b8f7693-b568-4329-845e-27d195bc15fc: HTTP 403
2026-01-21 04:21:57,094 - INFO - Property 20515247 - publisher.phone: 930441302
2026-01-21 04:21:57,097 - INFO - Final phone for property 20515247: 930441302
2026-01-21 04:21:57,099 - INFO - SUCCESS: Property 20515247 - Phone: 930441302
2026-01-21 04:21:57,103 - INFO - 
[477/1020] Processing property 20521179...
2026-01-21 04:21:57,103 - INFO - Waiting 13.9 seconds before requesting property 20521179...
2026-01-21 04:22:10,968 - INFO - Requesting property 20521179: https://www.fotocasa.es/es/comprar/obra-nueva/vitoria-gasteiz/20521179
2026-01-21 04:22:11,467 - INFO - Property 20521179 - advertiser.phone: 945340162
2026-01-21 04:22:11,467 - INFO - Found promotion ID: cd59b730-9aa2-46dc-82d4-3a66945a6d3c, fetching tracking phone...
2026-01-21 04:22:12,006 - WARNING - Failed to get tracking phone for cd59b730-9aa2-46dc-82d4-3a66945a6d3c: HTTP 403
2026-01-21 04:22:12,006 - INFO - Property 20521179 - publisher.phone: 945340162
2026-01-21 04:22:12,006 - INFO - Final phone for property 20521179: 945340162
2026-01-21 04:22:12,008 - INFO - SUCCESS: Property 20521179 - Phone: 945340162
2026-01-21 04:22:12,010 - INFO - 
[478/1020] Processing property 20520991...
2026-01-21 04:22:12,010 - INFO - Waiting 11.7 seconds before requesting property 20520991...
2026-01-21 04:22:23,695 - INFO - Requesting property 20520991: https://www.fotocasa.es/es/comprar/obra-nueva/huelva-capital/20520991
2026-01-21 04:22:24,160 - INFO - Property 20520991 - advertiser.phone: 955394692
2026-01-21 04:22:24,160 - INFO - Found promotion ID: fa874e01-a165-4aba-ba84-99ac15f5a7d8, fetching tracking phone...
2026-01-21 04:22:24,637 - WARNING - Failed to get tracking phone for fa874e01-a165-4aba-ba84-99ac15f5a7d8: HTTP 403
2026-01-21 04:22:24,637 - INFO - Property 20520991 - publisher.phone: 955394692
2026-01-21 04:22:24,638 - INFO - Final phone for property 20520991: 955394692
2026-01-21 04:22:24,639 - INFO - SUCCESS: Property 20520991 - Phone: 955394692
2026-01-21 04:22:24,641 - INFO - 
[479/1020] Processing property 20560617...
2026-01-21 04:22:24,641 - INFO - Waiting 12.6 seconds before requesting property 20560617...
2026-01-21 04:22:37,221 - INFO - Requesting property 20560617: https://www.fotocasa.es/es/comprar/obra-nueva/sevilla-capital/20560617
2026-01-21 04:22:37,673 - INFO - Property 20560617 - advertiser.phone: 930443421
2026-01-21 04:22:37,673 - INFO - Found promotion ID: 7aa61e04-88e2-4927-b251-933c49a0d2c0, fetching tracking phone...
2026-01-21 04:22:38,199 - WARNING - Failed to get tracking phone for 7aa61e04-88e2-4927-b251-933c49a0d2c0: HTTP 403
2026-01-21 04:22:38,200 - INFO - Property 20560617 - publisher.phone: 930443421
2026-01-21 04:22:38,200 - INFO - Final phone for property 20560617: 930443421
2026-01-21 04:22:38,202 - INFO - SUCCESS: Property 20560617 - Phone: 930443421
2026-01-21 04:22:38,203 - INFO - 
[480/1020] Processing property 20578985...
2026-01-21 04:22:38,203 - INFO - Waiting 13.9 seconds before requesting property 20578985...
2026-01-21 04:22:52,121 - INFO - Requesting property 20578985: https://www.fotocasa.es/es/comprar/obra-nueva/comillas-(cantabria)/20578985
2026-01-21 04:22:52,596 - INFO - Property 20578985 - advertiser.phone: 942382507
2026-01-21 04:22:52,597 - INFO - Found promotion ID: ab928c20-7632-48f7-bf37-6b10b61d2c56, fetching tracking phone...
2026-01-21 04:22:53,178 - WARNING - Failed to get tracking phone for ab928c20-7632-48f7-bf37-6b10b61d2c56: HTTP 403
2026-01-21 04:22:53,179 - INFO - Property 20578985 - publisher.phone: 942382507
2026-01-21 04:22:53,179 - INFO - Final phone for property 20578985: 942382507
2026-01-21 04:22:53,181 - INFO - SUCCESS: Property 20578985 - Phone: 942382507
2026-01-21 04:22:53,183 - INFO - Progress: 480/1020 (47.1%)
2026-01-21 04:22:53,183 - INFO - Success: 477, Failed: 3
2026-01-21 04:22:53,183 - INFO - Estimated time remaining: 126.2 minutes
2026-01-21 04:22:53,184 - INFO - 
[481/1020] Processing property 20530514...
2026-01-21 04:22:53,184 - INFO - Waiting 11.6 seconds before requesting property 20530514...
2026-01-21 04:23:06,124 - INFO - Requesting property 20530514: https://www.fotocasa.es/es/comprar/obra-nueva/sant-quirze-del-valles/20530514
2026-01-21 04:23:07,329 - INFO - Property 20530514 - advertiser.phone: 930442139
2026-01-21 04:23:07,330 - INFO - Found promotion ID: a2e5f66f-c20d-4dad-a2fb-66c7d34d6853, fetching tracking phone...
2026-01-21 04:23:07,893 - WARNING - Failed to get tracking phone for a2e5f66f-c20d-4dad-a2fb-66c7d34d6853: HTTP 403
2026-01-21 04:23:07,893 - INFO - Property 20530514 - publisher.phone: 930442139
2026-01-21 04:23:07,893 - INFO - Final phone for property 20530514: 930442139
2026-01-21 04:23:07,895 - INFO - SUCCESS: Property 20530514 - Phone: 930442139
2026-01-21 04:23:07,898 - INFO - 
[482/1020] Processing property 20602419...
2026-01-21 04:23:07,898 - INFO - Waiting 10.3 seconds before requesting property 20602419...
2026-01-21 04:23:18,233 - INFO - Requesting property 20602419: https://www.fotocasa.es/es/comprar/obra-nueva/valladolid-capital/20602419
2026-01-21 04:23:18,782 - INFO - Property 20602419 - advertiser.phone: 983980174
2026-01-21 04:23:18,782 - INFO - Found promotion ID: c2c5ca42-2959-406b-91c9-4b701e76ec97, fetching tracking phone...
2026-01-21 04:23:19,240 - WARNING - Failed to get tracking phone for c2c5ca42-2959-406b-91c9-4b701e76ec97: HTTP 403
2026-01-21 04:23:19,240 - INFO - Property 20602419 - publisher.phone: 983980174
2026-01-21 04:23:19,241 - INFO - Final phone for property 20602419: 983980174
2026-01-21 04:23:19,242 - INFO - SUCCESS: Property 20602419 - Phone: 983980174
2026-01-21 04:23:19,244 - INFO - 
[483/1020] Processing property 20513541...
2026-01-21 04:23:19,244 - INFO - Waiting 10.4 seconds before requesting property 20513541...
2026-01-21 04:23:29,636 - INFO - Requesting property 20513541: https://www.fotocasa.es/es/comprar/obra-nueva/almeria-capital/20513541
2026-01-21 04:23:30,161 - INFO - Property 20513541 - advertiser.phone: 950190396
2026-01-21 04:23:30,162 - INFO - Found promotion ID: b64fb8be-551d-4971-8928-0163c4f38d13, fetching tracking phone...
2026-01-21 04:23:30,644 - WARNING - Failed to get tracking phone for b64fb8be-551d-4971-8928-0163c4f38d13: HTTP 403
2026-01-21 04:23:30,645 - INFO - Property 20513541 - publisher.phone: 950190396
2026-01-21 04:23:30,645 - INFO - Final phone for property 20513541: 950190396
2026-01-21 04:23:30,647 - INFO - SUCCESS: Property 20513541 - Phone: 950190396
2026-01-21 04:23:30,651 - INFO - 
[484/1020] Processing property 20521150...
2026-01-21 04:23:30,651 - INFO - Waiting 14.0 seconds before requesting property 20521150...
2026-01-21 04:23:44,677 - INFO - Requesting property 20521150: https://www.fotocasa.es/es/comprar/obra-nueva/vitoria-gasteiz/20521150
2026-01-21 04:23:45,142 - INFO - Property 20521150 - advertiser.phone: 945340162
2026-01-21 04:23:45,143 - INFO - Found promotion ID: aeb7334a-ceff-4884-a2a5-c74d39583e12, fetching tracking phone...
2026-01-21 04:23:45,676 - WARNING - Failed to get tracking phone for aeb7334a-ceff-4884-a2a5-c74d39583e12: HTTP 403
2026-01-21 04:23:45,676 - INFO - Property 20521150 - publisher.phone: 945340162
2026-01-21 04:23:45,676 - INFO - Final phone for property 20521150: 945340162
2026-01-21 04:23:45,677 - INFO - SUCCESS: Property 20521150 - Phone: 945340162
2026-01-21 04:23:45,680 - INFO - 
[485/1020] Processing property 20521000...
2026-01-21 04:23:45,681 - INFO - Waiting 13.6 seconds before requesting property 20521000...
2026-01-21 04:23:59,252 - INFO - Requesting property 20521000: https://www.fotocasa.es/es/comprar/obra-nueva/montequinto/20521000
2026-01-21 04:23:59,732 - INFO - Property 20521000 - advertiser.phone: 955394629
2026-01-21 04:23:59,733 - INFO - Found promotion ID: 4d2a8b0c-52f2-4032-80a7-696384c31d2c, fetching tracking phone...
2026-01-21 04:24:00,396 - WARNING - Failed to get tracking phone for 4d2a8b0c-52f2-4032-80a7-696384c31d2c: HTTP 403
2026-01-21 04:24:00,396 - INFO - Property 20521000 - publisher.phone: 955394629
2026-01-21 04:24:00,397 - INFO - Final phone for property 20521000: 955394629
2026-01-21 04:24:00,398 - INFO - SUCCESS: Property 20521000 - Phone: 955394629
2026-01-21 04:24:00,401 - INFO - 
[486/1020] Processing property 20509525...
2026-01-21 04:24:00,401 - INFO - Waiting 11.9 seconds before requesting property 20509525...
2026-01-21 04:24:12,292 - INFO - Requesting property 20509525: https://www.fotocasa.es/es/comprar/obra-nueva/valladolid-capital/20509525
2026-01-21 04:24:12,748 - INFO - Property 20509525 - advertiser.phone: 983980163
2026-01-21 04:24:12,748 - INFO - Found promotion ID: bbf50a37-58ba-4b99-adcb-156b561143d1, fetching tracking phone...
2026-01-21 04:24:13,323 - WARNING - Failed to get tracking phone for bbf50a37-58ba-4b99-adcb-156b561143d1: HTTP 403
2026-01-21 04:24:13,324 - INFO - Property 20509525 - publisher.phone: 983980163
2026-01-21 04:24:13,324 - INFO - Final phone for property 20509525: 983980163
2026-01-21 04:24:13,325 - INFO - SUCCESS: Property 20509525 - Phone: 983980163
2026-01-21 04:24:13,327 - INFO - 
[487/1020] Processing property 20525186...
2026-01-21 04:24:13,328 - INFO - Waiting 11.3 seconds before requesting property 20525186...
2026-01-21 04:24:24,625 - INFO - Requesting property 20525186: https://www.fotocasa.es/es/comprar/obra-nueva/laguna-de-duero/20525186
2026-01-21 04:24:25,122 - INFO - Property 20525186 - advertiser.phone: 983981074
2026-01-21 04:24:25,122 - INFO - Found promotion ID: 7aae949d-2b77-497d-a7a5-c8ef65c4587a, fetching tracking phone...
2026-01-21 04:24:25,666 - WARNING - Failed to get tracking phone for 7aae949d-2b77-497d-a7a5-c8ef65c4587a: HTTP 403
2026-01-21 04:24:25,666 - INFO - Property 20525186 - publisher.phone: 983981074
2026-01-21 04:24:25,667 - INFO - Final phone for property 20525186: 983981074
2026-01-21 04:24:25,668 - INFO - SUCCESS: Property 20525186 - Phone: 983981074
2026-01-21 04:24:25,670 - INFO - 
[488/1020] Processing property 20523253...
2026-01-21 04:24:25,670 - INFO - Waiting 10.3 seconds before requesting property 20523253...
2026-01-21 04:24:36,003 - INFO - Requesting property 20523253: https://www.fotocasa.es/es/comprar/obra-nueva/terrassa/20523253
2026-01-21 04:24:36,478 - INFO - Property 20523253 - advertiser.phone: 931321608
2026-01-21 04:24:36,478 - INFO - Found promotion ID: f1474d5c-b78f-48b0-bccc-522affc9371c, fetching tracking phone...
2026-01-21 04:24:37,006 - WARNING - Failed to get tracking phone for f1474d5c-b78f-48b0-bccc-522affc9371c: HTTP 403
2026-01-21 04:24:37,006 - INFO - Property 20523253 - publisher.phone: 931321608
2026-01-21 04:24:37,007 - INFO - Final phone for property 20523253: 931321608
2026-01-21 04:24:37,008 - INFO - SUCCESS: Property 20523253 - Phone: 931321608
2026-01-21 04:24:37,010 - INFO - 
[489/1020] Processing property 20526907...
2026-01-21 04:24:37,011 - INFO - Waiting 15.0 seconds before requesting property 20526907...
2026-01-21 04:24:51,968 - INFO - Requesting property 20526907: https://www.fotocasa.es/es/comprar/obra-nueva/madrid-capital/20526907
2026-01-21 04:24:52,487 - INFO - Property 20526907 - advertiser.phone: 910751908
2026-01-21 04:24:52,488 - INFO - Found promotion ID: 3191d47b-941f-4e52-932e-a9744ad2f8ca, fetching tracking phone...
2026-01-21 04:24:53,040 - WARNING - Failed to get tracking phone for 3191d47b-941f-4e52-932e-a9744ad2f8ca: HTTP 403
2026-01-21 04:24:53,041 - INFO - Property 20526907 - publisher.phone: 910751908
2026-01-21 04:24:53,041 - INFO - Final phone for property 20526907: 910751908
2026-01-21 04:24:53,042 - INFO - SUCCESS: Property 20526907 - Phone: 910751908
2026-01-21 04:24:53,046 - INFO - 
[490/1020] Processing property 20518071...
2026-01-21 04:24:53,046 - INFO - Waiting 12.4 seconds before requesting property 20518071...
2026-01-21 04:25:05,447 - INFO - Requesting property 20518071: https://www.fotocasa.es/es/comprar/obra-nueva/valladolid-capital/20518071
2026-01-21 04:25:05,955 - INFO - Property 20518071 - advertiser.phone: 983980178
2026-01-21 04:25:05,955 - INFO - Found promotion ID: 17bdc781-7247-45f6-a0ec-30ac06e27182, fetching tracking phone...
2026-01-21 04:25:06,526 - WARNING - Failed to get tracking phone for 17bdc781-7247-45f6-a0ec-30ac06e27182: HTTP 403
2026-01-21 04:25:06,526 - INFO - Property 20518071 - publisher.phone: 983980178
2026-01-21 04:25:06,526 - INFO - Final phone for property 20518071: 983980178
2026-01-21 04:25:06,528 - INFO - SUCCESS: Property 20518071 - Phone: 983980178
2026-01-21 04:25:06,530 - INFO - Progress: 490/1020 (48.0%)
2026-01-21 04:25:06,531 - INFO - Success: 487, Failed: 3
2026-01-21 04:25:06,531 - INFO - Estimated time remaining: 123.7 minutes
2026-01-21 04:25:06,531 - INFO - 
[491/1020] Processing property 20509521...
2026-01-21 04:25:06,532 - INFO - Waiting 12.6 seconds before requesting property 20509521...
2026-01-21 04:25:19,133 - INFO - Requesting property 20509521: https://www.fotocasa.es/es/comprar/obra-nueva/santa-coloma-de-gramenet/20509521
2026-01-21 04:25:19,539 - INFO - Property 20509521 - advertiser.phone: 932398216
2026-01-21 04:25:19,540 - INFO - Found promotion ID: 14e6298a-fc10-4c76-a282-23b57f676a43, fetching tracking phone...
2026-01-21 04:25:20,070 - WARNING - Failed to get tracking phone for 14e6298a-fc10-4c76-a282-23b57f676a43: HTTP 403
2026-01-21 04:25:20,070 - INFO - Property 20509521 - publisher.phone: 932398216
2026-01-21 04:25:20,070 - INFO - Final phone for property 20509521: 932398216
2026-01-21 04:25:20,072 - INFO - SUCCESS: Property 20509521 - Phone: 932398216
2026-01-21 04:25:20,074 - INFO - 
[492/1020] Processing property 20580712...
2026-01-21 04:25:20,075 - INFO - Waiting 14.2 seconds before requesting property 20580712...
2026-01-21 04:25:34,268 - INFO - Requesting property 20580712: https://www.fotocasa.es/es/comprar/obra-nueva/benidorm/20580712
2026-01-21 04:25:34,704 - INFO - Property 20580712 - advertiser.phone: 865561428
2026-01-21 04:25:34,705 - INFO - Found promotion ID: 76b4ba20-abaf-44c5-83ab-35c54cbf9669, fetching tracking phone...
2026-01-21 04:25:35,142 - WARNING - Failed to get tracking phone for 76b4ba20-abaf-44c5-83ab-35c54cbf9669: HTTP 403
2026-01-21 04:25:35,144 - INFO - Property 20580712 - publisher.phone: 865561428
2026-01-21 04:25:35,144 - INFO - Final phone for property 20580712: 865561428
2026-01-21 04:25:35,145 - INFO - SUCCESS: Property 20580712 - Phone: 865561428
2026-01-21 04:25:35,147 - INFO - 
[493/1020] Processing property 20540398...
2026-01-21 04:25:35,147 - INFO - Waiting 12.6 seconds before requesting property 20540398...
2026-01-21 04:25:47,793 - INFO - Requesting property 20540398: https://www.fotocasa.es/es/comprar/obra-nueva/barcelona-capital/20540398
2026-01-21 04:25:48,259 - INFO - Property 20540398 - advertiser.phone: +34900377025
2026-01-21 04:25:48,259 - INFO - Found promotion ID: c22de8a1-65f0-4725-a0c6-c2f9ce4aeec8, fetching tracking phone...
2026-01-21 04:25:48,762 - INFO - Got tracking phone for promotion c22de8a1-65f0-4725-a0c6-c2f9ce4aeec8: +34900377025
2026-01-21 04:25:48,763 - INFO - Property 20540398 - publisher.phone: +34900377025
2026-01-21 04:25:48,763 - INFO - Final phone for property 20540398: +34900377025
2026-01-21 04:25:48,764 - INFO - SUCCESS: Property 20540398 - Phone: +34900377025
2026-01-21 04:25:48,767 - INFO - 
[494/1020] Processing property 20540336...
2026-01-21 04:25:48,767 - INFO - Waiting 11.7 seconds before requesting property 20540336...
2026-01-21 04:26:00,503 - INFO - Requesting property 20540336: https://www.fotocasa.es/es/comprar/obra-nueva/viladecans/20540336
2026-01-21 04:26:00,925 - INFO - Property 20540336 - advertiser.phone: +34900377025
2026-01-21 04:26:00,925 - INFO - Found promotion ID: f24cd117-bce1-4266-a2c9-8cee1b1565bc, fetching tracking phone...
2026-01-21 04:26:01,359 - INFO - Got tracking phone for promotion f24cd117-bce1-4266-a2c9-8cee1b1565bc: +34900377025
2026-01-21 04:26:01,359 - INFO - Property 20540336 - publisher.phone: +34900377025
2026-01-21 04:26:01,359 - INFO - Final phone for property 20540336: +34900377025
2026-01-21 04:26:01,361 - INFO - SUCCESS: Property 20540336 - Phone: +34900377025
2026-01-21 04:26:01,364 - INFO - 
[495/1020] Processing property 20540265...
2026-01-21 04:26:01,364 - INFO - Waiting 11.5 seconds before requesting property 20540265...
2026-01-21 04:26:12,884 - INFO - Requesting property 20540265: https://www.fotocasa.es/es/comprar/obra-nueva/barcelona-capital/20540265
2026-01-21 04:26:13,367 - INFO - Property 20540265 - advertiser.phone: +34900377025
2026-01-21 04:26:13,368 - INFO - Found promotion ID: 155365a9-ab85-463e-abd7-7e6253e9ce91, fetching tracking phone...
2026-01-21 04:26:13,845 - INFO - Got tracking phone for promotion 155365a9-ab85-463e-abd7-7e6253e9ce91: +34900377025
2026-01-21 04:26:13,845 - INFO - Property 20540265 - publisher.phone: +34900377025
2026-01-21 04:26:13,846 - INFO - Final phone for property 20540265: +34900377025
2026-01-21 04:26:13,847 - INFO - SUCCESS: Property 20540265 - Phone: +34900377025
2026-01-21 04:26:13,849 - INFO - 
[496/1020] Processing property 20523310...
2026-01-21 04:26:13,850 - INFO - Waiting 13.9 seconds before requesting property 20523310...
2026-01-21 04:26:27,782 - INFO - Requesting property 20523310: https://www.fotocasa.es/es/comprar/obra-nueva/dos-hermanas/20523310
2026-01-21 04:26:28,336 - INFO - Property 20523310 - advertiser.phone: 954201703
2026-01-21 04:26:28,336 - INFO - Found promotion ID: 7dbc52ae-d19a-4c39-9145-3778522c3cfc, fetching tracking phone...
2026-01-21 04:26:28,876 - WARNING - Failed to get tracking phone for 7dbc52ae-d19a-4c39-9145-3778522c3cfc: HTTP 403
2026-01-21 04:26:28,877 - INFO - Property 20523310 - publisher.phone: 954201703
2026-01-21 04:26:28,877 - INFO - Final phone for property 20523310: 954201703
2026-01-21 04:26:28,879 - INFO - SUCCESS: Property 20523310 - Phone: 954201703
2026-01-21 04:26:28,882 - INFO - 
[497/1020] Processing property 20515014...
2026-01-21 04:26:28,883 - INFO - Waiting 10.1 seconds before requesting property 20515014...
2026-01-21 04:26:38,977 - INFO - Requesting property 20515014: https://www.fotocasa.es/es/comprar/obra-nueva/palma-de-mallorca/20515014
2026-01-21 04:26:39,533 - INFO - Property 20515014 - advertiser.phone: 971087023
2026-01-21 04:26:39,534 - INFO - Found promotion ID: 9735a824-31bd-4a43-9da7-1daf6514f883, fetching tracking phone...
2026-01-21 04:26:39,978 - WARNING - Failed to get tracking phone for 9735a824-31bd-4a43-9da7-1daf6514f883: HTTP 403
2026-01-21 04:26:40,684 - INFO - Property 20515014 - publisher.phone: 971087023
2026-01-21 04:26:41,095 - INFO - Final phone for property 20515014: 971087023
2026-01-21 04:26:41,221 - INFO - SUCCESS: Property 20515014 - Phone: 971087023
2026-01-21 04:26:41,224 - INFO - 
[498/1020] Processing property 20533134...
2026-01-21 04:26:41,224 - INFO - Waiting 13.1 seconds before requesting property 20533134...
2026-01-21 04:26:54,345 - INFO - Requesting property 20533134: https://www.fotocasa.es/es/comprar/obra-nueva/huelva-capital/20533134
2026-01-21 04:26:55,055 - INFO - Property 20533134 - advertiser.phone: 955394692
2026-01-21 04:26:55,130 - INFO - Found promotion ID: 645785f2-1d6a-4321-957c-10dc544bd49d, fetching tracking phone...
2026-01-21 04:26:55,802 - WARNING - Failed to get tracking phone for 645785f2-1d6a-4321-957c-10dc544bd49d: HTTP 403
2026-01-21 04:26:55,802 - INFO - Property 20533134 - publisher.phone: 955394692
2026-01-21 04:26:55,802 - INFO - Final phone for property 20533134: 955394692
2026-01-21 04:26:55,804 - INFO - SUCCESS: Property 20533134 - Phone: 955394692
2026-01-21 04:26:55,808 - INFO - 
[499/1020] Processing property 20559818...
2026-01-21 04:26:55,808 - INFO - Waiting 11.8 seconds before requesting property 20559818...
2026-01-21 04:27:07,631 - INFO - Requesting property 20559818: https://www.fotocasa.es/es/comprar/obra-nueva/torrent/20559818
2026-01-21 04:27:08,285 - INFO - Property 20559818 - advertiser.phone: 962471396
2026-01-21 04:27:08,286 - INFO - Found promotion ID: 699de59a-17db-4e17-83c6-c200971037f5, fetching tracking phone...
2026-01-21 04:27:08,903 - WARNING - Failed to get tracking phone for 699de59a-17db-4e17-83c6-c200971037f5: HTTP 403
2026-01-21 04:27:08,903 - INFO - Property 20559818 - publisher.phone: 962471396
2026-01-21 04:27:08,903 - INFO - Final phone for property 20559818: 962471396
2026-01-21 04:27:08,906 - INFO - SUCCESS: Property 20559818 - Phone: 962471396
2026-01-21 04:27:08,909 - INFO - 
[500/1020] Processing property 20523307...
2026-01-21 04:27:08,909 - INFO - Waiting 10.1 seconds before requesting property 20523307...
2026-01-21 04:27:18,997 - INFO - Requesting property 20523307: https://www.fotocasa.es/es/comprar/obra-nueva/mijas/20523307
2026-01-21 04:27:19,468 - INFO - Property 20523307 - advertiser.phone: 951348672
2026-01-21 04:27:19,468 - INFO - Found promotion ID: e4c1c774-5691-4a1d-b259-f3695a464d5a, fetching tracking phone...
2026-01-21 04:27:19,920 - WARNING - Failed to get tracking phone for e4c1c774-5691-4a1d-b259-f3695a464d5a: HTTP 403
2026-01-21 04:27:19,921 - INFO - Property 20523307 - publisher.phone: 951348672
2026-01-21 04:27:19,921 - INFO - Final phone for property 20523307: 951348672
2026-01-21 04:27:19,930 - INFO - SUCCESS: Property 20523307 - Phone: 951348672
2026-01-21 04:27:19,935 - INFO - Progress: 500/1020 (49.0%)
2026-01-21 04:27:19,936 - INFO - Success: 497, Failed: 3
2026-01-21 04:27:19,937 - INFO - Estimated time remaining: 121.3 minutes
2026-01-21 04:27:19,941 - INFO - 
[501/1020] Processing property 20564148...
2026-01-21 04:27:19,987 - INFO - Waiting 14.7 seconds before requesting property 20564148...
2026-01-21 04:27:34,660 - INFO - Requesting property 20564148: https://www.fotocasa.es/es/comprar/obra-nueva/alhaurin-de-la-torre/20564148
2026-01-21 04:27:35,140 - INFO - Property 20564148 - advertiser.phone: 951348273
2026-01-21 04:27:35,140 - INFO - Found promotion ID: 7c69d185-888b-4b9d-87ca-4b4676736698, fetching tracking phone...
2026-01-21 04:27:35,689 - WARNING - Failed to get tracking phone for 7c69d185-888b-4b9d-87ca-4b4676736698: HTTP 403
2026-01-21 04:27:35,689 - INFO - Property 20564148 - publisher.phone: 951348273
2026-01-21 04:27:35,689 - INFO - Final phone for property 20564148: 951348273
2026-01-21 04:27:35,691 - INFO - SUCCESS: Property 20564148 - Phone: 951348273
2026-01-21 04:27:35,695 - INFO - 
[502/1020] Processing property 20513540...
2026-01-21 04:27:35,695 - INFO - Waiting 10.5 seconds before requesting property 20513540...
2026-01-21 04:27:46,198 - INFO - Requesting property 20513540: https://www.fotocasa.es/es/comprar/obra-nueva/badajoz-capital/20513540
2026-01-21 04:27:46,714 - INFO - Property 20513540 - advertiser.phone: 924920381
2026-01-21 04:27:46,714 - INFO - Found promotion ID: aa2a6533-5356-46a7-86d6-b15957d0f4f3, fetching tracking phone...
2026-01-21 04:27:47,275 - WARNING - Failed to get tracking phone for aa2a6533-5356-46a7-86d6-b15957d0f4f3: HTTP 403
2026-01-21 04:27:47,275 - INFO - Property 20513540 - publisher.phone: 924920381
2026-01-21 04:27:47,275 - INFO - Final phone for property 20513540: 924920381
2026-01-21 04:27:47,277 - INFO - SUCCESS: Property 20513540 - Phone: 924920381
2026-01-21 04:27:47,279 - INFO - 
[503/1020] Processing property 20530376...
2026-01-21 04:27:47,279 - INFO - Waiting 11.4 seconds before requesting property 20530376...
2026-01-21 04:27:58,636 - INFO - Requesting property 20530376: https://www.fotocasa.es/es/comprar/obra-nueva/granada-capital/20530376
2026-01-21 04:27:59,151 - INFO - Property 20530376 - advertiser.phone: 958911052
2026-01-21 04:27:59,151 - INFO - Found promotion ID: b56ca349-1523-4520-b702-2c224017390d, fetching tracking phone...
2026-01-21 04:27:59,608 - WARNING - Failed to get tracking phone for b56ca349-1523-4520-b702-2c224017390d: HTTP 403
2026-01-21 04:27:59,610 - INFO - Property 20530376 - publisher.phone: 958911052
2026-01-21 04:27:59,635 - INFO - Final phone for property 20530376: 958911052
2026-01-21 04:27:59,641 - INFO - SUCCESS: Property 20530376 - Phone: 958911052
2026-01-21 04:27:59,645 - INFO - 
[504/1020] Processing property 20567832...
2026-01-21 04:27:59,645 - INFO - Waiting 12.1 seconds before requesting property 20567832...
2026-01-21 04:28:11,762 - INFO - Requesting property 20567832: https://www.fotocasa.es/es/comprar/obra-nueva/ponferrada/20567832
2026-01-21 04:28:12,337 - INFO - Property 20567832 - advertiser.phone: 987321783
2026-01-21 04:28:12,378 - INFO - Found promotion ID: 077e468c-562c-4de7-9b8b-667152d75418, fetching tracking phone...
2026-01-21 04:28:13,024 - WARNING - Failed to get tracking phone for 077e468c-562c-4de7-9b8b-667152d75418: HTTP 403
2026-01-21 04:28:13,024 - INFO - Property 20567832 - publisher.phone: 987321783
2026-01-21 04:28:13,025 - INFO - Final phone for property 20567832: 987321783
2026-01-21 04:28:13,026 - INFO - SUCCESS: Property 20567832 - Phone: 987321783
2026-01-21 04:28:13,030 - INFO - 
[505/1020] Processing property 20508520...
2026-01-21 04:28:13,031 - INFO - Waiting 15.0 seconds before requesting property 20508520...
2026-01-21 04:28:28,023 - INFO - Requesting property 20508520: https://www.fotocasa.es/es/comprar/obra-nueva/marbella/20508520
2026-01-21 04:28:28,549 - INFO - Property 20508520 - advertiser.phone: 951348029
2026-01-21 04:28:28,550 - INFO - Found promotion ID: 08195757-f812-46cf-b72f-a0667bb87872, fetching tracking phone...
2026-01-21 04:28:29,188 - WARNING - Failed to get tracking phone for 08195757-f812-46cf-b72f-a0667bb87872: HTTP 403
2026-01-21 04:28:29,188 - INFO - Property 20508520 - publisher.phone: 951348029
2026-01-21 04:28:29,188 - INFO - Final phone for property 20508520: 951348029
2026-01-21 04:28:29,190 - INFO - SUCCESS: Property 20508520 - Phone: 951348029
2026-01-21 04:28:29,192 - INFO - 
[506/1020] Processing property 20509560...
2026-01-21 04:28:29,192 - INFO - Waiting 14.6 seconds before requesting property 20509560...
2026-01-21 04:28:43,836 - INFO - Requesting property 20509560: https://www.fotocasa.es/es/comprar/obra-nueva/celra/20509560
2026-01-21 04:28:44,373 - INFO - Property 20509560 - advertiser.phone: 972084108
2026-01-21 04:28:44,374 - INFO - Found promotion ID: 4904bd99-6b4d-4324-b5b1-49b6acf2636d, fetching tracking phone...
2026-01-21 04:28:44,967 - WARNING - Failed to get tracking phone for 4904bd99-6b4d-4324-b5b1-49b6acf2636d: HTTP 403
2026-01-21 04:28:44,968 - INFO - Property 20509560 - publisher.phone: 972084108
2026-01-21 04:28:44,968 - INFO - Final phone for property 20509560: 972084108
2026-01-21 04:28:44,969 - INFO - SUCCESS: Property 20509560 - Phone: 972084108
2026-01-21 04:28:44,973 - INFO - 
[507/1020] Processing property 20509494...
2026-01-21 04:28:44,973 - INFO - Waiting 10.4 seconds before requesting property 20509494...
2026-01-21 04:28:55,372 - INFO - Requesting property 20509494: https://www.fotocasa.es/es/comprar/obra-nueva/valladolid-capital/20509494
2026-01-21 04:28:55,895 - INFO - Property 20509494 - advertiser.phone: 983980158
2026-01-21 04:28:55,895 - INFO - Found promotion ID: cf754f9d-7e0e-4384-aa6c-060df8b6d08d, fetching tracking phone...
2026-01-21 04:28:56,434 - WARNING - Failed to get tracking phone for cf754f9d-7e0e-4384-aa6c-060df8b6d08d: HTTP 403
2026-01-21 04:28:56,434 - INFO - Property 20509494 - publisher.phone: 983980158
2026-01-21 04:28:56,487 - INFO - Final phone for property 20509494: 983980158
2026-01-21 04:28:56,549 - INFO - SUCCESS: Property 20509494 - Phone: 983980158
2026-01-21 04:28:56,668 - INFO - 
[508/1020] Processing property 20567221...
2026-01-21 04:28:56,668 - INFO - Waiting 14.2 seconds before requesting property 20567221...
2026-01-21 04:29:10,840 - INFO - Requesting property 20567221: https://www.fotocasa.es/es/comprar/obra-nueva/las-rozas-de-madrid/20567221
2026-01-21 04:29:11,612 - INFO - Property 20567221 - advertiser.phone: 910752594
2026-01-21 04:29:11,612 - INFO - Found promotion ID: 20155d2f-30fd-4266-abe5-af00c1e416ca, fetching tracking phone...
2026-01-21 04:29:12,160 - WARNING - Failed to get tracking phone for 20155d2f-30fd-4266-abe5-af00c1e416ca: HTTP 403
2026-01-21 04:29:12,161 - INFO - Property 20567221 - publisher.phone: 910752594
2026-01-21 04:29:12,161 - INFO - Final phone for property 20567221: 910752594
2026-01-21 04:29:12,163 - INFO - SUCCESS: Property 20567221 - Phone: 910752594
2026-01-21 04:29:12,167 - INFO - 
[509/1020] Processing property 20562106...
2026-01-21 04:29:12,170 - INFO - Waiting 13.9 seconds before requesting property 20562106...
2026-01-21 04:29:26,080 - INFO - Requesting property 20562106: https://www.fotocasa.es/es/comprar/obra-nueva/godella/20562106
2026-01-21 04:29:26,545 - INFO - Property 20562106 - advertiser.phone: 954201803
2026-01-21 04:29:26,545 - INFO - Found promotion ID: 88a78576-8711-4674-8b12-0f14b7603c76, fetching tracking phone...
2026-01-21 04:29:27,107 - WARNING - Failed to get tracking phone for 88a78576-8711-4674-8b12-0f14b7603c76: HTTP 403
2026-01-21 04:29:27,114 - INFO - Property 20562106 - publisher.phone: 954201803
2026-01-21 04:29:27,904 - INFO - Final phone for property 20562106: 954201803
2026-01-21 04:29:27,905 - INFO - SUCCESS: Property 20562106 - Phone: 954201803
2026-01-21 04:29:27,908 - INFO - 
[510/1020] Processing property 20561451...
2026-01-21 04:29:27,909 - INFO - Waiting 10.1 seconds before requesting property 20561451...
2026-01-21 04:29:38,054 - INFO - Requesting property 20561451: https://www.fotocasa.es/es/comprar/obra-nueva/alicante-alacant/20561451
2026-01-21 04:29:38,924 - INFO - Property 20561451 - advertiser.phone: 954201803
2026-01-21 04:29:38,925 - INFO - Found promotion ID: dd7f9900-2bd5-4b2b-9fdd-25d5272adef1, fetching tracking phone...
2026-01-21 04:29:39,525 - WARNING - Failed to get tracking phone for dd7f9900-2bd5-4b2b-9fdd-25d5272adef1: HTTP 403
2026-01-21 04:29:39,526 - INFO - Property 20561451 - publisher.phone: 954201803
2026-01-21 04:29:39,550 - INFO - Final phone for property 20561451: 954201803
2026-01-21 04:29:39,552 - INFO - SUCCESS: Property 20561451 - Phone: 954201803
2026-01-21 04:29:39,558 - INFO - Progress: 510/1020 (50.0%)
2026-01-21 04:29:39,561 - INFO - Success: 507, Failed: 3
2026-01-21 04:29:39,562 - INFO - Estimated time remaining: 118.9 minutes
2026-01-21 04:29:39,562 - INFO - 
[511/1020] Processing property 20561310...
2026-01-21 04:29:39,563 - INFO - Waiting 12.7 seconds before requesting property 20561310...
2026-01-21 04:29:52,240 - INFO - Requesting property 20561310: https://www.fotocasa.es/es/comprar/obra-nueva/velez-malaga/20561310
2026-01-21 04:29:52,715 - INFO - Property 20561310 - advertiser.phone: 951349756
2026-01-21 04:29:52,716 - INFO - Found promotion ID: 035347cc-c7c1-423e-81c7-33d8370bf97a, fetching tracking phone...
2026-01-21 04:29:53,244 - WARNING - Failed to get tracking phone for 035347cc-c7c1-423e-81c7-33d8370bf97a: HTTP 403
2026-01-21 04:29:53,245 - INFO - Property 20561310 - publisher.phone: 951349756
2026-01-21 04:29:53,246 - INFO - Final phone for property 20561310: 951349756
2026-01-21 04:29:53,247 - INFO - SUCCESS: Property 20561310 - Phone: 951349756
2026-01-21 04:29:53,249 - INFO - 
[512/1020] Processing property 20560333...
2026-01-21 04:29:53,249 - INFO - Waiting 13.6 seconds before requesting property 20560333...
2026-01-21 04:30:06,871 - INFO - Requesting property 20560333: https://www.fotocasa.es/es/comprar/obra-nueva/las-rozas-de-madrid/20560333
2026-01-21 04:30:07,374 - INFO - Property 20560333 - advertiser.phone: 910752594
2026-01-21 04:30:07,375 - INFO - Found promotion ID: 67ec7ec3-e12a-4908-9e82-60dea143befa, fetching tracking phone...
2026-01-21 04:30:07,810 - WARNING - Failed to get tracking phone for 67ec7ec3-e12a-4908-9e82-60dea143befa: HTTP 403
2026-01-21 04:30:07,810 - INFO - Property 20560333 - publisher.phone: 910752594
2026-01-21 04:30:07,810 - INFO - Final phone for property 20560333: 910752594
2026-01-21 04:30:07,812 - INFO - SUCCESS: Property 20560333 - Phone: 910752594
2026-01-21 04:30:07,815 - INFO - 
[513/1020] Processing property 20560295...
2026-01-21 04:30:07,815 - INFO - Waiting 11.0 seconds before requesting property 20560295...
2026-01-21 04:30:18,841 - INFO - Requesting property 20560295: https://www.fotocasa.es/es/comprar/obra-nueva/madrid-capital/20560295
2026-01-21 04:30:19,339 - INFO - Property 20560295 - advertiser.phone: 910752594
2026-01-21 04:30:19,340 - INFO - Found promotion ID: 3ff38c92-6fe0-4a70-a37a-e88fe2359928, fetching tracking phone...
2026-01-21 04:30:19,782 - WARNING - Failed to get tracking phone for 3ff38c92-6fe0-4a70-a37a-e88fe2359928: HTTP 403
2026-01-21 04:30:19,783 - INFO - Property 20560295 - publisher.phone: 910752594
2026-01-21 04:30:19,783 - INFO - Final phone for property 20560295: 910752594
2026-01-21 04:30:19,784 - INFO - SUCCESS: Property 20560295 - Phone: 910752594
2026-01-21 04:30:19,787 - INFO - 
[514/1020] Processing property 20558631...
2026-01-21 04:30:19,787 - INFO - Waiting 11.1 seconds before requesting property 20558631...
